region_code,line_code,station_code,station_name_ja,station_name_ko,wikidata_id,match_status,match_evidence,source
0,1,1,東京,도쿄역,Q283196,matched_station_line,station_name_only,Wikidata CC0
0,1,2,有楽町,유라쿠초역,Q801655,matched_station_line,station_name_only,Wikidata CC0
0,1,4,浜松町,하마마쓰초역,Q800873,matched_station_line,station_name_only,Wikidata CC0
0,1,5,田町,다마치역,Q801510,matched_station_line,station_name+line:東海道本線,Wikidata CC0
0,1,6,高輪ゲートウェイ,다카나와 게이트웨이역,Q38278207,matched_station_line,station_name+line:東海道本線,Wikidata CC0
0,1,7,品川,시나가와역,Q801442,matched_station_line,station_name_only,Wikidata CC0
0,1,8,大井町,오이마치역,Q801690,matched_station_line,station_name+line:東海道本線,Wikidata CC0
0,1,9,大森,오모리역,Q80420,matched_station_line,station_name+line:東海道本線,Wikidata CC0
0,1,11,蒲田,가마타 역 (도쿄 도),Q800981,matched_station_line,station_name+line:東海道本線,Wikidata CC0
0,1,13,川崎,가와사키역,Q80562,matched_station_line,station_name+line:東海道本線,Wikidata CC0
0,1,14,鶴見,쓰루미역,Q128164,matched_station_line,station_name+line:東海道本線,Wikidata CC0
0,1,16,新子安,신코야스역,Q128314,matched_station_line,station_name+line:東海道本線,Wikidata CC0
0,1,17,東神奈川,히가시카나가와역,Q128205,matched_station_line,station_name+line:東海道本線,Wikidata CC0
0,1,18,横浜,요코하마역,Q801658,matched_station_line,station_name_only,Wikidata CC0
0,1,20,保土ケ谷,호도가야역,Q844185,matched_station_line,station_name+line:東海道本線,Wikidata CC0
0,1,21,東戸塚,히가시토쓰카역,Q844252,matched_station_line,station_name+line:東海道本線,Wikidata CC0
0,1,22,戸塚,도쓰카역,Q801522,matched_station_line,station_name_only,Wikidata CC0
0,1,24,大船,오후나역,Q1143863,matched_station_line,station_name+line:東海道本線,Wikidata CC0
0,1,25,藤沢,후지사와역,Q1133110,matched_station_line,station_name+line:東海道本線,Wikidata CC0
0,1,26,辻堂,쓰지도역,Q1049779,matched_station_line,station_name+line:東海道本線,Wikidata CC0
0,1,27,茅ケ崎,지가사키역,Q800622,matched_station_line,station_name+line:東海道本線,Wikidata CC0
0,1,29,平塚,히라쓰카역,Q372513,matched_station_line,station_name+line:東海道本線,Wikidata CC0
0,1,30,大磯,오이소역,Q865175,matched_station_line,station_name+line:東海道本線,Wikidata CC0
0,1,32,二宮,니노미야역,Q511262,matched_station_line,station_name+line:東海道本線,Wikidata CC0
0,1,33,国府津,고즈역,Q865280,matched_station_line,station_name+line:東海道本線,Wikidata CC0
0,1,34,鴨宮,가모노미야역,Q865791,matched_station_line,station_name+line:東海道本線,Wikidata CC0
0,1,35,小田原,오다와라역,Q801290,matched_station_line,station_name+line:東海道新幹線,Wikidata CC0
0,1,37,早川,하야카와역,Q865781,matched_station_line,station_name+line:東海道本線,Wikidata CC0
0,1,38,根府川,네부카와역,Q865785,matched_station_line,station_name+line:東海道本線,Wikidata CC0
0,1,40,真鶴,마나즈루역,Q865802,matched_station_line,station_name+line:東海道本線,Wikidata CC0
0,1,41,湯河原,유가와라역,Q841936,matched_station_line,station_name+line:東海道本線,Wikidata CC0
0,1,43,熱海,아타미역,Q800412,matched_station_line,station_name+line:東海道新幹線,Wikidata CC0
0,1,51,函南,간나미역,Q852321,matched_station_line,station_name+line:東海道本線,Wikidata CC0
0,1,53,三島,미시마역,Q375061,matched_station_line,station_name+line:東海道新幹線,Wikidata CC0
0,1,55,沼津,누마즈역,Q870594,matched_station_line,station_name+line:東海道本線,Wikidata CC0
0,1,56,片浜,가타하마역,Q870836,matched_station_line,station_name+line:東海道本線,Wikidata CC0
0,1,57,原,하라역,Q871556,matched_station_line,station_name+line:東海道本線,Wikidata CC0
0,1,59,東田子の浦,히가시타고노우라역,Q871507,matched_station_line,station_name+line:東海道線 (静岡地区),Wikidata CC0
0,1,60,吉原,요시와라역,Q870968,matched_station_line,station_name+line:東海道本線,Wikidata CC0
0,1,62,富士,후지역,Q871632,matched_station_line,station_name+line:東海道本線,Wikidata CC0
0,1,64,富士川,후지카와역,Q871702,matched_station_line,station_name+line:東海道本線,Wikidata CC0
0,1,65,新蒲原,신칸바라역,Q871526,matched_station_line,station_name+line:東海道線 (静岡地区),Wikidata CC0
0,1,66,蒲原,간바라역,Q1053150,matched_station_line,station_name+line:東海道本線,Wikidata CC0
0,1,67,由比,유이역,Q871110,matched_station_line,station_name+line:東海道本線,Wikidata CC0
0,1,69,興津,오키쓰역,Q1046905,matched_station_line,station_name+line:東海道線 (静岡地区),Wikidata CC0
0,1,71,清水,시미즈역,Q863065,matched_station_line,station_name+line:東海道本線,Wikidata CC0
0,1,73,草薙,구사나기역,Q871079,matched_station_line,station_name+line:東海道線 (静岡地区),Wikidata CC0
0,1,75,東静岡,히가시시즈오카역,Q863442,matched_station_line,station_name+line:東海道本線,Wikidata CC0
0,1,76,静岡,시즈오카역,Q801440,matched_station_line,station_name+line:東海道新幹線,Wikidata CC0
0,1,78,安倍川,아베카와역,Q871497,matched_station_line,station_name+line:東海道本線,Wikidata CC0
0,1,79,用宗,모치무네역,Q872051,matched_station_line,station_name+line:東海道本線,Wikidata CC0
0,1,81,焼津,야이즈역,Q871841,matched_station_line,station_name+line:東海道本線,Wikidata CC0
0,1,82,西焼津,니시야이즈역,Q870627,matched_station_line,station_name+line:東海道本線,Wikidata CC0
0,1,83,藤枝,후지에다역,Q871871,matched_station_line,station_name+line:東海道線 (静岡地区),Wikidata CC0
0,1,85,六合,로쿠고역,Q872006,matched_station_line,station_name+line:東海道線 (静岡地区),Wikidata CC0
0,1,86,島田,시마다역,Q872499,matched_station_line,station_name+line:東海道本線,Wikidata CC0
0,1,88,金谷,가나야역,Q871116,matched_station_line,station_name+line:東海道本線,Wikidata CC0
0,1,90,菊川,기쿠가와역,Q871521,matched_station_line,station_name+line:東海道本線,Wikidata CC0
0,1,92,掛川,가케가와역,Q800978,matched_station_line,station_name+line:東海道新幹線,Wikidata CC0
0,1,93,愛野,아이노역,Q871135,matched_station_line,station_name+line:東海道本線,Wikidata CC0
0,1,94,袋井,후쿠로이역,Q871711,matched_station_line,station_name+line:東海道本線,Wikidata CC0
0,1,95,御厨,미쿠리야역,Q65267537,matched_station_line,station_name+line:東海道本線,Wikidata CC0
0,1,96,磐田,이와타역,Q862970,matched_station_line,station_name+line:東海道本線,Wikidata CC0
0,1,97,豊田町,도요다초역,Q871482,matched_station_line,station_name+line:東海道本線,Wikidata CC0
0,1,98,天竜川,덴류가와역,Q871509,matched_station_line,station_name+line:東海道本線,Wikidata CC0
0,1,100,浜松,하마마쓰역,Q603640,matched_station_line,station_name+line:東海道新幹線,Wikidata CC0
0,1,102,高塚,다카쓰카역,Q871086,matched_station_line,station_name+line:東海道本線,Wikidata CC0
0,1,104,舞阪,마이사카역,Q871787,matched_station_line,station_name+line:東海道線 (静岡地区),Wikidata CC0
0,1,105,弁天島,벤텐지마역,Q870946,matched_station_line,station_name+line:東海道本線,Wikidata CC0
0,1,106,新居町,아라이마치역,Q871856,matched_station_line,station_name+line:東海道本線,Wikidata CC0
0,1,107,鷲津,와시즈역,Q871417,matched_station_line,station_name+line:東海道本線,Wikidata CC0
0,1,109,新所原,신조하라역,Q872044,matched_station_line,station_name+line:東海道本線,Wikidata CC0
0,1,110,二川,후타가와역,Q872067,matched_station_line,station_name+line:東海道本線,Wikidata CC0
0,1,112,豊橋,도요하시역,Q771465,matched_station_line,station_name+line:東海道新幹線,Wikidata CC0
0,1,114,西小坂井,니시코자카이역,Q871834,matched_station_line,station_name+line:東海道本線,Wikidata CC0
0,1,115,愛知御津,아이치미토역,Q872467,matched_station_line,station_name+line:東海道線 (名古屋地区),Wikidata CC0
0,1,116,三河大塚,미카와오쓰카역,Q872059,matched_station_line,station_name+line:東海道線 (名古屋地区),Wikidata CC0
0,1,117,三河三谷,미카와미야역,Q871567,matched_station_line,station_name+line:東海道線 (名古屋地区),Wikidata CC0
0,1,118,蒲郡,가마고리역,Q871962,matched_station_line,station_name+line:東海道本線,Wikidata CC0
0,1,119,三河塩津,미카와시오쓰역,Q871647,matched_station_line,station_name+line:東海道線 (名古屋地区),Wikidata CC0
0,1,120,三ケ根,산가네역,Q871473,matched_station_line,station_name+line:東海道線 (名古屋地区),Wikidata CC0
0,1,121,幸田,고다역,Q870921,matched_station_line,station_name+line:東海道本線,Wikidata CC0
0,1,122,相見,아이미역,Q900229,matched_station_line,station_name+line:東海道線 (名古屋地区),Wikidata CC0
0,1,124,岡崎,오카자키역,Q872492,matched_station_line,station_name+line:東海道本線,Wikidata CC0
0,1,125,西岡崎,니시오카자키역,Q871748,matched_station_line,station_name+line:東海道線 (名古屋地区),Wikidata CC0
0,1,126,安城,안조역,Q257359,matched_station_line,station_name+line:東海道本線,Wikidata CC0
0,1,127,三河安城,미카와안조역,Q578691,matched_station_line,station_name+line:東海道新幹線,Wikidata CC0
0,1,128,東刈谷,히가시카리야역,Q871661,matched_station_line,station_name+line:東海道本線,Wikidata CC0
0,1,129,野田新町,노다신마치역,Q871890,matched_station_line,station_name+line:東海道本線,Wikidata CC0
0,1,130,刈谷,가리야역,Q871055,matched_station_line,station_name+line:東海道本線,Wikidata CC0
0,1,131,逢妻,아이즈마역,Q871545,matched_station_line,station_name+line:東海道本線,Wikidata CC0
0,1,132,大府,오부역,Q871001,matched_station_line,station_name+line:東海道本線,Wikidata CC0
0,1,134,共和,교와역,Q871778,matched_station_line,station_name+line:東海道本線,Wikidata CC0
0,1,135,南大高,미나미오다카역,Q871178,matched_station_line,station_name+line:東海道本線,Wikidata CC0
0,1,136,大高,오다카역,Q871424,matched_station_line,station_name+line:東海道本線,Wikidata CC0
0,1,138,笠寺,가사데라역,Q871119,matched_station_line,station_name+line:東海道本線,Wikidata CC0
0,1,140,熱田,아쓰타역,Q871814,matched_station_line,station_name+line:東海道本線,Wikidata CC0
0,1,142,尾頭橋,오토바시역,Q871489,matched_station_line,station_name+line:東海道本線,Wikidata CC0
0,1,144,名古屋,나고야역,Q49381,matched_station_line,station_name_only,Wikidata CC0
0,1,146,枇杷島,비와지마역,Q870976,matched_station_line,station_name+line:東海道本線,Wikidata CC0
0,1,148,清洲,기요스역,Q871009,matched_station_line,station_name+line:東海道本線,Wikidata CC0
0,1,150,稲沢,이나자와역,Q871766,matched_station_line,station_name+line:東海道本線,Wikidata CC0
0,1,153,尾張一宮,오와리이치노미야역,Q871495,matched_station_line,station_name+line:東海道本線,Wikidata CC0
0,1,155,木曽川,기소가와역,Q871019,matched_station_line,station_name+line:東海道線 (名古屋地区),Wikidata CC0
0,1,158,岐阜,기후역,Q1144885,matched_station_line,station_name+line:東海道本線,Wikidata CC0
0,1,159,西岐阜,니시기후역,Q1056585,matched_station_line,station_name+line:東海道本線,Wikidata CC0
0,1,161,穂積,호즈미역,Q871149,matched_station_line,station_name+line:東海道本線,Wikidata CC0
0,1,163,大垣,오가키역,Q871579,matched_station_line,station_name+line:東海道本線,Wikidata CC0
0,1,166,垂井,다루이역,Q771019,matched_station_line,station_name+line:東海道本線,Wikidata CC0
0,1,168,関ケ原,세키가하라역,Q872034,matched_station_line,station_name+line:東海道本線,Wikidata CC0
0,1,170,柏原,가시와바라역,Q871139,matched_station_line,station_name+line:東海道線 (名古屋地区),Wikidata CC0
0,1,171,近江長岡,오미나가오카역,Q872483,matched_station_line,station_name+line:東海道本線,Wikidata CC0
0,1,173,醒ケ井,사메가이역,Q870959,matched_station_line,station_name+line:東海道本線,Wikidata CC0
0,1,175,米原,마이바라역,Q801158,matched_station_line,station_name+line:東海道新幹線,Wikidata CC0
0,1,177,彦根,히코네역,Q1131151,matched_station_line,station_name+line:東海道本線,Wikidata CC0
0,1,178,南彦根,미나미히코네역,Q1042827,matched_station_line,station_name+line:東海道本線,Wikidata CC0
0,1,179,河瀬,가와세역,Q614782,matched_station_line,station_name+line:東海道本線,Wikidata CC0
0,1,181,稲枝,이나에역,Q1042954,matched_station_line,station_name+line:東海道本線,Wikidata CC0
0,1,182,能登川,노토가와역,Q1042348,matched_station_line,station_name+line:東海道本線,Wikidata CC0
0,1,184,安土,아즈치역,Q649689,matched_station_line,station_name+line:東海道本線,Wikidata CC0
0,1,186,近江八幡,오미하치만역,Q1042782,matched_station_line,station_name+line:東海道本線,Wikidata CC0
0,1,188,篠原,시노하라역,Q1042696,matched_station_line,station_name+line:東海道本線,Wikidata CC0
0,1,190,野洲,야스역,Q1042474,matched_station_line,station_name+line:東海道本線,Wikidata CC0
0,1,192,守山,모리야마역,Q1042787,matched_station_line,station_name+line:東海道本線,Wikidata CC0
0,1,193,栗東,릿토역,Q1042673,matched_station_line,station_name+line:東海道本線,Wikidata CC0
0,1,194,草津,구사쓰역,Q775813,matched_station_line,station_name+line:東海道本線,Wikidata CC0
0,1,195,南草津,미나미쿠사쓰역,Q1042831,matched_station_line,station_name+line:東海道本線,Wikidata CC0
0,1,197,瀬田,세타역,Q1042966,matched_station_line,station_name+line:東海道本線,Wikidata CC0
0,1,198,石山,이시야마역,Q740087,matched_station_line,station_name+line:東海道本線,Wikidata CC0
0,1,199,膳所,제제역,Q1042692,matched_station_line,station_name+line:東海道本線,Wikidata CC0
0,1,200,大津,오쓰역,Q1042976,matched_station_line,station_name+line:東海道本線,Wikidata CC0
0,1,202,山科,야마시나역,Q1073287,matched_station_line,station_name_only,Wikidata CC0
0,1,204,京都,교토역,Q801046,matched_station_line,station_name_only,Wikidata CC0
0,1,205,西大路,니시오지역,Q1071821,matched_station_line,station_name+line:東海道本線,Wikidata CC0
0,1,207,桂川,가쓰라가와역,Q1071814,matched_station_line,station_name+line:東海道本線,Wikidata CC0
0,1,208,向日町,무코마치역,Q1037060,matched_station_line,station_name+line:東海道本線,Wikidata CC0
0,1,210,長岡京,나가오카쿄역,Q780734,matched_station_line,station_name+line:東海道本線,Wikidata CC0
0,1,213,山崎,야마자키역,Q1037335,matched_station_line,station_name+line:東海道本線,Wikidata CC0
0,1,214,島本,시마모토역,Q1037054,matched_station_line,station_name+line:東海道本線,Wikidata CC0
0,1,216,高槻,다카쓰키역,Q1071995,matched_station_line,station_name+line:東海道本線,Wikidata CC0
0,1,219,摂津富田,셋쓰톤다역,Q59513,matched_station_line,station_name+line:東海道本線,Wikidata CC0
0,1,220,JR総持寺,JR소지지역,Q11226302,matched_station_line,station_name+line:東海道本線,Wikidata CC0
0,1,221,茨木,이바라키역,Q1072931,matched_station_line,station_name+line:東海道本線,Wikidata CC0
0,1,224,千里丘,센리오카역,Q59511,matched_station_line,station_name+line:東海道本線,Wikidata CC0
0,1,225,岸辺,기시베역,Q59515,matched_station_line,station_name+line:東海道本線,Wikidata CC0
0,1,226,吹田,스이타역,Q59351,matched_station_line,station_name+line:東海道本線,Wikidata CC0
0,1,229,東淀川,히가시요도가와역,Q1195539,matched_station_line,station_name+line:東海道本線,Wikidata CC0
0,1,230,新大阪,신오사카역,Q801438,matched_station_line,station_name_only,Wikidata CC0
0,1,232,大阪,오사카역,Q801694,matched_station_line,station_name+line:東海道本線,Wikidata CC0
0,1,234,塚本,쓰카모토역,Q1072858,matched_station_line,station_name+line:東海道本線,Wikidata CC0
0,1,236,尼崎,아마가사키역,Q1151109,matched_station_line,station_name+line:東海道本線,Wikidata CC0
0,1,238,立花,다치바나역,Q1038095,matched_station_line,station_name+line:東海道本線,Wikidata CC0
0,1,239,甲子園口,고시엔구치역,Q1073423,matched_station_line,station_name+line:東海道本線,Wikidata CC0
0,1,241,西宮,니시노미야역,Q1038072,matched_station_line,station_name+line:東海道本線,Wikidata CC0
0,1,242,さくら夙川,사쿠라슈쿠가와역,Q1041960,matched_station_line,station_name+line:東海道本線,Wikidata CC0
0,1,243,芦屋,아시야역,Q1155425,matched_station_line,station_name+line:東海道本線,Wikidata CC0
0,1,244,甲南山手,고난야마테역,Q1042463,matched_station_line,station_name+line:東海道本線,Wikidata CC0
0,1,246,摂津本山,셋쓰모토야마역,Q1042797,matched_station_line,station_name+line:東海道本線,Wikidata CC0
0,1,247,住吉,스미요시역,Q1131199,matched_station_line,station_name+line:東海道本線,Wikidata CC0
0,1,248,六甲道,롯코미치역,Q1042660,matched_station_line,station_name+line:東海道本線,Wikidata CC0
0,1,249,摩耶,히가시나다 신호장,Q21065663,matched_station_line,station_name+line:東海道本線,Wikidata CC0
0,1,250,灘,나다역,Q592339,matched_station_line,station_name+line:東海道本線,Wikidata CC0
0,1,252,元町,모토마치역,Q59520,matched_station_line,station_name+line:東海道本線,Wikidata CC0
0,1,253,神戸,고베역,Q1072984,matched_station_line,station_name+line:東海道本線,Wikidata CC0
0,2,1,東京,도쿄역,Q283196,matched_station_line,station_name_only,Wikidata CC0
0,2,2,神田,간다역,Q800989,matched_station_line,station_name_only,Wikidata CC0
0,2,3,秋葉原,아키하바라역,Q800374,matched_station_line,station_name_only,Wikidata CC0
0,2,4,御徒町,오카치마치역,Q801296,matched_station_line,station_name+line:東北本線,Wikidata CC0
0,2,6,上野,우에노역,Q801551,matched_station_line,station_name_only,Wikidata CC0
0,2,7,鶯谷,우구이스다니역,Q801546,matched_station_line,station_name+line:東北本線,Wikidata CC0
0,2,8,日暮里,닛포리역,Q801262,matched_station_line,station_name_only,Wikidata CC0
0,2,9,西日暮里,니시닛포리역,Q636845,matched_station_line,station_name_only,Wikidata CC0
0,2,11,田端,다바타 역 (도쿄 도),Q801503,matched_station_line,station_name+line:東北本線,Wikidata CC0
0,2,12,上中里,가미나카자토역,Q910858,matched_station_line,station_name+line:東北本線,Wikidata CC0
0,2,13,王子,오지역,Q801689,matched_station_line,station_name+line:東北本線,Wikidata CC0
0,2,14,東十条,히가시주조역,Q800919,matched_station_line,station_name+line:東北本線,Wikidata CC0
0,2,16,赤羽,아카바네역,Q800369,matched_station_line,station_name+line:東北本線,Wikidata CC0
0,2,17,川口,가와구치역,Q735498,matched_station_line,station_name+line:東北本線,Wikidata CC0
0,2,18,西川口,니시카와구치역,Q801258,matched_station_line,station_name+line:東北本線,Wikidata CC0
0,2,19,蕨,와라비역,Q786349,matched_station_line,station_name+line:東北本線,Wikidata CC0
0,2,21,南浦和,미나미우라와역,Q268540,matched_station_line,station_name+line:東北本線,Wikidata CC0
0,2,22,浦和,우라와역,Q652141,matched_station_line,station_name+line:東北本線,Wikidata CC0
0,2,23,北浦和,기타우라와역,Q801021,matched_station_line,station_name+line:東北本線,Wikidata CC0
0,2,24,与野,요노역,Q801652,matched_station_line,station_name+line:東北本線,Wikidata CC0
0,2,25,さいたま新都心,사이타마신토신역,Q801393,matched_station_line,station_name+line:東北本線,Wikidata CC0
0,2,27,土呂,도로역,Q857902,matched_station_line,station_name+line:東北本線,Wikidata CC0
0,2,28,東大宮,히가시오미야역,Q861532,matched_station_line,station_name+line:東北本線,Wikidata CC0
0,2,30,蓮田,하스다역,Q872705,matched_station_line,station_name+line:東北本線,Wikidata CC0
0,2,32,白岡,시라오카역,Q873198,matched_station_line,station_name+line:東北本線,Wikidata CC0
0,2,33,新白岡,신시라오카역,Q874047,matched_station_line,station_name+line:東北本線,Wikidata CC0
0,2,34,久喜,구키역,Q843719,matched_station_line,station_name+line:東北本線,Wikidata CC0
0,2,35,東鷲宮,히가시와시노미야역,Q845454,matched_station_line,station_name+line:東北本線,Wikidata CC0
0,2,36,栗橋,구리하시역,Q846796,matched_station_line,station_name+line:東北本線,Wikidata CC0
0,2,38,古河,고가역,Q861558,matched_station_line,station_name+line:東北本線,Wikidata CC0
0,2,39,野木,노기역,Q861563,matched_station_line,station_name+line:東北本線,Wikidata CC0
0,2,40,間々田,마마다역,Q873320,matched_station_line,station_name+line:東北本線,Wikidata CC0
0,2,42,小山,오야마역,Q801312,matched_station_line,station_name+line:東北本線,Wikidata CC0
0,2,44,小金井,고가네이역,Q861505,matched_station_line,station_name+line:東北本線,Wikidata CC0
0,2,45,自治医大,지치이다이역,Q873156,matched_station_line,station_name+line:東北本線,Wikidata CC0
0,2,46,石橋,이시바시역,Q872787,matched_station_line,station_name+line:東北本線,Wikidata CC0
0,2,48,雀宮,스즈메노미야역,Q872950,matched_station_line,station_name+line:東北本線,Wikidata CC0
0,2,50,宇都宮,우쓰노미야역,Q801549,matched_station_line,station_name+line:東北本線,Wikidata CC0
0,2,52,岡本,오카모토역,Q873979,matched_station_line,station_name+line:東北本線,Wikidata CC0
0,2,53,宝積寺,호샤쿠지역,Q872554,matched_station_line,station_name+line:東北本線,Wikidata CC0
0,2,54,氏家,우지이에역,Q872732,matched_station_line,station_name+line:東北本線,Wikidata CC0
0,2,55,蒲須坂,가마스사카역,Q872618,matched_station_line,station_name+line:東北本線,Wikidata CC0
0,2,57,片岡,가타오카역,Q873013,matched_station_line,station_name+line:東北本線,Wikidata CC0
0,2,58,矢板,야이타역,Q872871,matched_station_line,station_name+line:東北本線,Wikidata CC0
0,2,59,野崎,노자키역,Q872751,matched_station_line,station_name+line:東北本線,Wikidata CC0
0,2,60,西那須野,니시나스노역,Q872877,matched_station_line,station_name+line:東北本線,Wikidata CC0
0,2,62,那須塩原,나스시오바라역,Q369523,matched_station_line,station_name+line:東北本線,Wikidata CC0
0,2,63,黒磯,구로이소역,Q843174,matched_station_line,station_name+line:東北本線,Wikidata CC0
0,2,64,高久,다카쿠역,Q872928,matched_station_line,station_name+line:東北本線,Wikidata CC0
0,2,65,黒田原,구로다하라역,Q873269,matched_station_line,station_name+line:東北本線,Wikidata CC0
0,2,67,豊原,도요하라역,Q872944,matched_station_line,station_name+line:東北本線,Wikidata CC0
0,2,68,白坂,시라사카역,Q873003,matched_station_line,station_name+line:東北本線,Wikidata CC0
0,2,69,新白河,신시라카와역,Q1136381,matched_station_line,station_name+line:東北本線,Wikidata CC0
0,2,70,白河,시라카와역,Q872774,matched_station_line,station_name+line:東北本線,Wikidata CC0
0,2,72,久田野,구타노역,Q873174,matched_station_line,station_name+line:東北本線,Wikidata CC0
0,2,73,泉崎,이즈미자키역,Q873238,matched_station_line,station_name+line:東北本線,Wikidata CC0
0,2,74,矢吹,야부키역,Q875942,matched_station_line,station_name+line:東北本線,Wikidata CC0
0,2,75,鏡石,가가미이시역,Q874040,matched_station_line,station_name+line:東北本線,Wikidata CC0
0,2,77,須賀川,스카가와역,Q876991,matched_station_line,station_name+line:東北本線,Wikidata CC0
0,2,78,安積永盛,아사카나가모리역,Q876716,matched_station_line,station_name+line:東北本線,Wikidata CC0
0,2,79,郡山,고리야마역,Q385879,matched_station_line,station_name+line:東北本線,Wikidata CC0
0,2,80,日和田,히와다역,Q874097,matched_station_line,station_name+line:東北本線,Wikidata CC0
0,2,82,五百川,고햐쿠가와역,Q876966,matched_station_line,station_name+line:東北本線,Wikidata CC0
0,2,83,本宮,모토미야역,Q873962,matched_station_line,station_name+line:東北本線,Wikidata CC0
0,2,84,杉田,스기타역,Q873973,matched_station_line,station_name+line:東北本線,Wikidata CC0
0,2,85,二本松,니혼마쓰역,Q874110,matched_station_line,station_name+line:東北本線,Wikidata CC0
0,2,87,安達,아다치역,Q874853,matched_station_line,station_name+line:東北本線,Wikidata CC0
0,2,88,松川,마쓰카와역,Q874011,matched_station_line,station_name+line:東北本線,Wikidata CC0
0,2,89,金谷川,가나야가와역,Q874004,matched_station_line,station_name+line:東北本線,Wikidata CC0
0,2,91,南福島,미나미후쿠시마역,Q874869,matched_station_line,station_name+line:東北本線,Wikidata CC0
0,2,92,福島,후쿠시마 역 (후쿠시마 현),Q800799,matched_station_line,station_name+line:東北新幹線,Wikidata CC0
0,2,94,東福島,히가시후쿠시마역,Q874513,matched_station_line,station_name+line:東北本線,Wikidata CC0
0,2,95,伊達,다테역,Q874143,matched_station_line,station_name+line:東北本線,Wikidata CC0
0,2,96,桑折,고오리역,Q873996,matched_station_line,station_name+line:東北本線,Wikidata CC0
0,2,97,藤田,후지타역,Q874847,matched_station_line,station_name+line:東北本線,Wikidata CC0
0,2,99,貝田,가이다역,Q873989,matched_station_line,station_name+line:東北本線,Wikidata CC0
0,2,100,越河,고스고역,Q898860,matched_station_line,station_name+line:東北本線,Wikidata CC0
0,2,102,白石,시로이시역,Q899108,matched_station_line,station_name+line:東北本線,Wikidata CC0
0,2,103,東白石,히가시시로이시역,Q898818,matched_station_line,station_name+line:東北本線,Wikidata CC0
0,2,104,北白川,기타시라카와역,Q898890,matched_station_line,station_name+line:東北本線,Wikidata CC0
0,2,105,大河原,오가와라역,Q898831,matched_station_line,station_name+line:東北本線,Wikidata CC0
0,2,107,船岡,후나오카역,Q1014134,matched_station_line,station_name+line:東北本線,Wikidata CC0
0,2,108,槻木,쓰키노키역,Q899014,matched_station_line,station_name+line:東北本線,Wikidata CC0
0,2,109,岩沼,이와누마역,Q899186,matched_station_line,station_name+line:東北本線,Wikidata CC0
0,2,110,館腰,다테코시역,Q899090,matched_station_line,station_name+line:東北本線,Wikidata CC0
0,2,111,名取,나토리역,Q841593,matched_station_line,station_name+line:東北本線,Wikidata CC0
0,2,112,南仙台,미나미센다이역,Q899045,matched_station_line,station_name+line:東北本線,Wikidata CC0
0,2,113,太子堂,다이시도역,Q898884,matched_station_line,station_name+line:東北本線,Wikidata CC0
0,2,114,長町,나가마치역,Q843033,matched_station_line,station_name+line:東北本線,Wikidata CC0
0,2,115,仙台,센다이 역 (미야기 현),Q801429,matched_station_line,station_name_only,Wikidata CC0
0,2,117,東仙台,히가시센다이역,Q899052,matched_station_line,station_name+line:東北本線,Wikidata CC0
0,2,118,岩切,이와키리역,Q898930,matched_station_line,station_name+line:東北本線,Wikidata CC0
0,2,119,陸前山王,리쿠젠산노역,Q899178,matched_station_line,station_name+line:東北本線,Wikidata CC0
0,2,120,国府多賀城,고쿠후타가조역,Q898924,matched_station_line,station_name+line:東北本線,Wikidata CC0
0,2,121,塩釜,시오가마역,Q899153,matched_station_line,station_name+line:東北本線,Wikidata CC0
0,2,122,松島,마쓰시마역,Q898773,matched_station_line,station_name+line:東北本線,Wikidata CC0
0,2,123,愛宕,아타고역,Q899118,matched_station_line,station_name+line:東北本線,Wikidata CC0
0,2,124,品井沼,시나이누마역,Q899069,matched_station_line,station_name+line:東北本線,Wikidata CC0
0,2,126,鹿島台,가시마다이역,Q899018,matched_station_line,station_name+line:東北本線,Wikidata CC0
0,2,127,松山町,마쓰야마마치역,Q899156,matched_station_line,station_name+line:東北本線,Wikidata CC0
0,2,128,小牛田,고고타역,Q899134,matched_station_line,station_name+line:東北本線,Wikidata CC0
0,2,130,田尻,다지리역,Q899148,matched_station_line,station_name+line:東北本線,Wikidata CC0
0,2,132,瀬峰,세미네역,Q899164,matched_station_line,station_name+line:東北本線,Wikidata CC0
0,2,133,梅ケ沢,우메가사와역,Q899259,matched_station_line,station_name+line:東北本線,Wikidata CC0
0,2,134,新田,닛타역,Q899325,matched_station_line,station_name+line:東北本線,Wikidata CC0
0,2,136,石越,이시코시역,Q1058083,matched_station_line,station_name+line:東北本線,Wikidata CC0
0,2,137,油島,유시마역,Q899240,matched_station_line,station_name+line:東北本線,Wikidata CC0
0,2,138,花泉,하나이즈미역,Q899450,matched_station_line,station_name+line:東北本線,Wikidata CC0
0,2,139,清水原,시미즈하라역,Q899250,matched_station_line,station_name+line:東北本線,Wikidata CC0
0,2,141,有壁,아리카베역,Q899365,matched_station_line,station_name+line:東北本線,Wikidata CC0
0,2,143,一ノ関,이치노세키역,Q800946,matched_station_line,station_name+line:東北本線,Wikidata CC0
0,2,144,山ノ目,야마노메역,Q899658,matched_station_line,station_name+line:東北本線,Wikidata CC0
0,2,145,平泉,히라이즈미역,Q899369,matched_station_line,station_name+line:東北本線,Wikidata CC0
0,2,146,前沢,마에사와역,Q899648,matched_station_line,station_name+line:東北本線,Wikidata CC0
0,2,148,陸中折居,리쿠추오리이역,Q899478,matched_station_line,station_name+line:東北本線,Wikidata CC0
0,2,149,水沢,미즈사와역,Q899669,matched_station_line,station_name+line:東北本線,Wikidata CC0
0,2,150,金ケ崎,가네가사키역,Q899678,matched_station_line,station_name+line:東北本線,Wikidata CC0
0,2,151,六原,로쿠하라역,Q899652,matched_station_line,station_name+line:東北本線,Wikidata CC0
0,2,153,北上,기타카미역,Q1136531,matched_station_line,station_name+line:東北本線,Wikidata CC0
0,2,154,村崎野,무라사키노역,Q899287,matched_station_line,station_name+line:東北本線,Wikidata CC0
0,2,155,花巻,하나마키역,Q1057662,matched_station_line,station_name+line:東北本線,Wikidata CC0
0,2,156,花巻空港,하나마키쿠코 역,Q899493,matched_station_line,station_name+line:東北本線,Wikidata CC0
0,2,157,石鳥谷,이시도리야역,Q899768,matched_station_line,station_name+line:東北本線,Wikidata CC0
0,2,158,日詰,히즈메역,Q899708,matched_station_line,station_name+line:東北本線,Wikidata CC0
0,2,159,紫波中央,시와추오역,Q899721,matched_station_line,station_name+line:東北本線,Wikidata CC0
0,2,160,古館,후루다테역,Q899716,matched_station_line,station_name+line:東北本線,Wikidata CC0
0,2,161,矢幅,야하바역,Q899791,matched_station_line,station_name+line:東北本線,Wikidata CC0
0,2,163,岩手飯岡,이와테이오카역,Q900408,matched_station_line,station_name+line:東北本線,Wikidata CC0
0,2,164,仙北町,센보쿠초역,Q900140,matched_station_line,station_name+line:東北本線,Wikidata CC0
0,2,165,盛岡,모리오카역,Q785390,matched_station_line,station_name+line:東北本線,Wikidata CC0
0,2,170,好摩,고마역,Q6455207,matched_station_line,station_name_only,Wikidata CC0
0,2,171,岩手川口,이와테카와구치역,Q6100784,matched_station_line,station_name_only,Wikidata CC0
0,2,173,いわて沼宮内,이와테누마쿠나이역,Q1136556,matched_station_line,station_name+line:東北新幹線,Wikidata CC0
0,2,174,御堂,미도역,Q6843506,matched_station_line,station_name_only,Wikidata CC0
0,2,179,一戸,이치노헤 역,Q5986230,matched_station_line,station_name_only,Wikidata CC0
0,2,180,二戸,니노헤역,Q385423,matched_station_line,station_name+line:東北新幹線,Wikidata CC0
0,2,181,斗米,토마이 역,Q7818232,matched_station_line,station_name_only,Wikidata CC0
0,2,184,目時,메토키역,Q6824222,matched_station_line,station_name_only,Wikidata CC0
0,2,185,三戸,산노헤역,Q5357203,matched_station_line,station_name_only,Wikidata CC0
0,2,186,諏訪ノ平,스와노타이라역,Q5357110,matched_station_line,station_name_only,Wikidata CC0
0,2,188,剣吉,겐요시역,Q5357122,matched_station_line,station_name_only,Wikidata CC0
0,2,189,苫米地,도마베치역,Q6420074,matched_station_line,station_name_only,Wikidata CC0
0,2,190,北高岩,기타타카이와역,Q5357135,matched_station_line,station_name_only,Wikidata CC0
0,2,191,八戸,하치노헤역,Q800866,matched_station_line,station_name+line:東北新幹線,Wikidata CC0
0,2,193,陸奥市川,무쓰이치카와역,Q5356831,matched_station_line,station_name_only,Wikidata CC0
0,2,194,下田,시모다역,Q5357199,matched_station_line,station_name_only,Wikidata CC0
0,2,195,向山,무카이야마역,Q5357175,matched_station_line,station_name_only,Wikidata CC0
0,2,198,小川原,고가와라역,Q5357185,matched_station_line,station_name_only,Wikidata CC0
0,2,199,上北町,가미키타초역,Q5357192,matched_station_line,station_name_only,Wikidata CC0
0,2,200,乙供,옷토모역,Q5357206,matched_station_line,station_name_only,Wikidata CC0
0,2,201,千曳,지비키역,Q5095344,matched_station_line,station_name_only,Wikidata CC0
0,2,202,七戸十和田,시치노헤토와다역,Q1136467,matched_station_line,station_name+line:東北新幹線,Wikidata CC0
0,2,203,野辺地,노헤지역,Q6393634,matched_station_line,station_name_only,Wikidata CC0
0,2,204,狩場沢,가리바사와역,Q6370477,matched_station_line,station_name_only,Wikidata CC0
0,2,205,清水川,시미즈가와역,Q5357156,matched_station_line,station_name_only,Wikidata CC0
0,2,206,小湊,고미나토역,Q5356761,matched_station_line,station_name_only,Wikidata CC0
0,2,208,西平内,니시히라나이역,Q6402261,matched_station_line,station_name_only,Wikidata CC0
0,2,209,浅虫温泉,아사무시온센역,Q650851,matched_station_line,station_name_only,Wikidata CC0
0,2,210,野内,노나이역,Q6402251,matched_station_line,station_name_only,Wikidata CC0
0,2,212,矢田前,야다마에역,Q6397637,matched_station_line,station_name_only,Wikidata CC0
0,2,213,小柳,고야나기역,Q6397627,matched_station_line,station_name_only,Wikidata CC0
0,2,214,東青森,히가시아오모리역,Q5753477,matched_station_line,station_name_only,Wikidata CC0
0,2,216,青森,아오모리역,Q59516,matched_station_line,station_name_only,Wikidata CC0
0,3,1,東京,도쿄역,Q283196,matched_station_line,station_name_only,Wikidata CC0
0,3,2,神田,간다역,Q800989,matched_station_line,station_name_only,Wikidata CC0
0,3,3,御茶ノ水,오차노미즈역,Q801289,matched_station_line,station_name_only,Wikidata CC0
0,3,4,水道橋,스이도바시역,Q801496,matched_station_line,station_name+line:中央本線,Wikidata CC0
0,3,6,飯田橋,이다바시역,Q800953,matched_station_line,station_name+line:中央本線,Wikidata CC0
0,3,7,市ケ谷,이치가야역,Q800947,matched_station_line,station_name_only,Wikidata CC0
0,3,8,四ツ谷,요쓰야역,Q801654,matched_station_line,station_name+line:中央本線,Wikidata CC0
0,3,9,信濃町,시나노마치역,Q335677,matched_station_line,station_name+line:中央本線,Wikidata CC0
0,3,11,千駄ケ谷,센다가야역,Q801428,matched_station_line,station_name+line:中央本線,Wikidata CC0
0,3,12,代々木,요요기역,Q590162,matched_station_line,station_name+line:中央本線,Wikidata CC0
0,3,13,新宿,신주쿠역,Q801447,matched_station_line,station_name_only,Wikidata CC0
0,3,14,大久保,오쿠보역,Q116259,matched_station_line,station_name+line:中央本線,Wikidata CC0
0,3,16,東中野,히가시나카노역,Q800921,matched_station_line,station_name+line:中央本線,Wikidata CC0
0,3,17,中野,나카노 역 (도쿄 도),Q801234,matched_station_line,station_name+line:中央本線,Wikidata CC0
0,3,18,高円寺,고엔지역,Q801056,matched_station_line,station_name+line:中央本線,Wikidata CC0
0,3,19,阿佐ケ谷,아사가야역,Q800402,matched_station_line,station_name+line:中央本線,Wikidata CC0
0,3,21,荻窪,오기쿠보역,Q801294,matched_station_line,station_name_only,Wikidata CC0
0,3,22,西荻窪,니시오기쿠보역,Q801263,matched_station_line,station_name+line:中央本線,Wikidata CC0
0,3,23,吉祥寺,기치조지역,Q801004,matched_station_line,station_name+line:中央本線,Wikidata CC0
0,3,24,三鷹,미타카역,Q546655,matched_station_line,station_name+line:中央本線,Wikidata CC0
0,3,26,武蔵境,무사시사카이역,Q137550,matched_station_line,station_name+line:中央本線,Wikidata CC0
0,3,27,東小金井,히가시코가네이역,Q800920,matched_station_line,station_name+line:中央本線,Wikidata CC0
0,3,28,武蔵小金井,무사시코가네이역,Q801206,matched_station_line,station_name+line:中央本線,Wikidata CC0
0,3,29,国分寺,고쿠분지역,Q251693,matched_station_line,station_name+line:中央本線,Wikidata CC0
0,3,31,西国分寺,니시코쿠분지역,Q801259,matched_station_line,station_name+line:中央本線,Wikidata CC0
0,3,32,国立,구니타치역,Q474512,matched_station_line,station_name+line:中央本線,Wikidata CC0
0,3,34,立川,다치카와역,Q801501,matched_station_line,station_name+line:中央本線,Wikidata CC0
0,3,36,日野,히노 역 (도쿄 도),Q800923,matched_station_line,station_name+line:中央本線,Wikidata CC0
0,3,37,豊田,도요다역,Q867338,matched_station_line,station_name+line:中央本線,Wikidata CC0
0,3,39,八王子,하치오지역,Q800868,matched_station_line,station_name+line:中央本線,Wikidata CC0
0,3,40,西八王子,니시하치오지역,Q500790,matched_station_line,station_name+line:中央本線,Wikidata CC0
0,3,41,高尾,다카오역,Q1065002,matched_station_line,station_name+line:中央本線,Wikidata CC0
0,3,42,相模湖,사가미코역,Q7398971,matched_station_line,station_name+line:中央本線,Wikidata CC0
0,3,44,藤野,후지노역,Q5507458,matched_station_line,station_name+line:中央本線,Wikidata CC0
0,3,45,上野原,우에노하라역,Q7877464,matched_station_line,station_name+line:中央本線,Wikidata CC0
0,3,46,四方津,시오쓰역,Q7497902,matched_station_line,station_name+line:中央本線,Wikidata CC0
0,3,47,梁川,야나가와역,Q8017468,matched_station_line,station_name+line:中央本線,Wikidata CC0
0,3,49,鳥沢,도리사와역,Q7825827,matched_station_line,station_name+line:中央本線,Wikidata CC0
0,3,50,猿橋,사루하시역,Q7424710,matched_station_line,station_name+line:中央本線,Wikidata CC0
0,3,51,大月,오쓰키역,Q843189,matched_station_line,station_name+line:中央本線,Wikidata CC0
0,3,53,初狩,하쓰카리역,Q5681866,matched_station_line,station_name+line:中央本線,Wikidata CC0
0,3,55,笹子,사사고역,Q7424971,matched_station_line,station_name+line:中央本線,Wikidata CC0
0,3,57,甲斐大和,가이야마토역,Q6347338,matched_station_line,station_name+line:中央本線,Wikidata CC0
0,3,59,勝沼ぶどう郷,가쓰누마부도쿄역,Q6378166,matched_station_line,station_name+line:中央本線,Wikidata CC0
0,3,60,塩山,엔잔역,Q5381477,matched_station_line,station_name+line:中央本線,Wikidata CC0
0,3,61,東山梨,히가시야마나시역,Q5753900,matched_station_line,station_name+line:中央本線,Wikidata CC0
0,3,62,山梨市,야마나시시역,Q8013369,matched_station_line,station_name+line:中央本線,Wikidata CC0
0,3,64,春日居町,가스가이초역,Q6374879,matched_station_line,station_name+line:中央本線,Wikidata CC0
0,3,65,石和温泉,이사와온센역,Q8013159,matched_station_line,station_name+line:中央本線,Wikidata CC0
0,3,66,酒折,사카오리역,Q7402824,matched_station_line,station_name+line:中央本線,Wikidata CC0
0,3,67,甲府,고후역,Q1066072,matched_station_line,station_name+line:中央本線,Wikidata CC0
0,3,69,竜王,류오역,Q7385664,matched_station_line,station_name+line:中央本線,Wikidata CC0
0,3,70,塩崎,시오자키역,Q7497906,matched_station_line,station_name+line:中央本線,Wikidata CC0
0,3,71,韮崎,니라사키역,Q8014441,matched_station_line,station_name+line:中央本線,Wikidata CC0
0,3,72,新府,신푸역,Q7497041,matched_station_line,station_name+line:中央本線,Wikidata CC0
0,3,73,穴山,아나야마역,Q4752462,matched_station_line,station_name+line:中央本線,Wikidata CC0
0,3,75,日野春,히노하루역,Q5767422,matched_station_line,station_name+line:中央本線,Wikidata CC0
0,3,76,長坂,나가사카역,Q6958595,matched_station_line,station_name+line:中央本線,Wikidata CC0
0,3,77,小淵沢,고부치자와역,Q842899,matched_station_line,station_name+line:中央本線,Wikidata CC0
0,3,78,信濃境,시나노사카이역,Q7497268,matched_station_line,station_name+line:中央本線,Wikidata CC0
0,3,79,富士見,후지미역,Q5507439,matched_station_line,station_name+line:中央本線,Wikidata CC0
0,3,80,すずらんの里,스즈란노사토역,Q7651399,matched_station_line,station_name+line:中央本線,Wikidata CC0
0,3,81,青柳,아오야기역,Q844053,matched_station_line,station_name+line:中央本線,Wikidata CC0
0,3,82,茅野,지노역,Q844063,matched_station_line,station_name+line:中央本線,Wikidata CC0
0,3,83,上諏訪,가미스와역,Q844049,matched_station_line,station_name+line:中央本線,Wikidata CC0
0,3,84,下諏訪,시모스와역,Q7496937,matched_station_line,station_name+line:中央本線,Wikidata CC0
0,3,85,岡谷,오카야역,Q843826,matched_station_line,station_name+line:中央本線,Wikidata CC0
0,3,88,みどり湖,미도리코역,Q8013585,matched_station_line,station_name+line:中央本線,Wikidata CC0
0,3,92,塩尻,시오지리역,Q842897,matched_station_line,station_name+line:中央本線,Wikidata CC0
0,3,93,洗馬,세바역,Q5359498,matched_station_line,station_name+line:中央本線,Wikidata CC0
0,3,95,日出塩,히데시오역,Q5359436,matched_station_line,station_name+line:中央本線,Wikidata CC0
0,3,96,贄川,니에카와역,Q8009594,matched_station_line,station_name+line:中央本線,Wikidata CC0
0,3,97,木曽平沢,기소히라사와역,Q5359386,matched_station_line,station_name+line:中央本線,Wikidata CC0
0,3,99,奈良井,나라이역,Q5359273,matched_station_line,station_name+line:中央本線,Wikidata CC0
0,3,100,藪原,야부하라역,Q5359446,matched_station_line,station_name+line:中央本線,Wikidata CC0
0,3,101,宮ノ越,미야노코시역,Q6884409,matched_station_line,station_name+line:中央本線,Wikidata CC0
0,3,102,原野,하라노역,Q5359519,matched_station_line,station_name+line:中央本線,Wikidata CC0
0,3,104,木曽福島,기소후쿠시마역,Q5359264,matched_station_line,station_name+line:中央本線,Wikidata CC0
0,3,105,上松,아게마쓰역,Q871440,matched_station_line,station_name+line:中央本線,Wikidata CC0
0,3,106,倉本,구라모토역,Q5359488,matched_station_line,station_name+line:中央本線,Wikidata CC0
0,3,107,須原,스하라역,Q5359482,matched_station_line,station_name+line:中央本線,Wikidata CC0
0,3,109,大桑,오쿠와역,Q5359405,matched_station_line,station_name+line:中央本線,Wikidata CC0
0,3,110,野尻,노지리역,Q5359695,matched_station_line,station_name+line:中央本線,Wikidata CC0
0,3,111,十二兼,주니카네역,Q5359491,matched_station_line,station_name+line:中央本線,Wikidata CC0
0,3,112,南木曽,나기소역,Q5359502,matched_station_line,station_name+line:中央本線,Wikidata CC0
0,3,114,田立,다다치역,Q5359428,matched_station_line,station_name+line:中央本線,Wikidata CC0
0,3,115,坂下,사카시타역,Q5359513,matched_station_line,station_name+line:中央本線,Wikidata CC0
0,3,116,落合川,오치아이가와역,Q5359520,matched_station_line,station_name+line:中央本線,Wikidata CC0
0,3,117,中津川,나카쓰가와역,Q5359511,matched_station_line,station_name+line:中央本線,Wikidata CC0
0,3,119,美乃坂本,미노사카모토역,Q5359412,matched_station_line,station_name+line:中央本線,Wikidata CC0
0,3,121,恵那,에나역,Q870596,matched_station_line,station_name+line:中央本線,Wikidata CC0
0,3,123,武並,다케나미역,Q5359525,matched_station_line,station_name+line:中央本線,Wikidata CC0
0,3,125,釜戸,가마도역,Q5359393,matched_station_line,station_name+line:中央本線,Wikidata CC0
0,3,127,瑞浪,미즈나미역,Q5359472,matched_station_line,station_name+line:中央本線,Wikidata CC0
0,3,129,土岐市,도키시역,Q5359508,matched_station_line,station_name+line:中央本線,Wikidata CC0
0,3,131,多治見,다지미역,Q7676871,matched_station_line,station_name+line:中央本線,Wikidata CC0
0,3,133,古虎渓,고코케이역,Q5359303,matched_station_line,station_name+line:中央本線,Wikidata CC0
0,3,135,定光寺,조코지역,Q5359274,matched_station_line,station_name+line:中央本線,Wikidata CC0
0,3,137,高蔵寺,고조지역,Q5359256,matched_station_line,station_name+line:中央本線,Wikidata CC0
0,3,139,神領,진료역,Q5359246,matched_station_line,station_name+line:中央本線,Wikidata CC0
0,3,140,春日井,가스가이역,Q5359327,matched_station_line,station_name+line:中央本線,Wikidata CC0
0,3,142,勝川,가치가와역,Q5359249,matched_station_line,station_name+line:中央本線,Wikidata CC0
0,3,143,新守山,신모리야마역,Q871183,matched_station_line,station_name+line:中央本線,Wikidata CC0
0,3,145,大曽根,오조네역,Q872075,matched_station_line,station_name+line:中央本線,Wikidata CC0
0,3,146,千種,지쿠사역,Q863068,matched_station_line,station_name+line:中央本線,Wikidata CC0
0,3,147,鶴舞,쓰루마이역,Q855581,matched_station_line,station_name_only,Wikidata CC0
0,4,3,宮原,미야하라역,Q845070,matched_station_line,station_name+line:高崎線,Wikidata CC0
0,4,5,上尾,아게오역,Q800360,matched_station_line,station_name+line:高崎線,Wikidata CC0
0,4,6,北上尾,기타아게오역,Q845123,matched_station_line,station_name+line:高崎線,Wikidata CC0
0,4,7,桶川,오케가와역,Q844901,matched_station_line,station_name+line:高崎線,Wikidata CC0
0,4,9,北本,기타모토역,Q845066,matched_station_line,station_name+line:高崎線,Wikidata CC0
0,4,11,鴻巣,고노스역,Q801054,matched_station_line,station_name+line:高崎線,Wikidata CC0
0,4,12,北鴻巣,기타코노스역,Q845061,matched_station_line,station_name+line:高崎線,Wikidata CC0
0,4,13,吹上,후키아게역,Q845096,matched_station_line,station_name+line:高崎線,Wikidata CC0
0,4,14,行田,교다역,Q845058,matched_station_line,station_name+line:高崎線,Wikidata CC0
0,4,15,熊谷,구마가야역,Q735594,matched_station_line,station_name+line:高崎線,Wikidata CC0
0,4,17,籠原,가고하라역,Q845092,matched_station_line,station_name+line:高崎線,Wikidata CC0
0,4,18,深谷,후카야역,Q844895,matched_station_line,station_name+line:高崎線,Wikidata CC0
0,4,19,岡部,오카베역,Q845054,matched_station_line,station_name+line:高崎線,Wikidata CC0
0,4,21,本庄,혼조역,Q844906,matched_station_line,station_name+line:高崎線,Wikidata CC0
0,4,22,神保原,진보하라역,Q845133,matched_station_line,station_name+line:高崎線,Wikidata CC0
0,4,23,新町,신마치역,Q845085,matched_station_line,station_name+line:高崎線,Wikidata CC0
0,4,25,倉賀野,구라가노역,Q910582,matched_station_line,station_name+line:高崎線,Wikidata CC0
0,4,26,高崎,다카사키역,Q801505,matched_station_line,station_name+line:高崎線,Wikidata CC0
0,4,27,北高崎,기타타카사키역,Q900663,matched_station_line,station_name+line:信越本線,Wikidata CC0
0,4,28,群馬八幡,군마야와타역,Q899937,matched_station_line,station_name+line:信越本線,Wikidata CC0
0,4,29,安中,안나카역,Q861538,matched_station_line,station_name+line:信越本線,Wikidata CC0
0,4,30,磯部,이소베역,Q900685,matched_station_line,station_name+line:信越本線,Wikidata CC0
0,4,32,松井田,마쓰이다역,Q5357126,matched_station_line,station_name+line:信越本線,Wikidata CC0
0,4,33,西松井田,니시마쓰이다역,Q5356946,matched_station_line,station_name+line:信越本線,Wikidata CC0
0,4,34,横川,요코카와역,Q5357064,matched_station_line,station_name+line:信越本線,Wikidata CC0
0,4,35,軽井沢,가루이자와역,Q1064215,matched_station_line,station_name_only,Wikidata CC0
0,4,37,中軽井沢,나카카루이자와역,Q11367191,matched_station_line,station_name_only,Wikidata CC0
0,4,38,信濃追分,시나노오이와케역,Q7497263,matched_station_line,station_name_only,Wikidata CC0
0,4,39,御代田,미요타역,Q11488783,matched_station_line,station_name_only,Wikidata CC0
0,4,40,平原,히라하라역,Q5768877,matched_station_line,station_name_only,Wikidata CC0
0,4,42,小諸,고모로역,Q6428516,matched_station_line,station_name_only,Wikidata CC0
0,4,43,滋野,시게노역,Q7496352,matched_station_line,station_name_only,Wikidata CC0
0,4,45,大屋,오야역,Q8081801,matched_station_line,station_name_only,Wikidata CC0
0,4,46,上田,우에다역,Q1071375,matched_station_line,station_name_only,Wikidata CC0
0,4,48,西上田,니시우에다역,Q7040439,matched_station_line,station_name_only,Wikidata CC0
0,4,49,坂城,사카키역,Q7402787,matched_station_line,station_name_only,Wikidata CC0
0,4,50,戸倉,도구라 역,Q11496243,matched_station_line,station_name_only,Wikidata CC0
0,4,51,屋代,야시로 역,Q8192332,matched_station_line,station_name_only,Wikidata CC0
0,4,57,北長野,기타나가노역,Q6417571,matched_station_line,station_name_only,Wikidata CC0
0,4,58,三才,산사이역,Q5356084,matched_station_line,station_name_only,Wikidata CC0
0,4,59,豊野,도요노역,Q5355867,matched_station_line,station_name_only,Wikidata CC0
0,4,60,牟礼,무레역,Q5356170,matched_station_line,station_name_only,Wikidata CC0
0,4,61,古間,후루마역,Q5355756,matched_station_line,station_name_only,Wikidata CC0
0,4,63,黒姫,구로히메역,Q6446303,matched_station_line,station_name_only,Wikidata CC0
0,4,64,妙高高原,묘코코겐역,Q6949402,matched_station_line,station_name_only,Wikidata CC0
0,4,66,二本木,니혼기역,Q5356473,matched_station_line,station_name_only,Wikidata CC0
0,4,69,北新井,기타아라이역,Q5355811,matched_station_line,station_name_only,Wikidata CC0
0,4,70,上越妙高,조에쓰묘코역,Q15629351,matched_station_line,station_name_only,Wikidata CC0
0,4,71,南高田,미나미타카다역,Q5355894,matched_station_line,station_name_only,Wikidata CC0
0,4,74,春日山,가스가야마역,Q5356614,matched_station_line,station_name_only,Wikidata CC0
0,4,75,直江津,나오에쓰역,Q130065,matched_station_line,station_name+line:信越本線,Wikidata CC0
0,4,76,黒井,구로이역,Q901138,matched_station_line,station_name+line:信越本線,Wikidata CC0
0,4,78,犀潟,사이가타역,Q901360,matched_station_line,station_name+line:信越本線,Wikidata CC0
0,4,79,土底浜,도소코하마역,Q5299297,matched_station_line,station_name+line:信越本線,Wikidata CC0
0,4,80,潟町,가타마치역,Q5367552,matched_station_line,station_name+line:信越本線,Wikidata CC0
0,4,81,上下浜,조게하마역,Q6322194,matched_station_line,station_name+line:信越本線,Wikidata CC0
0,4,83,柿崎,가키자키역,Q3701392,matched_station_line,station_name+line:信越本線,Wikidata CC0
0,4,84,米山,요네야마역,Q4348293,matched_station_line,station_name+line:信越本線,Wikidata CC0
0,4,85,笠島,가사시마역,Q5353385,matched_station_line,station_name+line:信越本線,Wikidata CC0
0,4,86,青海川,오미가와역,Q4347815,matched_station_line,station_name+line:信越本線,Wikidata CC0
0,4,88,鯨波,구지라나미역,Q4348283,matched_station_line,station_name+line:信越本線,Wikidata CC0
0,4,89,柏崎,가시와자키역,Q5353481,matched_station_line,station_name+line:信越本線,Wikidata CC0
0,4,90,茨目,이바라메역,Q4347750,matched_station_line,station_name+line:信越本線,Wikidata CC0
0,4,91,安田,야스다역,Q5353546,matched_station_line,station_name+line:信越本線,Wikidata CC0
0,4,93,北条,기타조역,Q4347765,matched_station_line,station_name+line:信越本線,Wikidata CC0
0,4,94,越後広田,에치고히로타역,Q4702824,matched_station_line,station_name+line:信越本線,Wikidata CC0
0,4,95,長鳥,나가토리역,Q4778749,matched_station_line,station_name+line:信越本線,Wikidata CC0
0,4,96,塚山,쓰카야마역,Q4778780,matched_station_line,station_name+line:信越本線,Wikidata CC0
0,4,98,越後岩塚,에치고이와쓰카역,Q5332412,matched_station_line,station_name+line:信越本線,Wikidata CC0
0,4,99,来迎寺,라이코지역,Q7283860,matched_station_line,station_name+line:信越本線,Wikidata CC0
0,4,100,前川,마에카와역,Q11397211,matched_station_line,station_name+line:信越本線,Wikidata CC0
0,4,101,宮内,미야우치역,Q6884429,matched_station_line,station_name+line:信越本線,Wikidata CC0
0,4,103,長岡,나가오카역,Q1138252,matched_station_line,station_name+line:信越本線,Wikidata CC0
0,4,104,北長岡,기타나가오카역,Q6417573,matched_station_line,station_name+line:信越本線,Wikidata CC0
0,4,105,押切,오시키리역,Q7106616,matched_station_line,station_name+line:信越本線,Wikidata CC0
0,4,106,見附,미쓰케역,Q6883273,matched_station_line,station_name+line:信越本線,Wikidata CC0
0,4,108,帯織,오비오리역,Q11481209,matched_station_line,station_name+line:信越本線,Wikidata CC0
0,4,109,東光寺,도코지역,Q7862700,matched_station_line,station_name+line:信越本線,Wikidata CC0
0,4,110,三条,산조 역 (니가타 현),Q7418606,matched_station_line,station_name+line:信越本線,Wikidata CC0
0,4,111,東三条,히가시산조역,Q5753817,matched_station_line,station_name+line:信越本線,Wikidata CC0
0,4,113,保内,호나이역,Q5891998,matched_station_line,station_name+line:信越本線,Wikidata CC0
0,4,114,加茂,가모 역 (니가타 현),Q6358928,matched_station_line,station_name+line:信越本線,Wikidata CC0
0,4,115,羽生田,하뉴다역,Q5651465,matched_station_line,station_name+line:信越本線,Wikidata CC0
0,4,116,田上,다가미 역 (니가타 현),Q7675148,matched_station_line,station_name+line:信越本線,Wikidata CC0
0,4,118,矢代田,야시로다역,Q8049745,matched_station_line,station_name+line:信越本線,Wikidata CC0
0,4,119,古津,후루쓰역,Q5509827,matched_station_line,station_name+line:信越本線,Wikidata CC0
0,4,120,新津,니쓰역,Q7034489,matched_station_line,station_name+line:信越本線,Wikidata CC0
0,4,121,さつき野,사쓰키노역,Q7426493,matched_station_line,station_name+line:信越本線,Wikidata CC0
0,4,122,荻川,오기카와역,Q7080040,matched_station_line,station_name+line:信越本線,Wikidata CC0
0,4,123,亀田,가메다역,Q3701529,matched_station_line,station_name+line:信越本線,Wikidata CC0
0,4,124,越後石山,에치고이시야마역,Q11636520,matched_station_line,station_name+line:信越本線,Wikidata CC0
0,4,125,新潟,니가타역,Q701753,matched_station_line,station_name+line:信越本線,Wikidata CC0
0,5,1,上野,우에노역,Q801551,matched_station_line,station_name_only,Wikidata CC0
0,5,2,日暮里,닛포리역,Q801262,matched_station_line,station_name_only,Wikidata CC0
0,5,3,三河島,미카와시마역,Q865170,matched_station_line,station_name+line:常磐線,Wikidata CC0
0,5,4,南千住,미나미센주역,Q80570,matched_station_line,station_name+line:常磐線,Wikidata CC0
0,5,6,北千住,기타센주역,Q801026,matched_station_line,station_name+line:常磐線,Wikidata CC0
0,5,7,綾瀬,아야세역,Q390691,matched_station_line,station_name+line:常磐線,Wikidata CC0
0,5,8,亀有,가메아리역,Q1952873,matched_station_line,station_name+line:常磐線,Wikidata CC0
0,5,9,金町,가나마치역,Q1952878,matched_station_line,station_name+line:常磐線,Wikidata CC0
0,5,11,松戸,마쓰도역,Q841460,matched_station_line,station_name+line:常磐線,Wikidata CC0
0,5,12,北松戸,기타마쓰도역,Q5364690,matched_station_line,station_name+line:常磐線,Wikidata CC0
0,5,13,馬橋,마바시역,Q865196,matched_station_line,station_name+line:常磐線,Wikidata CC0
0,5,14,新松戸,신마쓰도역,Q6799406,matched_station_line,station_name+line:常磐線,Wikidata CC0
0,5,16,北小金,기타코가네역,Q5364850,matched_station_line,station_name+line:常磐線,Wikidata CC0
0,5,17,南柏,미나미카시와역,Q5363133,matched_station_line,station_name+line:常磐線,Wikidata CC0
0,5,18,柏,가시와역,Q865156,matched_station_line,station_name+line:常磐線,Wikidata CC0
0,5,19,北柏,기타카시와역,Q5364151,matched_station_line,station_name+line:常磐線,Wikidata CC0
0,5,21,我孫子,아비코역,Q1043787,matched_station_line,station_name+line:常磐線,Wikidata CC0
0,5,22,天王台,덴노다이역,Q1952908,matched_station_line,station_name+line:常磐線,Wikidata CC0
0,5,24,取手,도리데역,Q847830,matched_station_line,station_name+line:常磐線,Wikidata CC0
0,5,26,藤代,후지시로역,Q5365268,matched_station_line,station_name+line:常磐線,Wikidata CC0
0,5,29,牛久,우시쿠역,Q5363775,matched_station_line,station_name+line:常磐線,Wikidata CC0
0,5,30,ひたち野うしく,히타치노우시쿠역,Q5364808,matched_station_line,station_name+line:常磐線,Wikidata CC0
0,5,31,荒川沖,아라카와오키역,Q4783823,matched_station_line,station_name+line:常磐線,Wikidata CC0
0,5,33,土浦,쓰치우라역,Q5364280,matched_station_line,station_name+line:常磐線,Wikidata CC0
0,5,35,神立,간다쓰역,Q5363063,matched_station_line,station_name+line:常磐線,Wikidata CC0
0,5,37,高浜,다카하마역,Q5365228,matched_station_line,station_name+line:常磐線,Wikidata CC0
0,5,38,石岡,이시오카역,Q5363819,matched_station_line,station_name+line:常磐線,Wikidata CC0
0,5,40,羽鳥,하토리역,Q5363166,matched_station_line,station_name+line:常磐線,Wikidata CC0
0,5,42,岩間,이와마역,Q2689418,matched_station_line,station_name+line:常磐線,Wikidata CC0
0,5,44,友部,도모베역,Q5362908,matched_station_line,station_name+line:常磐線,Wikidata CC0
0,5,45,内原,우치하라역,Q5365679,matched_station_line,station_name+line:常磐線,Wikidata CC0
0,5,47,赤塚,아카쓰카역,Q865269,matched_station_line,station_name+line:常磐線,Wikidata CC0
0,5,48,偕楽園,가이라쿠엔역,Q6348234,matched_station_line,station_name+line:常磐線,Wikidata CC0
0,5,49,水戸,미토역,Q909499,matched_station_line,station_name+line:常磐線,Wikidata CC0
0,5,51,勝田,가쓰타역,Q859695,matched_station_line,station_name+line:常磐線,Wikidata CC0
0,5,52,佐和,사와역,Q8011234,matched_station_line,station_name+line:常磐線,Wikidata CC0
0,5,53,東海,도카이역,Q5366629,matched_station_line,station_name+line:常磐線,Wikidata CC0
0,5,54,大甕,오미카역,Q39951,matched_station_line,station_name+line:常磐線,Wikidata CC0
0,5,56,常陸多賀,히타치타가역,Q40081,matched_station_line,station_name+line:常磐線,Wikidata CC0
0,5,57,日立,히타치역,Q39929,matched_station_line,station_name+line:常磐線,Wikidata CC0
0,5,58,小木津,오기쓰역,Q5353557,matched_station_line,station_name+line:常磐線,Wikidata CC0
0,5,59,十王,주오역,Q5353561,matched_station_line,station_name+line:常磐線,Wikidata CC0
0,5,61,高萩,다카하기역,Q5353567,matched_station_line,station_name+line:常磐線,Wikidata CC0
0,5,62,南中郷,미나미나카고역,Q5353339,matched_station_line,station_name+line:常磐線,Wikidata CC0
0,5,63,磯原,이소하라역,Q5353468,matched_station_line,station_name+line:常磐線,Wikidata CC0
0,5,64,大津港,오쓰코역,Q5353392,matched_station_line,station_name+line:常磐線,Wikidata CC0
0,5,66,勿来,나코소역,Q5353514,matched_station_line,station_name+line:常磐線,Wikidata CC0
0,5,67,植田,우에다역,Q5353493,matched_station_line,station_name+line:常磐線,Wikidata CC0
0,5,68,泉,이즈미역,Q5353527,matched_station_line,station_name+line:常磐線,Wikidata CC0
0,5,69,湯本,유모토역,Q5353354,matched_station_line,station_name+line:常磐線,Wikidata CC0
0,5,71,内郷,우치고역,Q5353538,matched_station_line,station_name+line:常磐線,Wikidata CC0
0,5,72,いわき,이와키역,Q5353428,matched_station_line,station_name+line:常磐線,Wikidata CC0
0,5,74,草野,구사노역,Q2496615,matched_station_line,station_name+line:常磐線,Wikidata CC0
0,5,75,四ツ倉,요쓰쿠라역,Q2496668,matched_station_line,station_name+line:常磐線,Wikidata CC0
0,5,76,久ノ浜,히사노하마역,Q2496626,matched_station_line,station_name+line:常磐線,Wikidata CC0
0,5,77,末続,스에쓰기역,Q2496648,matched_station_line,station_name+line:常磐線,Wikidata CC0
0,5,79,広野,히로노역,Q2496605,matched_station_line,station_name+line:常磐線,Wikidata CC0
0,5,81,木戸,기도역,Q11518435,matched_station_line,station_name+line:常磐線,Wikidata CC0
0,5,82,竜田,다쓰타역,Q7688340,matched_station_line,station_name+line:常磐線,Wikidata CC0
0,5,84,富岡,도미오카역,Q7818925,matched_station_line,station_name+line:常磐線,Wikidata CC0
0,5,86,夜ノ森,요노모리역,Q11431222,matched_station_line,station_name+line:常磐線,Wikidata CC0
0,5,87,大野,오노역,Q8081664,matched_station_line,station_name+line:常磐線,Wikidata CC0
0,5,89,双葉,후타바역,Q5510442,matched_station_line,station_name+line:常磐線,Wikidata CC0
0,5,90,浪江,나미에역,Q6961838,matched_station_line,station_name+line:常磐線,Wikidata CC0
0,5,91,桃内,모모우치역,Q6897475,matched_station_line,station_name+line:常磐線,Wikidata CC0
0,5,92,小高,오다카역,Q7077237,matched_station_line,station_name+line:常磐線,Wikidata CC0
0,5,94,磐城太田,이와키오타역,Q6100384,matched_station_line,station_name+line:常磐線,Wikidata CC0
0,5,95,原ノ町,하라노마치역,Q5654173,matched_station_line,station_name+line:常磐線,Wikidata CC0
0,5,97,鹿島,가시마역,Q6374317,matched_station_line,station_name+line:常磐線,Wikidata CC0
0,5,99,日立木,닛타키역,Q7041544,matched_station_line,station_name+line:常磐線,Wikidata CC0
0,5,100,相馬,소마역,Q7667604,matched_station_line,station_name+line:常磐線,Wikidata CC0
0,5,101,駒ケ嶺,고마가미네역,Q6428053,matched_station_line,station_name+line:常磐線,Wikidata CC0
0,5,102,新地,신치역,Q374566,matched_station_line,station_name+line:常磐線,Wikidata CC0
0,5,104,坂元,사카모토역,Q7402807,matched_station_line,station_name+line:常磐線,Wikidata CC0
0,5,105,山下,야마시타역,Q8047946,matched_station_line,station_name+line:常磐線,Wikidata CC0
0,5,106,浜吉田,하마요시다역,Q5644177,matched_station_line,station_name+line:常磐線,Wikidata CC0
0,5,107,亘理,와타리역,Q7973005,matched_station_line,station_name+line:常磐線,Wikidata CC0
0,5,108,逢隈,오쿠마역,Q11639834,matched_station_line,station_name+line:常磐線,Wikidata CC0
0,6,1,門司港,모지코역,Q1051866,matched_station_line,station_name+line:鹿児島本線,Wikidata CC0
0,6,2,小森江,고모리에역,Q5360818,matched_station_line,station_name+line:鹿児島本線,Wikidata CC0
0,6,3,門司,모지역,Q869281,matched_station_line,station_name+line:鹿児島本線,Wikidata CC0
0,6,6,小倉,고쿠라역,Q801027,matched_station_line,station_name+line:鹿児島本線,Wikidata CC0
0,6,7,西小倉,니시코쿠라역,Q5360805,matched_station_line,station_name+line:鹿児島本線,Wikidata CC0
0,6,9,九州工大前,규슈코다이마에역,Q5360085,matched_station_line,station_name+line:鹿児島本線,Wikidata CC0
0,6,10,戸畑,도바타역,Q5360111,matched_station_line,station_name+line:鹿児島本線,Wikidata CC0
0,6,11,枝光,에다미쓰역,Q5335680,matched_station_line,station_name+line:鹿児島本線,Wikidata CC0
0,6,12,スペースワールド,스페이스월드역,Q5360354,matched_station_line,station_name+line:鹿児島本線,Wikidata CC0
0,6,13,八幡,야하타역,Q8011084,matched_station_line,station_name+line:鹿児島本線,Wikidata CC0
0,6,14,黒崎,구로사키역,Q871645,matched_station_line,station_name+line:鹿児島本線,Wikidata CC0
0,6,16,陣原,진노하루역,Q5359466,matched_station_line,station_name+line:鹿児島本線,Wikidata CC0
0,6,17,折尾,오리오역,Q871048,matched_station_line,station_name+line:鹿児島本線,Wikidata CC0
0,6,18,水巻,미즈마키역,Q5359533,matched_station_line,station_name+line:鹿児島本線,Wikidata CC0
0,6,19,遠賀川,온가가와역,Q5359382,matched_station_line,station_name+line:鹿児島本線,Wikidata CC0
0,6,21,海老津,에비쓰역,Q5331876,matched_station_line,station_name+line:鹿児島本線,Wikidata CC0
0,6,23,教育大前,교이쿠다이마에역,Q5359543,matched_station_line,station_name+line:鹿児島本線,Wikidata CC0
0,6,24,赤間,아카마역,Q871575,matched_station_line,station_name+line:鹿児島本線,Wikidata CC0
0,6,25,東郷,도고역,Q5359652,matched_station_line,station_name+line:鹿児島本線,Wikidata CC0
0,6,26,東福間,히가시후쿠마역,Q5359754,matched_station_line,station_name+line:鹿児島本線,Wikidata CC0
0,6,28,福間,후쿠마역,Q5359639,matched_station_line,station_name+line:鹿児島本線,Wikidata CC0
0,6,29,千鳥,지도리역,Q5096630,matched_station_line,station_name+line:鹿児島本線,Wikidata CC0
0,6,30,古賀,고가역,Q5359651,matched_station_line,station_name+line:鹿児島本線,Wikidata CC0
0,6,31,ししぶ,시시부역,Q5359545,matched_station_line,station_name+line:鹿児島本線,Wikidata CC0
0,6,32,新宮中央,신구추오역,Q5359535,matched_station_line,station_name+line:鹿児島本線,Wikidata CC0
0,6,33,福工大前,훗코다이마에역,Q5359432,matched_station_line,station_name+line:鹿児島本線,Wikidata CC0
0,6,34,九産大前,규산다이마에역,Q5359410,matched_station_line,station_name+line:鹿児島本線,Wikidata CC0
0,6,35,香椎,가시이 역,Q870605,matched_station_line,station_name+line:鹿児島本線,Wikidata CC0
0,6,36,千早,지하야역,Q871739,matched_station_line,station_name+line:鹿児島本線,Wikidata CC0
0,6,37,箱崎,하코자키역,Q5359763,matched_station_line,station_name+line:鹿児島本線,Wikidata CC0
0,6,38,吉塚,요시즈카역,Q872292,matched_station_line,station_name+line:鹿児島本線,Wikidata CC0
0,6,39,博多,하카타역,Q800875,matched_station_line,station_name_only,Wikidata CC0
0,6,40,竹下,다케시타역,Q5359458,matched_station_line,station_name+line:鹿児島本線,Wikidata CC0
0,6,41,笹原,사사바루역,Q5359670,matched_station_line,station_name+line:鹿児島本線,Wikidata CC0
0,6,42,南福岡,미나미후쿠오카역,Q5359375,matched_station_line,station_name+line:鹿児島本線,Wikidata CC0
0,6,43,春日,가스가역,Q5359417,matched_station_line,station_name+line:鹿児島本線,Wikidata CC0
0,6,44,大野城,오노조역,Q5359644,matched_station_line,station_name+line:鹿児島本線,Wikidata CC0
0,6,45,水城,미즈키역,Q5359425,matched_station_line,station_name+line:鹿児島本線,Wikidata CC0
0,6,47,都府楼南,도후로미나미역,Q5359542,matched_station_line,station_name+line:鹿児島本線,Wikidata CC0
0,6,48,二日市,후쓰카이치역,Q154366,matched_station_line,station_name+line:鹿児島本線,Wikidata CC0
0,6,49,天拝山,덴파이잔역,Q5359403,matched_station_line,station_name+line:鹿児島本線,Wikidata CC0
0,6,50,原田,하루다역,Q5359769,matched_station_line,station_name+line:鹿児島本線,Wikidata CC0
0,6,51,けやき台,게야키다이역,Q5359700,matched_station_line,station_name+line:鹿児島本線,Wikidata CC0
0,6,52,基山,기야마역,Q872452,matched_station_line,station_name+line:鹿児島本線,Wikidata CC0
0,6,53,弥生が丘,야요이가오카역,Q5359532,matched_station_line,station_name+line:鹿児島本線,Wikidata CC0
0,6,54,田代,다시로역,Q5359292,matched_station_line,station_name+line:鹿児島本線,Wikidata CC0
0,6,55,鳥栖,도스역,Q840544,matched_station_line,station_name+line:鹿児島本線,Wikidata CC0
0,6,57,肥前旭,히젠아사히역,Q5359363,matched_station_line,station_name+line:鹿児島本線,Wikidata CC0
0,6,59,久留米,구루메역,Q1122628,matched_station_line,station_name+line:鹿児島本線,Wikidata CC0
0,6,61,荒木,아라키 역 (후쿠오카 현),Q4783838,matched_station_line,station_name+line:鹿児島本線,Wikidata CC0
0,6,63,西牟田,니시무타역,Q5359321,matched_station_line,station_name+line:鹿児島本線,Wikidata CC0
0,6,65,羽犬塚,하이누즈카역,Q5359747,matched_station_line,station_name+line:鹿児島本線,Wikidata CC0
0,6,67,筑後船小屋,지쿠고후나고야역,Q1136543,matched_station_line,station_name+line:鹿児島本線,Wikidata CC0
0,6,69,瀬高,세타카역,Q5359332,matched_station_line,station_name+line:鹿児島本線,Wikidata CC0
0,6,71,南瀬高,미나미세타카역,Q5359655,matched_station_line,station_name+line:鹿児島本線,Wikidata CC0
0,6,73,渡瀬,와타제역,Q5359686,matched_station_line,station_name+line:鹿児島本線,Wikidata CC0
0,6,74,吉野,요시노역,Q5359538,matched_station_line,station_name+line:鹿児島本線,Wikidata CC0
0,6,75,銀水,긴스이역,Q5359531,matched_station_line,station_name+line:鹿児島本線,Wikidata CC0
0,6,77,大牟田,오무타역,Q871063,matched_station_line,station_name+line:鹿児島本線,Wikidata CC0
0,6,79,荒尾,아라오 역 (구마모토 현),Q4784179,matched_station_line,station_name+line:鹿児島本線,Wikidata CC0
0,6,81,南荒尾,미나미아라오역,Q5359202,matched_station_line,station_name+line:鹿児島本線,Wikidata CC0
0,6,83,長洲,나가스역,Q6958659,matched_station_line,station_name+line:鹿児島本線,Wikidata CC0
0,6,85,大野下,오노시모역,Q873306,matched_station_line,station_name+line:鹿児島本線,Wikidata CC0
0,6,87,玉名,다마나역,Q872970,matched_station_line,station_name+line:鹿児島本線,Wikidata CC0
0,6,89,肥後伊倉,히고이쿠라역,Q872831,matched_station_line,station_name+line:鹿児島本線,Wikidata CC0
0,6,91,木葉,고노하역,Q872663,matched_station_line,station_name+line:鹿児島本線,Wikidata CC0
0,6,93,田原坂,다바루자카역,Q5358638,matched_station_line,station_name+line:鹿児島本線,Wikidata CC0
0,6,95,植木,우에키역,Q5358543,matched_station_line,station_name+line:鹿児島本線,Wikidata CC0
0,6,97,西里,니시사토역,Q5358723,matched_station_line,station_name+line:鹿児島本線,Wikidata CC0
0,6,98,崇城大学前,소조다이가쿠마에역,Q5358620,matched_station_line,station_name+line:鹿児島本線,Wikidata CC0
0,6,99,上熊本,가미쿠마모토역,Q872987,matched_station_line,station_name+line:鹿児島本線,Wikidata CC0
0,6,101,熊本,구마모토역,Q969324,matched_station_line,station_name+line:鹿児島本線,Wikidata CC0
0,6,102,西熊本,니시쿠마모토역,Q20762689,matched_station_line,station_name+line:鹿児島本線,Wikidata CC0
0,6,103,川尻,가와시리역,Q875954,matched_station_line,station_name+line:鹿児島本線,Wikidata CC0
0,6,104,富合,도미아이역,Q5358342,matched_station_line,station_name+line:鹿児島本線,Wikidata CC0
0,6,105,宇土,우토역,Q874134,matched_station_line,station_name+line:鹿児島本線,Wikidata CC0
0,6,106,松橋,마쓰바세역,Q5358556,matched_station_line,station_name+line:鹿児島本線,Wikidata CC0
0,6,108,小川,오가와역,Q5358104,matched_station_line,station_name+line:鹿児島本線,Wikidata CC0
0,6,110,有佐,아리사역,Q4790865,matched_station_line,station_name+line:鹿児島本線,Wikidata CC0
0,6,112,千丁,센초역,Q5358139,matched_station_line,station_name+line:鹿児島本線,Wikidata CC0
0,6,113,新八代,신야쓰시로역,Q1187743,matched_station_line,station_name+line:鹿児島本線,Wikidata CC0
0,6,114,八代,야쓰시로역,Q846609,matched_station_line,station_name+line:鹿児島本線,Wikidata CC0
0,6,145,川内,센다이역,Q1136688,matched_station_line,station_name+line:鹿児島本線,Wikidata CC0
0,6,146,隈之城,구마노조역,Q5297757,matched_station_line,station_name+line:鹿児島本線,Wikidata CC0
0,6,148,木場茶屋,고반차야역,Q5297680,matched_station_line,station_name+line:鹿児島本線,Wikidata CC0
0,6,150,串木野,구시키노역,Q5297573,matched_station_line,station_name+line:鹿児島本線,Wikidata CC0
0,6,151,神村学園前,가미무라가쿠엔마에역,Q5297473,matched_station_line,station_name+line:鹿児島本線,Wikidata CC0
0,6,152,市来,이치키역,Q5297389,matched_station_line,station_name+line:鹿児島本線,Wikidata CC0
0,6,154,湯之元,유노모토역,Q5297319,matched_station_line,station_name+line:鹿児島本線,Wikidata CC0
0,6,155,東市来,히가시이치키역,Q5297150,matched_station_line,station_name+line:鹿児島本線,Wikidata CC0
0,6,157,伊集院,이주인역,Q5296702,matched_station_line,station_name+line:鹿児島本線,Wikidata CC0
0,6,159,薩摩松元,사쓰마마쓰모토역,Q5296625,matched_station_line,station_name+line:鹿児島本線,Wikidata CC0
0,6,160,上伊集院,가미이주인역,Q5296432,matched_station_line,station_name+line:鹿児島本線,Wikidata CC0
0,6,161,広木,히로키역,Q5296556,matched_station_line,station_name+line:鹿児島本線,Wikidata CC0
0,6,162,鹿児島中央,가고시마 중앙역,Q1316913,matched_station_line,station_name+line:鹿児島本線,Wikidata CC0
0,6,164,鹿児島,가고시마역,Q874167,matched_station_line,station_name+line:鹿児島本線,Wikidata CC0
0,7,3,南小倉,미나미코쿠라역,Q5360687,matched_station_line,station_name+line:日豊本線,Wikidata CC0
0,7,4,城野,조노역,Q5360752,matched_station_line,station_name+line:日豊本線,Wikidata CC0
0,7,5,安部山公園,아베야마코엔역,Q4667259,matched_station_line,station_name+line:日豊本線,Wikidata CC0
0,7,7,下曽根,시모소네역,Q5360569,matched_station_line,station_name+line:日豊本線,Wikidata CC0
0,7,9,朽網,구사미역,Q5360727,matched_station_line,station_name+line:日豊本線,Wikidata CC0
0,7,11,苅田,간다역,Q5360826,matched_station_line,station_name+line:日豊本線,Wikidata CC0
0,7,13,小波瀬西工大前,오바세니시코다이마에역,Q5360737,matched_station_line,station_name+line:日豊本線,Wikidata CC0
0,7,14,行橋,유쿠하시역,Q5360403,matched_station_line,station_name+line:日豊本線,Wikidata CC0
0,7,15,南行橋,미나미유쿠하시역,Q8011218,matched_station_line,station_name+line:日豊本線,Wikidata CC0
0,7,17,新田原,신덴바루역,Q5360079,matched_station_line,station_name+line:日豊本線,Wikidata CC0
0,7,19,築城,쓰이키역,Q5360052,matched_station_line,station_name+line:日豊本線,Wikidata CC0
0,7,21,椎田,시이다역,Q5360095,matched_station_line,station_name+line:日豊本線,Wikidata CC0
0,7,23,豊前松江,부젠쇼에역,Q5003444,matched_station_line,station_name+line:日豊本線,Wikidata CC0
0,7,25,宇島,우노시마역,Q5360061,matched_station_line,station_name+line:日豊本線,Wikidata CC0
0,7,27,三毛門,미케카도역,Q5360381,matched_station_line,station_name+line:日豊本線,Wikidata CC0
0,7,28,吉富,요시토미역,Q5360412,matched_station_line,station_name+line:日豊本線,Wikidata CC0
0,7,29,中津,나카쓰역,Q5360376,matched_station_line,station_name+line:日豊本線,Wikidata CC0
0,7,31,東中津,히가시나카쓰역,Q5360365,matched_station_line,station_name+line:日豊本線,Wikidata CC0
0,7,32,今津,이마즈역,Q5360300,matched_station_line,station_name+line:日豊本線,Wikidata CC0
0,7,33,天津,아마쓰역,Q870616,matched_station_line,station_name+line:日豊本線,Wikidata CC0
0,7,35,豊前善光寺,부젠젠코지역,Q5003445,matched_station_line,station_name+line:日豊本線,Wikidata CC0
0,7,37,柳ケ浦,야나기가우라역,Q5360192,matched_station_line,station_name+line:日豊本線,Wikidata CC0
0,7,38,豊前長洲,부젠나가스역,Q5003443,matched_station_line,station_name+line:日豊本線,Wikidata CC0
0,7,40,宇佐,우사역,Q5360282,matched_station_line,station_name+line:日豊本線,Wikidata CC0
0,7,42,西屋敷,니시야시키역,Q5360362,matched_station_line,station_name+line:日豊本線,Wikidata CC0
0,7,44,立石,다테이시역,Q5360312,matched_station_line,station_name+line:日豊本線,Wikidata CC0
0,7,46,中山香,나카야마가역,Q5360294,matched_station_line,station_name+line:日豊本線,Wikidata CC0
0,7,48,杵築,기쓰키역,Q5360203,matched_station_line,station_name+line:日豊本線,Wikidata CC0
0,7,50,大神,오가역,Q5360340,matched_station_line,station_name+line:日豊本線,Wikidata CC0
0,7,52,日出,히지역,Q5359591,matched_station_line,station_name+line:日豊本線,Wikidata CC0
0,7,53,暘谷,요코쿠역,Q5359777,matched_station_line,station_name+line:日豊本線,Wikidata CC0
0,7,54,豊後豊岡,분고토요오카역,Q4997671,matched_station_line,station_name+line:日豊本線,Wikidata CC0
0,7,56,亀川,가메가와역,Q5359653,matched_station_line,station_name+line:日豊本線,Wikidata CC0
0,7,57,別府大学,벳푸다이가쿠역,Q4890929,matched_station_line,station_name+line:日豊本線,Wikidata CC0
0,7,59,別府,벳푸역,Q4890935,matched_station_line,station_name+line:日豊本線,Wikidata CC0
0,7,60,東別府,히가시벳푸역,Q5359632,matched_station_line,station_name+line:日豊本線,Wikidata CC0
0,7,62,西大分,니시오이타역,Q5359608,matched_station_line,station_name+line:日豊本線,Wikidata CC0
0,7,63,大分,오이타역,Q861542,matched_station_line,station_name+line:日豊本線,Wikidata CC0
0,7,65,牧,마키역,Q5359391,matched_station_line,station_name+line:日豊本線,Wikidata CC0
0,7,66,高城,다카조역,Q5359485,matched_station_line,station_name+line:日豊本線,Wikidata CC0
0,7,67,鶴崎,쓰루사키역,Q5359663,matched_station_line,station_name+line:日豊本線,Wikidata CC0
0,7,68,大在,오자이역,Q5359540,matched_station_line,station_name+line:日豊本線,Wikidata CC0
0,7,70,坂ノ市,사카노이치역,Q5359526,matched_station_line,station_name+line:日豊本線,Wikidata CC0
0,7,71,幸崎,고자키역,Q5359308,matched_station_line,station_name+line:日豊本線,Wikidata CC0
0,7,72,佐志生,사시우역,Q5359647,matched_station_line,station_name+line:日豊本線,Wikidata CC0
0,7,73,下ノ江,시타노에역,Q5359068,matched_station_line,station_name+line:日豊本線,Wikidata CC0
0,7,75,熊崎,구마사키역,Q5358533,matched_station_line,station_name+line:日豊本線,Wikidata CC0
0,7,76,上臼杵,가미우스키역,Q6357203,matched_station_line,station_name+line:日豊本線,Wikidata CC0
0,7,77,臼杵,우스키역,Q5358999,matched_station_line,station_name+line:日豊本線,Wikidata CC0
0,7,78,津久見,쓰쿠미역,Q5359003,matched_station_line,station_name+line:日豊本線,Wikidata CC0
0,7,80,日代,히시로역,Q5358666,matched_station_line,station_name+line:日豊本線,Wikidata CC0
0,7,81,浅海井,아자무이역,Q873068,matched_station_line,station_name+line:日豊本線,Wikidata CC0
0,7,82,狩生,가리우역,Q5358631,matched_station_line,station_name+line:日豊本線,Wikidata CC0
0,7,83,海崎,가이자키역,Q8011073,matched_station_line,station_name+line:日豊本線,Wikidata CC0
0,7,85,佐伯,사이키역,Q5358770,matched_station_line,station_name+line:日豊本線,Wikidata CC0
0,7,86,上岡,가미오카역,Q5357786,matched_station_line,station_name+line:日豊本線,Wikidata CC0
0,7,87,直見,나오미역,Q5357485,matched_station_line,station_name+line:日豊本線,Wikidata CC0
0,7,88,直川,나오카와역,Q6964541,matched_station_line,station_name+line:日豊本線,Wikidata CC0
0,7,90,重岡,시게오카역,Q5357673,matched_station_line,station_name+line:日豊本線,Wikidata CC0
0,7,91,宗太郎,소타로역,Q5358009,matched_station_line,station_name+line:日豊本線,Wikidata CC0
0,7,92,市棚,이치타나역,Q5357923,matched_station_line,station_name+line:日豊本線,Wikidata CC0
0,7,93,北川,기타가와역,Q5357640,matched_station_line,station_name+line:日豊本線,Wikidata CC0
0,7,95,日向長井,휴가나가이역,Q899057,matched_station_line,station_name+line:日豊本線,Wikidata CC0
0,7,96,北延岡,기타노베오카역,Q5358059,matched_station_line,station_name+line:日豊本線,Wikidata CC0
0,7,97,延岡,노베오카역,Q5357994,matched_station_line,station_name+line:日豊本線,Wikidata CC0
0,7,98,南延岡,미나미노베오카역,Q5357950,matched_station_line,station_name+line:日豊本線,Wikidata CC0
0,7,100,旭ケ丘,아사히가오카역,Q5357637,matched_station_line,station_name+line:日豊本線,Wikidata CC0
0,7,101,土々呂,도토로역,Q5358003,matched_station_line,station_name+line:日豊本線,Wikidata CC0
0,7,102,門川,가도가와역,Q5357777,matched_station_line,station_name+line:日豊本線,Wikidata CC0
0,7,103,日向市,휴가시역,Q5357695,matched_station_line,station_name+line:日豊本線,Wikidata CC0
0,7,105,財光寺,자이코지역,Q898867,matched_station_line,station_name+line:日豊本線,Wikidata CC0
0,7,106,南日向,미나미휴가역,Q6862908,matched_station_line,station_name+line:日豊本線,Wikidata CC0
0,7,107,美々津,미미쓰역,Q5358050,matched_station_line,station_name+line:日豊本線,Wikidata CC0
0,7,108,東都農,히가시쓰노역,Q5357741,matched_station_line,station_name+line:日豊本線,Wikidata CC0
0,7,110,都農,쓰노역,Q5357711,matched_station_line,station_name+line:日豊本線,Wikidata CC0
0,7,111,川南,가와미나미역,Q5357937,matched_station_line,station_name+line:日豊本線,Wikidata CC0
0,7,112,高鍋,다카나베역,Q5357588,matched_station_line,station_name+line:日豊本線,Wikidata CC0
0,7,113,日向新富,휴가신토미역,Q5357437,matched_station_line,station_name+line:日豊本線,Wikidata CC0
0,7,115,佐土原,사도와라역,Q5360779,matched_station_line,station_name+line:日豊本線,Wikidata CC0
0,7,117,日向住吉,휴가스미요시역,Q5357595,matched_station_line,station_name+line:日豊本線,Wikidata CC0
0,7,119,蓮ケ池,하스가이케역,Q5357244,matched_station_line,station_name+line:日豊本線,Wikidata CC0
0,7,120,宮崎神宮,미야자키진구역,Q5357473,matched_station_line,station_name+line:日豊本線,Wikidata CC0
0,7,122,宮崎,미야자키역,Q899703,matched_station_line,station_name+line:日豊本線,Wikidata CC0
0,7,123,南宮崎,미나미미야자키역,Q899171,matched_station_line,station_name+line:日豊本線,Wikidata CC0
0,7,124,加納,가노역,Q5357469,matched_station_line,station_name+line:日豊本線,Wikidata CC0
0,7,125,清武,기요타케역,Q5357380,matched_station_line,station_name+line:日豊本線,Wikidata CC0
0,7,127,日向沓掛,휴가쿠쓰카케역,Q5357514,matched_station_line,station_name+line:日豊本線,Wikidata CC0
0,7,128,田野,다노역,Q5357255,matched_station_line,station_name+line:日豊本線,Wikidata CC0
0,7,129,青井岳,아오이다케역,Q899300,matched_station_line,station_name+line:日豊本線,Wikidata CC0
0,7,130,山之口,야마노쿠치역,Q5357273,matched_station_line,station_name+line:日豊本線,Wikidata CC0
0,7,132,餅原,모치바루역,Q5357616,matched_station_line,station_name+line:日豊本線,Wikidata CC0
0,7,133,三股,미마타역,Q5357483,matched_station_line,station_name+line:日豊本線,Wikidata CC0
0,7,134,都城,미야코노조역,Q899376,matched_station_line,station_name+line:日豊本線,Wikidata CC0
0,7,135,西都城,니시미야코노조역,Q5357443,matched_station_line,station_name+line:日豊本線,Wikidata CC0
0,7,137,五十市,이소이치역,Q5357584,matched_station_line,station_name+line:日豊本線,Wikidata CC0
0,7,138,財部,다카라베역,Q5357407,matched_station_line,station_name+line:日豊本線,Wikidata CC0
0,7,139,北俣,기타마타역,Q5357223,matched_station_line,station_name+line:日豊本線,Wikidata CC0
0,7,140,大隅大川原,오스미오카와라역,Q5357231,matched_station_line,station_name+line:日豊本線,Wikidata CC0
0,7,142,北永野田,기타나가노다역,Q5357406,matched_station_line,station_name+line:日豊本線,Wikidata CC0
0,7,143,霧島神宮,기리시마진구역,Q6415333,matched_station_line,station_name+line:日豊本線,Wikidata CC0
0,7,144,国分,고쿠부역,Q5357374,matched_station_line,station_name+line:日豊本線,Wikidata CC0
0,7,145,隼人,하야토역,Q5357506,matched_station_line,station_name+line:日豊本線,Wikidata CC0
0,7,147,加治木,가지키역,Q5357424,matched_station_line,station_name+line:日豊本線,Wikidata CC0
0,7,148,錦江,긴코역,Q5357318,matched_station_line,station_name+line:日豊本線,Wikidata CC0
0,7,149,帖佐,조사역,Q5119002,matched_station_line,station_name+line:日豊本線,Wikidata CC0
0,7,150,姶良,아이라역,Q900364,matched_station_line,station_name+line:日豊本線,Wikidata CC0
0,7,151,重富,시게토미역,Q5373899,matched_station_line,station_name+line:日豊本線,Wikidata CC0
0,7,153,竜ケ水,류가미즈역,Q5373890,matched_station_line,station_name+line:日豊本線,Wikidata CC0
0,7,154,仙巌園,센간엔역,Q49854035,matched_station_line,station_name+line:日豊本線,Wikidata CC0
0,9,2,坂田,사카타역,Q1037076,matched_station_line,station_name+line:北陸本線,Wikidata CC0
0,9,3,田村,다무라역,Q1037100,matched_station_line,station_name+line:北陸本線,Wikidata CC0
0,9,4,長浜,나가하마역,Q1037083,matched_station_line,station_name+line:北陸本線,Wikidata CC0
0,9,6,虎姫,도라히메역,Q8009862,matched_station_line,station_name+line:北陸本線,Wikidata CC0
0,9,7,河毛,가와케역,Q5365887,matched_station_line,station_name+line:北陸本線,Wikidata CC0
0,9,8,高月,다카쓰키역,Q5365710,matched_station_line,station_name+line:北陸本線,Wikidata CC0
0,9,9,木ノ本,기노모토역,Q5366594,matched_station_line,station_name+line:北陸本線,Wikidata CC0
0,9,11,余呉,요고역,Q5365698,matched_station_line,station_name+line:北陸本線,Wikidata CC0
0,9,12,近江塩津,오미시오쓰역,Q3611081,matched_station_line,station_name+line:北陸本線,Wikidata CC0
0,9,13,新疋田,신히키다역,Q5364073,matched_station_line,station_name+line:北陸本線,Wikidata CC0
0,9,15,敦賀,쓰루가역,Q5364670,matched_station_line,station_name+line:北陸新幹線,Wikidata CC0
0,9,16,南今庄,미나미이마조역,Q5359879,matched_station_line,station_name_only,Wikidata CC0
0,9,17,今庄,이마조역,Q5359962,matched_station_line,station_name_only,Wikidata CC0
0,9,18,湯尾,유노오역,Q5359995,matched_station_line,station_name_only,Wikidata CC0
0,9,20,南条,난조역,Q5360318,matched_station_line,station_name_only,Wikidata CC0
0,9,21,王子保,오시오역,Q5359890,matched_station_line,station_name_only,Wikidata CC0
0,9,22,武生,다케후역,Q2815926,matched_station_line,station_name_only,Wikidata CC0
0,9,23,鯖江,사바에역,Q5359863,matched_station_line,station_name_only,Wikidata CC0
0,9,24,越前たけふ,에치젠타케후역,Q6962163,matched_station_line,station_name+line:北陸新幹線,Wikidata CC0
0,9,25,北鯖江,기타사바에역,Q5359902,matched_station_line,station_name_only,Wikidata CC0
0,9,26,大土呂,오도로역,Q5359873,matched_station_line,station_name_only,Wikidata CC0
0,9,27,越前花堂,에치젠하난도역,Q898457,matched_station_line,station_name_only,Wikidata CC0
0,9,28,福井,후쿠이역,Q867992,matched_station_line,station_name+line:北陸本線,Wikidata CC0
0,9,30,森田,모리타역,Q5359882,matched_station_line,station_name_only,Wikidata CC0
0,9,31,春江,하루에역,Q5359897,matched_station_line,station_name_only,Wikidata CC0
0,9,32,丸岡,마루오카역,Q5359723,matched_station_line,station_name_only,Wikidata CC0
0,9,33,芦原温泉,아와라온센역,Q4829830,matched_station_line,station_name+line:北陸新幹線,Wikidata CC0
0,9,35,細呂木,호소로기역,Q5359908,matched_station_line,station_name_only,Wikidata CC0
0,9,36,牛ノ谷,우시노야역,Q5359834,matched_station_line,station_name_only,Wikidata CC0
0,9,37,大聖寺,다이쇼지역,Q3701465,matched_station_line,station_name_only,Wikidata CC0
0,9,38,加賀温泉,가가온센역,Q5359613,matched_station_line,station_name+line:北陸新幹線,Wikidata CC0
0,9,40,動橋,이부리하시역,Q3611075,matched_station_line,station_name_only,Wikidata CC0
0,9,43,小松,고마쓰역,Q5359990,matched_station_line,station_name+line:北陸新幹線,Wikidata CC0
0,9,44,明峰,메이호역,Q6810028,matched_station_line,station_name_only,Wikidata CC0
0,9,45,能美根上,노미네아가리역,Q5359868,matched_station_line,station_name_only,Wikidata CC0
0,9,46,小舞子,고마이코역,Q5359932,matched_station_line,station_name_only,Wikidata CC0
0,9,48,美川,미카와역,Q5359889,matched_station_line,station_name_only,Wikidata CC0
0,9,49,加賀笠間,가가카사마역,Q5359826,matched_station_line,station_name_only,Wikidata CC0
0,9,51,松任,맛토역,Q5359660,matched_station_line,station_name_only,Wikidata CC0
0,9,53,野々市,노노이치역,Q3701479,matched_station_line,station_name_only,Wikidata CC0
0,9,54,西金沢,니시카나자와역,Q5359940,matched_station_line,station_name_only,Wikidata CC0
0,9,55,金沢,가나자와역,Q1136378,matched_station_line,station_name+line:北陸新幹線,Wikidata CC0
0,9,59,津幡,쓰바타역,Q3701490,matched_station_line,station_name_only,Wikidata CC0
0,9,65,新高岡,신타카오카역,Q7497129,matched_station_line,station_name+line:城端線,Wikidata CC0
0,9,66,高岡,다카오카역,Q871547,matched_station_line,station_name_only,Wikidata CC0
0,9,67,越中大門,엣추다이몬역,Q5359830,matched_station_line,station_name_only,Wikidata CC0
0,9,72,富山,도야마역,Q1053070,matched_station_line,station_name+line:北陸新幹線,Wikidata CC0
0,9,79,魚津,우오즈역,Q5359637,matched_station_line,station_name_only,Wikidata CC0
0,9,80,黒部,구로베역,Q5359624,matched_station_line,station_name_only,Wikidata CC0
0,9,81,黒部宇奈月温泉,구로베우나즈키온센역,Q7497114,matched_station_line,station_name+line:北陸新幹線,Wikidata CC0
0,9,92,糸魚川,이토이가와역,Q871596,matched_station_line,station_name+line:北陸新幹線,Wikidata CC0
0,10,2,兵庫,효고역,Q59517,matched_station_line,station_name+line:山陽本線,Wikidata CC0
0,10,3,新長田,신나가타역,Q1066558,matched_station_line,station_name+line:山陽本線,Wikidata CC0
0,10,4,鷹取,다카토리역,Q1042843,matched_station_line,station_name+line:山陽本線,Wikidata CC0
0,10,5,須磨海浜公園,스마카이힌코엔역,Q1042500,matched_station_line,station_name+line:山陽本線,Wikidata CC0
0,10,7,須磨,스마역,Q1038106,matched_station_line,station_name+line:山陽本線,Wikidata CC0
0,10,8,塩屋,시오야역,Q1042483,matched_station_line,station_name+line:山陽本線,Wikidata CC0
0,10,9,垂水,다루미역,Q774385,matched_station_line,station_name+line:山陽本線,Wikidata CC0
0,10,10,舞子,마이코역,Q1042776,matched_station_line,station_name+line:山陽本線,Wikidata CC0
0,10,12,朝霧,아사기리역,Q1131227,matched_station_line,station_name+line:山陽本線,Wikidata CC0
0,10,13,明石,아카시역,Q1155118,matched_station_line,station_name+line:山陽本線,Wikidata CC0
0,10,16,西明石,니시아카시역,Q590272,matched_station_line,station_name+line:山陽新幹線,Wikidata CC0
0,10,17,大久保,오쿠보역,Q1042802,matched_station_line,station_name+line:山陽本線,Wikidata CC0
0,10,19,魚住,우오즈미역,Q1042649,matched_station_line,station_name+line:山陽本線,Wikidata CC0
0,10,21,土山,쓰치야마역,Q1042653,matched_station_line,station_name+line:山陽本線,Wikidata CC0
0,10,23,東加古川,히가시카코가와역,Q1042643,matched_station_line,station_name+line:山陽本線,Wikidata CC0
0,10,25,加古川,가코가와역,Q1131004,matched_station_line,station_name+line:山陽本線,Wikidata CC0
0,10,27,宝殿,호덴역,Q1042820,matched_station_line,station_name+line:山陽本線,Wikidata CC0
0,10,29,曽根,소네역,Q610943,matched_station_line,station_name+line:山陽本線,Wikidata CC0
0,10,30,ひめじ別所,히메지벳쇼역,Q1042447,matched_station_line,station_name+line:山陽本線,Wikidata CC0
0,10,31,御着,고차쿠역,Q1042454,matched_station_line,station_name+line:山陽本線,Wikidata CC0
0,10,32,東姫路,히가시히메지역,Q21065659,matched_station_line,station_name+line:山陽本線,Wikidata CC0
0,10,33,姫路,히메지역,Q119301,matched_station_line,station_name+line:山陽新幹線,Wikidata CC0
0,10,34,手柄山平和公園,데가라야마헤이와코엔역,Q135906413,matched_station_line,station_name+line:山陽本線,Wikidata CC0
0,10,35,英賀保,아가호역,Q857465,matched_station_line,station_name+line:山陽本線,Wikidata CC0
0,10,36,はりま勝原,하리마카쓰하라역,Q5366569,matched_station_line,station_name+line:山陽本線,Wikidata CC0
0,10,37,網干,아보시역,Q3611088,matched_station_line,station_name+line:山陽本線,Wikidata CC0
0,10,39,竜野,다쓰노역,Q5366259,matched_station_line,station_name+line:山陽本線,Wikidata CC0
0,10,40,相生,아이오이역,Q1132350,matched_station_line,station_name+line:山陽新幹線,Wikidata CC0
0,10,42,有年,우네역,Q5360748,matched_station_line,station_name+line:山陽本線,Wikidata CC0
0,10,43,上郡,가미고리역,Q869209,matched_station_line,station_name+line:山陽本線,Wikidata CC0
0,10,45,三石,미쓰이시역,Q3611272,matched_station_line,station_name+line:山陽本線,Wikidata CC0
0,10,46,吉永,요시나가역,Q3611222,matched_station_line,station_name+line:山陽本線,Wikidata CC0
0,10,47,和気,와케역,Q7960956,matched_station_line,station_name+line:山陽本線,Wikidata CC0
0,10,48,熊山,구마야마역,Q5360774,matched_station_line,station_name+line:山陽本線,Wikidata CC0
0,10,50,万富,만토미역,Q5360832,matched_station_line,station_name+line:山陽本線,Wikidata CC0
0,10,52,瀬戸,세토역,Q844625,matched_station_line,station_name+line:山陽本線,Wikidata CC0
0,10,53,上道,조토역,Q3611216,matched_station_line,station_name+line:山陽本線,Wikidata CC0
0,10,54,東岡山,히가시오카야마역,Q3661769,matched_station_line,station_name+line:山陽本線,Wikidata CC0
0,10,55,高島,다카시마역,Q5360396,matched_station_line,station_name+line:山陽本線,Wikidata CC0
0,10,56,西川原,니시가와라역,Q6148910,matched_station_line,station_name+line:山陽本線,Wikidata CC0
0,10,57,岡山,오카야마역,Q801293,matched_station_line,station_name+line:山陽新幹線,Wikidata CC0
0,10,58,北長瀬,기타나가세역,Q5360787,matched_station_line,station_name+line:山陽本線,Wikidata CC0
0,10,59,庭瀬,니와세역,Q5360428,matched_station_line,station_name+line:山陽本線,Wikidata CC0
0,10,60,中庄,나카쇼역,Q5360367,matched_station_line,station_name+line:山陽本線,Wikidata CC0
0,10,62,倉敷,구라시키역,Q844677,matched_station_line,station_name+line:山陽本線,Wikidata CC0
0,10,63,西阿知,니시아치역,Q7040502,matched_station_line,station_name+line:山陽本線,Wikidata CC0
0,10,65,新倉敷,신쿠라시키역,Q1067908,matched_station_line,station_name+line:山陽新幹線,Wikidata CC0
0,10,67,金光,곤코역,Q5358738,matched_station_line,station_name+line:山陽本線,Wikidata CC0
0,10,68,鴨方,가모가타역,Q5359014,matched_station_line,station_name+line:山陽本線,Wikidata CC0
0,10,69,里庄,사토쇼역,Q5358528,matched_station_line,station_name+line:山陽本線,Wikidata CC0
0,10,71,笠岡,가사오카역,Q5358698,matched_station_line,station_name+line:山陽本線,Wikidata CC0
0,10,72,大門,다이몬 역 (히로시마 현),Q5209456,matched_station_line,station_name+line:山陽本線,Wikidata CC0
0,10,73,東福山,히가시후쿠야마역,Q5358627,matched_station_line,station_name+line:山陽本線,Wikidata CC0
0,10,74,福山,후쿠야마역,Q800797,matched_station_line,station_name+line:山陽新幹線,Wikidata CC0
0,10,76,備後赤坂,빈고아카사카역,Q3661923,matched_station_line,station_name+line:山陽本線,Wikidata CC0
0,10,77,松永,마쓰나가역,Q5359113,matched_station_line,station_name+line:山陽本線,Wikidata CC0
0,10,78,東尾道,히가시오노미치역,Q3661775,matched_station_line,station_name+line:山陽本線,Wikidata CC0
0,10,79,尾道,오노미치역,Q861547,matched_station_line,station_name+line:山陽本線,Wikidata CC0
0,10,81,糸崎,이토자키역,Q5359011,matched_station_line,station_name+line:山陽本線,Wikidata CC0
0,10,83,三原,미하라역,Q1136514,matched_station_line,station_name+line:山陽新幹線,Wikidata CC0
0,10,86,本郷,혼고역,Q3611292,matched_station_line,station_name+line:山陽本線,Wikidata CC0
0,10,88,河内,고치역,Q5358979,matched_station_line,station_name+line:山陽本線,Wikidata CC0
0,10,89,入野,뉴노역,Q5358744,matched_station_line,station_name+line:山陽本線,Wikidata CC0
0,10,91,白市,시라이치역,Q5358575,matched_station_line,station_name+line:山陽本線,Wikidata CC0
0,10,92,西高屋,니시타카야역,Q5358545,matched_station_line,station_name+line:山陽本線,Wikidata CC0
0,10,93,西条,사이조역,Q5358968,matched_station_line,station_name+line:山陽本線,Wikidata CC0
0,10,95,八本松,하치혼마쓰역,Q5358976,matched_station_line,station_name+line:山陽本線,Wikidata CC0
0,10,96,瀬野,세노역,Q5358731,matched_station_line,station_name+line:山陽本線,Wikidata CC0
0,10,97,中野東,나카노히가시역,Q5358591,matched_station_line,station_name+line:山陽本線,Wikidata CC0
0,10,98,安芸中野,아키나카노역,Q873122,matched_station_line,station_name+line:山陽本線,Wikidata CC0
0,10,100,海田市,가이타이치역,Q5358715,matched_station_line,station_name+line:山陽本線,Wikidata CC0
0,10,101,向洋,무카이나다역,Q5359178,matched_station_line,station_name+line:山陽本線,Wikidata CC0
0,10,102,天神川,덴진가와역,Q5358471,matched_station_line,station_name+line:山陽本線,Wikidata CC0
0,10,103,広島,히로시마역,Q576459,matched_station_line,station_name+line:山陽新幹線,Wikidata CC0
0,10,104,新白島,신하쿠시마역,Q11579666,matched_station_line,station_name+line:山陽本線,Wikidata CC0
0,10,105,横川,요코가와역,Q5367861,matched_station_line,station_name+line:山陽本線,Wikidata CC0
0,10,106,西広島,니시히로시마역,Q5358388,matched_station_line,station_name+line:山陽本線,Wikidata CC0
0,10,107,新井口,신이노구치역,Q5358598,matched_station_line,station_name+line:山陽本線,Wikidata CC0
0,10,108,五日市,이쓰카이치역,Q5358368,matched_station_line,station_name+line:山陽本線,Wikidata CC0
0,10,110,廿日市,하쓰카이치역,Q5358343,matched_station_line,station_name+line:山陽本線,Wikidata CC0
0,10,111,宮内串戸,미야우치쿠시도역,Q5358350,matched_station_line,station_name+line:山陽本線,Wikidata CC0
0,10,112,阿品,아지나역,Q873664,matched_station_line,station_name+line:山陽本線,Wikidata CC0
0,10,113,宮島口,미야지마구치역,Q875417,matched_station_line,station_name+line:山陽本線,Wikidata CC0
0,10,114,前空,마에조라역,Q5358411,matched_station_line,station_name+line:山陽本線,Wikidata CC0
0,10,116,大野浦,오노우라역,Q8009775,matched_station_line,station_name+line:山陽本線,Wikidata CC0
0,10,118,玖波,구바역,Q5358433,matched_station_line,station_name+line:山陽本線,Wikidata CC0
0,10,120,大竹,오타케역,Q5358298,matched_station_line,station_name+line:山陽本線,Wikidata CC0
0,10,121,和木,와키역,Q5358372,matched_station_line,station_name+line:山陽本線,Wikidata CC0
0,10,122,岩国,이와쿠니역,Q5358387,matched_station_line,station_name+line:山陽本線,Wikidata CC0
0,10,124,南岩国,미나미이와쿠니역,Q8011236,matched_station_line,station_name+line:山陽本線,Wikidata CC0
0,10,125,藤生,후주역,Q5357867,matched_station_line,station_name+line:山陽本線,Wikidata CC0
0,10,127,通津,쓰즈역,Q5358160,matched_station_line,station_name+line:山陽本線,Wikidata CC0
0,10,128,由宇,유우역,Q5357881,matched_station_line,station_name+line:山陽本線,Wikidata CC0
0,10,130,神代,고지로역,Q5358169,matched_station_line,station_name+line:山陽本線,Wikidata CC0
0,10,131,大畠,오바타케역,Q5358101,matched_station_line,station_name+line:山陽本線,Wikidata CC0
0,10,133,柳井港,야나이미나토역,Q5357645,matched_station_line,station_name+line:山陽本線,Wikidata CC0
0,10,134,柳井,야나이역,Q5357965,matched_station_line,station_name+line:山陽本線,Wikidata CC0
0,10,136,田布施,다부세역,Q5357666,matched_station_line,station_name+line:山陽本線,Wikidata CC0
0,10,137,岩田,이와타역,Q5357651,matched_station_line,station_name+line:山陽本線,Wikidata CC0
0,10,139,島田,시마타역,Q7496848,matched_station_line,station_name+line:山陽本線,Wikidata CC0
0,10,140,光,히카리역,Q5358076,matched_station_line,station_name+line:山陽本線,Wikidata CC0
0,10,142,下松,구다마쓰역,Q5357682,matched_station_line,station_name+line:山陽本線,Wikidata CC0
0,10,143,櫛ケ浜,구시가하마역,Q5357953,matched_station_line,station_name+line:山陽本線,Wikidata CC0
0,10,145,徳山,도쿠야마역,Q1136709,matched_station_line,station_name+line:山陽新幹線,Wikidata CC0
0,10,146,新南陽,신난요역,Q5357664,matched_station_line,station_name+line:山陽本線,Wikidata CC0
0,10,147,福川,후쿠가와역,Q5357925,matched_station_line,station_name+line:山陽本線,Wikidata CC0
0,10,148,戸田,헤타역,Q5358048,matched_station_line,station_name+line:山陽本線,Wikidata CC0
0,10,150,富海,도노미역,Q5357700,matched_station_line,station_name+line:山陽本線,Wikidata CC0
0,10,151,防府,호후역,Q5357631,matched_station_line,station_name+line:山陽本線,Wikidata CC0
0,10,152,大道,다이도역,Q5209088,matched_station_line,station_name+line:山陽本線,Wikidata CC0
0,10,153,四辻,요쓰쓰지역,Q5358028,matched_station_line,station_name+line:山陽本線,Wikidata CC0
0,10,155,新山口,신야마구치역,Q1136574,matched_station_line,station_name+line:山陽新幹線,Wikidata CC0
0,10,156,嘉川,가가와역,Q5357947,matched_station_line,station_name+line:山陽本線,Wikidata CC0
0,10,157,本由良,혼유라역,Q5357987,matched_station_line,station_name+line:山陽本線,Wikidata CC0
0,10,158,厚東,고토역,Q5358095,matched_station_line,station_name+line:山陽本線,Wikidata CC0
0,10,160,宇部,우베역,Q5357988,matched_station_line,station_name+line:山陽本線,Wikidata CC0
0,10,161,小野田,오노다역,Q5358039,matched_station_line,station_name+line:山陽本線,Wikidata CC0
0,10,162,厚狭,아사역,Q1136582,matched_station_line,station_name+line:山陽新幹線,Wikidata CC0
0,10,163,埴生,하부역,Q5636995,matched_station_line,station_name+line:山陽本線,Wikidata CC0
0,10,165,小月,오즈키역,Q3611296,matched_station_line,station_name+line:山陽本線,Wikidata CC0
0,10,167,長府,조후 역 (야마구치 현),Q5118987,matched_station_line,station_name+line:山陽本線,Wikidata CC0
0,10,170,新下関,신시모노세키역,Q1074353,matched_station_line,station_name+line:山陽新幹線,Wikidata CC0
0,10,172,幡生,하타부역,Q861522,matched_station_line,station_name+line:山陽本線,Wikidata CC0
0,10,174,下関,시모노세키역,Q1130253,matched_station_line,station_name+line:山陽本線,Wikidata CC0
0,11,2,梅小路京都西,우메코지교토니시역,Q55670097,matched_station_line,station_name+line:山陰本線,Wikidata CC0
0,11,3,丹波口,단바구치역,Q129977,matched_station_line,station_name+line:山陰本線,Wikidata CC0
0,11,4,二条,니조역,Q1130699,matched_station_line,station_name+line:山陰本線,Wikidata CC0
0,11,6,円町,엔마치역,Q1038346,matched_station_line,station_name+line:山陰本線,Wikidata CC0
0,11,7,花園,하나조노역,Q1044135,matched_station_line,station_name+line:山陰本線,Wikidata CC0
0,11,8,太秦,우즈마사역,Q1044091,matched_station_line,station_name+line:山陰本線,Wikidata CC0
0,11,9,嵯峨嵐山,사가아라시야마역,Q1044127,matched_station_line,station_name+line:山陰本線,Wikidata CC0
0,11,11,保津峡,호즈쿄역,Q130505,matched_station_line,station_name+line:山陰本線,Wikidata CC0
0,11,12,馬堀,우마호리역,Q1044103,matched_station_line,station_name+line:山陰本線,Wikidata CC0
0,11,14,亀岡,가메오카역,Q1043696,matched_station_line,station_name+line:山陰本線,Wikidata CC0
0,11,15,並河,나미카와역,Q1044211,matched_station_line,station_name+line:山陰本線,Wikidata CC0
0,11,16,千代川,지요카와역,Q1043705,matched_station_line,station_name+line:山陰本線,Wikidata CC0
0,11,18,八木,야기역,Q1043724,matched_station_line,station_name+line:山陰本線,Wikidata CC0
0,11,19,吉富,요시토미역,Q1044085,matched_station_line,station_name+line:山陰本線,Wikidata CC0
0,11,20,園部,소노베역,Q1044120,matched_station_line,station_name+line:山陰本線,Wikidata CC0
0,11,22,船岡,후나오카역,Q871669,matched_station_line,station_name+line:山陰本線,Wikidata CC0
0,11,23,日吉,히요시역,Q871551,matched_station_line,station_name+line:山陰本線,Wikidata CC0
0,11,24,鍼灸大学前,신큐다이가쿠마에역,Q871093,matched_station_line,station_name+line:山陰本線,Wikidata CC0
0,11,25,胡麻,고마역,Q369597,matched_station_line,station_name+line:山陰本線,Wikidata CC0
0,11,27,下山,시모야마역,Q871720,matched_station_line,station_name+line:山陰本線,Wikidata CC0
0,11,29,和知,와치역,Q870939,matched_station_line,station_name+line:山陰本線,Wikidata CC0
0,11,30,安栖里,아세리역,Q871103,matched_station_line,station_name+line:山陰本線,Wikidata CC0
0,11,31,立木,다치키역,Q871559,matched_station_line,station_name+line:山陰本線,Wikidata CC0
0,11,32,山家,야마가역,Q871068,matched_station_line,station_name+line:山陰本線,Wikidata CC0
0,11,34,綾部,아야베역,Q871639,matched_station_line,station_name+line:山陰本線,Wikidata CC0
0,11,35,高津,다카쓰역,Q872015,matched_station_line,station_name+line:山陰本線,Wikidata CC0
0,11,36,石原,이사역,Q871655,matched_station_line,station_name+line:山陰本線,Wikidata CC0
0,11,38,福知山,후쿠치야마역,Q1131673,matched_station_line,station_name+line:山陰本線,Wikidata CC0
0,11,40,上川口,가미카와구치역,Q871729,matched_station_line,station_name+line:山陰本線,Wikidata CC0
0,11,42,下夜久野,시모야쿠노역,Q872444,matched_station_line,station_name+line:山陰本線,Wikidata CC0
0,11,43,上夜久野,가미야쿠노역,Q871797,matched_station_line,station_name+line:山陰本線,Wikidata CC0
0,11,44,梁瀬,야나세역,Q870907,matched_station_line,station_name+line:山陰本線,Wikidata CC0
0,11,45,和田山,와다야마역,Q871879,matched_station_line,station_name+line:山陰本線,Wikidata CC0
0,11,47,養父,야부역,Q871175,matched_station_line,station_name+line:山陰本線,Wikidata CC0
0,11,48,八鹿,요카역,Q870988,matched_station_line,station_name+line:山陰本線,Wikidata CC0
0,11,49,江原,에바라역,Q871691,matched_station_line,station_name+line:山陰本線,Wikidata CC0
0,11,50,国府,고쿠후역,Q847167,matched_station_line,station_name+line:山陰本線,Wikidata CC0
0,11,52,豊岡,도요오카역,Q871612,matched_station_line,station_name+line:山陰本線,Wikidata CC0
0,11,53,玄武洞,겐부도역,Q871678,matched_station_line,station_name+line:山陰本線,Wikidata CC0
0,11,54,城崎温泉,기노사키온센역,Q1055689,matched_station_line,station_name+line:山陰本線,Wikidata CC0
0,11,55,竹野,다케노역,Q870915,matched_station_line,station_name+line:山陰本線,Wikidata CC0
0,11,57,佐津,사쓰역,Q871163,matched_station_line,station_name+line:山陰本線,Wikidata CC0
0,11,58,柴山,시바야마역,Q872074,matched_station_line,station_name+line:山陰本線,Wikidata CC0
0,11,59,香住,가스미역,Q871756,matched_station_line,station_name+line:山陰本線,Wikidata CC0
0,11,60,鎧,요로이역,Q870926,matched_station_line,station_name+line:山陰本線,Wikidata CC0
0,11,61,餘部,아마루베역,Q870934,matched_station_line,station_name+line:山陰本線,Wikidata CC0
0,11,62,久谷,구타니역,Q872083,matched_station_line,station_name+line:山陰本線,Wikidata CC0
0,11,64,浜坂,하마사카역,Q872032,matched_station_line,station_name+line:山陰本線,Wikidata CC0
0,11,65,諸寄,모로요세역,Q899634,matched_station_line,station_name+line:山陰本線,Wikidata CC0
0,11,66,居組,이구미역,Q899443,matched_station_line,station_name+line:山陰本線,Wikidata CC0
0,11,67,東浜,히가시하마역,Q899136,matched_station_line,station_name+line:山陰本線,Wikidata CC0
0,11,69,岩美,이와미역,Q899398,matched_station_line,station_name+line:山陰本線,Wikidata CC0
0,11,70,大岩,오이와역,Q899457,matched_station_line,station_name+line:山陰本線,Wikidata CC0
0,11,71,福部,후쿠베역,Q899483,matched_station_line,station_name+line:山陰本線,Wikidata CC0
0,11,72,鳥取,돗토리역,Q858295,matched_station_line,station_name+line:山陰本線,Wikidata CC0
0,11,74,湖山,고야마역,Q899280,matched_station_line,station_name+line:山陰本線,Wikidata CC0
0,11,75,鳥取大学前,돗토리다이가쿠마에역,Q899690,matched_station_line,station_name+line:山陰本線,Wikidata CC0
0,11,76,末恒,스에쓰네역,Q899337,matched_station_line,station_name+line:山陰本線,Wikidata CC0
0,11,77,宝木,호기역,Q899305,matched_station_line,station_name+line:山陰本線,Wikidata CC0
0,11,78,浜村,하마무라역,Q899246,matched_station_line,station_name+line:山陰本線,Wikidata CC0
0,11,79,青谷,아오야역,Q899423,matched_station_line,station_name+line:山陰本線,Wikidata CC0
0,11,80,泊,도마리역,Q899296,matched_station_line,station_name+line:山陰本線,Wikidata CC0
0,11,81,松崎,마쓰자키역,Q899411,matched_station_line,station_name+line:山陰本線,Wikidata CC0
0,11,82,倉吉,구라요시역,Q899254,matched_station_line,station_name+line:山陰本線,Wikidata CC0
0,11,84,下北条,시모호조역,Q900470,matched_station_line,station_name+line:山陰本線,Wikidata CC0
0,11,85,由良,유라역,Q899737,matched_station_line,station_name+line:山陰本線,Wikidata CC0
0,11,86,浦安,우라야스역,Q900577,matched_station_line,station_name+line:山陰本線,Wikidata CC0
0,11,87,八橋,야바세역,Q899958,matched_station_line,station_name+line:山陰本線,Wikidata CC0
0,11,89,赤碕,아카사키역,Q899752,matched_station_line,station_name+line:山陰本線,Wikidata CC0
0,11,90,中山口,나카야마구치역,Q900346,matched_station_line,station_name+line:山陰本線,Wikidata CC0
0,11,91,下市,시모이치역,Q900573,matched_station_line,station_name+line:山陰本線,Wikidata CC0
0,11,92,御来屋,미쿠리야역,Q900618,matched_station_line,station_name+line:山陰本線,Wikidata CC0
0,11,94,名和,나와역,Q431947,matched_station_line,station_name+line:山陰本線,Wikidata CC0
0,11,95,大山口,다이센구치역,Q900286,matched_station_line,station_name+line:山陰本線,Wikidata CC0
0,11,96,淀江,요도에역,Q900244,matched_station_line,station_name+line:山陰本線,Wikidata CC0
0,11,97,伯耆大山,호키다이센역,Q1059170,matched_station_line,station_name+line:山陰本線,Wikidata CC0
0,11,98,東山公園,히가시야마코엔역,Q1058066,matched_station_line,station_name+line:山陰本線,Wikidata CC0
0,11,99,米子,요나고역,Q1139558,matched_station_line,station_name+line:山陰本線,Wikidata CC0
0,11,100,安来,야스기역,Q5357024,matched_station_line,station_name+line:山陰本線,Wikidata CC0
0,11,101,荒島,아라시마역,Q4784373,matched_station_line,station_name+line:山陰本線,Wikidata CC0
0,11,102,揖屋,이야역,Q5357033,matched_station_line,station_name+line:山陰本線,Wikidata CC0
0,11,104,東松江,히가시마쓰에역,Q5357082,matched_station_line,station_name+line:山陰本線,Wikidata CC0
0,11,105,松江,마쓰에역,Q1058652,matched_station_line,station_name+line:山陰本線,Wikidata CC0
0,11,106,乃木,노기역,Q5356159,matched_station_line,station_name+line:山陰本線,Wikidata CC0
0,11,107,玉造温泉,다마쓰쿠리온센역,Q3611066,matched_station_line,station_name+line:山陰本線,Wikidata CC0
0,11,109,来待,기마치역,Q5356520,matched_station_line,station_name+line:山陰本線,Wikidata CC0
0,11,110,宍道,신지역,Q3611061,matched_station_line,station_name+line:山陰本線,Wikidata CC0
0,11,111,荘原,쇼바라역,Q5355723,matched_station_line,station_name+line:山陰本線,Wikidata CC0
0,11,112,直江,나오에역,Q6964523,matched_station_line,station_name+line:山陰本線,Wikidata CC0
0,11,114,出雲市,이즈모시역,Q860288,matched_station_line,station_name+line:山陰本線,Wikidata CC0
0,11,115,西出雲,니시이즈모역,Q861518,matched_station_line,station_name+line:山陰本線,Wikidata CC0
0,11,116,出雲神西,이즈모진자이역,Q5356623,matched_station_line,station_name+line:山陰本線,Wikidata CC0
0,11,117,江南,고난역,Q5355821,matched_station_line,station_name+line:山陰本線,Wikidata CC0
0,11,118,小田,오다역,Q5356502,matched_station_line,station_name+line:山陰本線,Wikidata CC0
0,11,119,田儀,다기역,Q5356698,matched_station_line,station_name+line:山陰本線,Wikidata CC0
0,11,120,波根,하네역,Q5355802,matched_station_line,station_name+line:山陰本線,Wikidata CC0
0,11,121,久手,구테역,Q8009740,matched_station_line,station_name+line:山陰本線,Wikidata CC0
0,11,122,大田市,오다시역,Q5356122,matched_station_line,station_name+line:山陰本線,Wikidata CC0
0,11,124,静間,시즈마역,Q5356765,matched_station_line,station_name+line:山陰本線,Wikidata CC0
0,11,125,五十猛,이소타케역,Q5355692,matched_station_line,station_name+line:山陰本線,Wikidata CC0
0,11,126,仁万,니마역,Q5355961,matched_station_line,station_name+line:山陰本線,Wikidata CC0
0,11,127,馬路,마지역,Q5356662,matched_station_line,station_name+line:山陰本線,Wikidata CC0
0,11,129,湯里,유사토역,Q5355643,matched_station_line,station_name+line:山陰本線,Wikidata CC0
0,11,130,温泉津,유노쓰역,Q5355671,matched_station_line,station_name+line:山陰本線,Wikidata CC0
0,11,131,石見福光,이와미후쿠미쓰역,Q5355394,matched_station_line,station_name+line:山陰本線,Wikidata CC0
0,11,132,黒松,구로마쓰역,Q6446347,matched_station_line,station_name+line:山陰本線,Wikidata CC0
0,11,134,浅利,아사리역,Q4803613,matched_station_line,station_name+line:山陰本線,Wikidata CC0
0,11,135,江津,고쓰역,Q3611257,matched_station_line,station_name+line:山陰本線,Wikidata CC0
0,11,136,都野津,쓰노즈역,Q7850238,matched_station_line,station_name+line:山陰本線,Wikidata CC0
0,11,137,敬川,우야가와역,Q7904087,matched_station_line,station_name+line:山陰本線,Wikidata CC0
0,11,139,波子,하시역,Q5678948,matched_station_line,station_name+line:山陰本線,Wikidata CC0
0,11,140,久代,구시로역,Q3969877,matched_station_line,station_name+line:山陰本線,Wikidata CC0
0,11,141,下府,시모코역,Q7496976,matched_station_line,station_name+line:山陰本線,Wikidata CC0
0,11,142,浜田,하마다역,Q5643969,matched_station_line,station_name+line:山陰本線,Wikidata CC0
0,11,144,西浜田,니시하마다역,Q7040341,matched_station_line,station_name+line:山陰本線,Wikidata CC0
0,11,145,周布,스후역,Q3701458,matched_station_line,station_name+line:山陰本線,Wikidata CC0
0,11,146,折居,오리이역,Q7102659,matched_station_line,station_name+line:山陰本線,Wikidata CC0
0,11,147,三保三隅,미호미스미역,Q6845309,matched_station_line,station_name+line:山陰本線,Wikidata CC0
0,11,149,岡見,오카미역,Q7081763,matched_station_line,station_name+line:山陰本線,Wikidata CC0
0,11,150,鎌手,가마테역,Q6356165,matched_station_line,station_name+line:山陰本線,Wikidata CC0
0,11,151,石見津田,이와미쓰다역,Q6100471,matched_station_line,station_name+line:山陰本線,Wikidata CC0
0,11,152,益田,마스다역,Q6785654,matched_station_line,station_name+line:山陰本線,Wikidata CC0
0,11,154,戸田小浜,도다코하마역,Q7812125,matched_station_line,station_name+line:山陰本線,Wikidata CC0
0,11,155,飯浦,이노우라역,Q11666447,matched_station_line,station_name+line:山陰本線,Wikidata CC0
0,11,156,江崎,에사키역,Q5396697,matched_station_line,station_name+line:山陰本線,Wikidata CC0
0,11,157,須佐,스사역,Q278876,matched_station_line,station_name+line:山陰本線,Wikidata CC0
0,11,159,宇田郷,우타고역,Q7902300,matched_station_line,station_name+line:山陰本線,Wikidata CC0
0,11,160,木与,기요역,Q6418975,matched_station_line,station_name+line:山陰本線,Wikidata CC0
0,11,161,奈古,나고역,Q3701395,matched_station_line,station_name+line:山陰本線,Wikidata CC0
0,11,162,長門大井,나가토오이역,Q6958688,matched_station_line,station_name+line:山陰本線,Wikidata CC0
0,11,164,越ケ浜,고시가하마역,Q6433118,matched_station_line,station_name+line:山陰本線,Wikidata CC0
0,11,165,東萩,히가시하기역,Q5753531,matched_station_line,station_name+line:山陰本線,Wikidata CC0
0,11,166,萩,하기역,Q5638728,matched_station_line,station_name+line:山陰本線,Wikidata CC0
0,11,167,玉江,다마에역,Q7680527,matched_station_line,station_name+line:山陰本線,Wikidata CC0
0,11,169,三見,산미역,Q7409676,matched_station_line,station_name+line:山陰本線,Wikidata CC0
0,11,170,飯井,이이역,Q11666111,matched_station_line,station_name+line:山陰本線,Wikidata CC0
0,11,171,長門三隅,나가토미스미역,Q3701388,matched_station_line,station_name+line:山陰本線,Wikidata CC0
0,11,172,長門市,나가토시역,Q6958700,matched_station_line,station_name+line:山陰本線,Wikidata CC0
0,11,174,黄波戸,기와도역,Q6418844,matched_station_line,station_name+line:山陰本線,Wikidata CC0
0,11,175,長門古市,나가토후루이치역,Q6958681,matched_station_line,station_name+line:山陰本線,Wikidata CC0
0,11,176,人丸,히토마루역,Q11375901,matched_station_line,station_name+line:山陰本線,Wikidata CC0
0,11,177,伊上,이가미역,Q5991457,matched_station_line,station_name+line:山陰本線,Wikidata CC0
0,11,179,長門粟野,나가토아와노역,Q6958679,matched_station_line,station_name+line:山陰本線,Wikidata CC0
0,11,180,阿川,아가와역,Q4691631,matched_station_line,station_name+line:山陰本線,Wikidata CC0
0,11,181,特牛,곳토이역,Q6434348,matched_station_line,station_name+line:山陰本線,Wikidata CC0
0,11,182,滝部,다키베역,Q7678288,matched_station_line,station_name+line:山陰本線,Wikidata CC0
0,11,184,長門二見,나가토후타미역,Q6958682,matched_station_line,station_name+line:山陰本線,Wikidata CC0
0,11,185,宇賀本郷,우카혼고역,Q7878257,matched_station_line,station_name+line:山陰本線,Wikidata CC0
0,11,186,湯玉,유타마역,Q8062099,matched_station_line,station_name+line:山陰本線,Wikidata CC0
0,11,187,小串,고구시역,Q6425830,matched_station_line,station_name+line:山陰本線,Wikidata CC0
0,11,189,川棚温泉,가와타나온센역,Q3661666,matched_station_line,station_name+line:山陰本線,Wikidata CC0
0,11,190,黒井村,구로이무라역,Q11678008,matched_station_line,station_name+line:山陰本線,Wikidata CC0
0,11,191,梅ケ峠,우메가토역,Q7881475,matched_station_line,station_name+line:山陰本線,Wikidata CC0
0,11,192,吉見,요시미역,Q3701400,matched_station_line,station_name+line:山陰本線,Wikidata CC0
0,11,193,福江,후쿠에역,Q5507630,matched_station_line,station_name+line:山陰本線,Wikidata CC0
0,11,194,安岡,야스오카역,Q8050084,matched_station_line,station_name+line:山陰本線,Wikidata CC0
0,11,195,梶栗郷台地,가지쿠리고다이치역,Q6348998,matched_station_line,station_name+line:山陰本線,Wikidata CC0
0,11,196,綾羅木,아야라기역,Q4830964,matched_station_line,station_name+line:山陰本線,Wikidata CC0
0,12,1,大阪,오사카역,Q801694,matched_station_line,station_name+line:大阪環状線,Wikidata CC0
0,12,2,天満,덴마역,Q468599,matched_station_line,station_name+line:大阪環状線,Wikidata CC0
0,12,3,桜ノ宮,사쿠라노미야역,Q1131330,matched_station_line,station_name+line:大阪環状線,Wikidata CC0
0,12,5,大阪城公園,오사카조코엔역,Q1131304,matched_station_line,station_name+line:大阪環状線,Wikidata CC0
0,12,6,森ノ宮,모리노미야역,Q1131146,matched_station_line,station_name+line:大阪環状線,Wikidata CC0
0,12,7,玉造,다마쓰쿠리역,Q1131039,matched_station_line,station_name+line:大阪環状線,Wikidata CC0
0,12,8,鶴橋,쓰루하시역,Q1131704,matched_station_line,station_name+line:大阪環状線,Wikidata CC0
0,12,9,桃谷,모모다니역,Q1130995,matched_station_line,station_name+line:大阪環状線,Wikidata CC0
0,12,11,寺田町,데라다초역,Q1131188,matched_station_line,station_name+line:大阪環状線,Wikidata CC0
0,12,12,天王寺,덴노지역,Q1132328,matched_station_line,station_name_only,Wikidata CC0
0,12,54,和歌山,와카야마역,Q1044107,matched_station_line,station_name+line:紀勢本線,Wikidata CC0
0,12,55,宮前,미야마에역,Q3455703,matched_station_line,station_name+line:紀勢本線,Wikidata CC0
0,12,56,紀三井寺,기미이데라역,Q3455733,matched_station_line,station_name+line:紀勢本線,Wikidata CC0
0,12,57,黒江,구로에역,Q3455712,matched_station_line,station_name+line:紀勢本線,Wikidata CC0
0,12,58,海南,가이난역,Q3381856,matched_station_line,station_name+line:紀勢本線,Wikidata CC0
0,12,59,冷水浦,시미즈우라역,Q3381845,matched_station_line,station_name+line:紀勢本線,Wikidata CC0
0,12,60,加茂郷,가모고역,Q3381870,matched_station_line,station_name+line:紀勢本線,Wikidata CC0
0,12,61,下津,시모쓰역,Q3381851,matched_station_line,station_name+line:紀勢本線,Wikidata CC0
0,12,63,初島,하쓰시마역,Q3381832,matched_station_line,station_name+line:紀勢本線,Wikidata CC0
0,12,64,箕島,미노시마역,Q3324376,matched_station_line,station_name+line:紀勢本線,Wikidata CC0
0,12,65,紀伊宮原,기이미야하라역,Q3324370,matched_station_line,station_name+line:紀勢本線,Wikidata CC0
0,12,66,藤並,후지나미역,Q3324528,matched_station_line,station_name+line:紀勢本線,Wikidata CC0
0,12,68,湯浅,유아사역,Q3205738,matched_station_line,station_name+line:紀勢本線,Wikidata CC0
0,12,69,広川ビーチ,히로카와비치역,Q3205763,matched_station_line,station_name+line:紀勢本線,Wikidata CC0
0,12,70,紀伊由良,기이유라역,Q3205743,matched_station_line,station_name+line:紀勢本線,Wikidata CC0
0,12,71,紀伊内原,기이우치하라역,Q2898294,matched_station_line,station_name+line:紀勢本線,Wikidata CC0
0,12,73,御坊,고보역,Q2897645,matched_station_line,station_name+line:紀勢本線,Wikidata CC0
0,12,74,道成寺,도조지역,Q2898316,matched_station_line,station_name+line:紀勢本線,Wikidata CC0
0,12,75,和佐,와사역,Q2898336,matched_station_line,station_name+line:紀勢本線,Wikidata CC0
0,12,77,稲原,이나하라역,Q2898378,matched_station_line,station_name+line:紀勢本線,Wikidata CC0
0,12,78,印南,이나미역,Q2898346,matched_station_line,station_name+line:紀勢本線,Wikidata CC0
0,12,79,切目,기리메역,Q2898692,matched_station_line,station_name+line:紀勢本線,Wikidata CC0
0,12,80,岩代,이와시로역,Q2897566,matched_station_line,station_name+line:紀勢本線,Wikidata CC0
0,12,82,南部,미나베역,Q2897595,matched_station_line,station_name+line:紀勢本線,Wikidata CC0
0,12,83,芳養,하야역,Q2898306,matched_station_line,station_name+line:紀勢本線,Wikidata CC0
0,12,84,紀伊田辺,기이타나베역,Q2888653,matched_station_line,station_name+line:紀勢本線,Wikidata CC0
0,12,85,紀伊新庄,기이신조역,Q2888734,matched_station_line,station_name+line:紀勢本線,Wikidata CC0
0,12,87,朝来,앗소역,Q2888570,matched_station_line,station_name+line:紀勢本線,Wikidata CC0
0,12,88,白浜,시라하마역,Q2888561,matched_station_line,station_name+line:紀勢本線,Wikidata CC0
0,12,89,紀伊富田,기이톤다역,Q2888483,matched_station_line,station_name+line:紀勢本線,Wikidata CC0
0,12,90,椿,쓰바키역,Q2888525,matched_station_line,station_name+line:紀勢本線,Wikidata CC0
0,12,92,紀伊日置,기이히키역,Q2784473,matched_station_line,station_name+line:紀勢本線,Wikidata CC0
0,12,93,周参見,스사미역,Q2748626,matched_station_line,station_name+line:紀勢本線,Wikidata CC0
0,12,94,見老津,미로즈역,Q2748587,matched_station_line,station_name+line:紀勢本線,Wikidata CC0
0,12,95,江住,에스미역,Q2748600,matched_station_line,station_name+line:紀勢本線,Wikidata CC0
0,12,97,和深,와부카역,Q2748618,matched_station_line,station_name+line:紀勢本線,Wikidata CC0
0,12,98,田子,다코역,Q2748631,matched_station_line,station_name+line:紀勢本線,Wikidata CC0
0,12,99,田並,다나미역,Q2748621,matched_station_line,station_name+line:紀勢本線,Wikidata CC0
0,12,100,紀伊有田,기이아리타역,Q2748613,matched_station_line,station_name+line:紀勢本線,Wikidata CC0
0,12,102,串本,구시모토역,Q2682092,matched_station_line,station_name+line:紀勢本線,Wikidata CC0
0,12,103,紀伊姫,기이히메역,Q2682082,matched_station_line,station_name+line:紀勢本線,Wikidata CC0
0,12,104,古座,고자역,Q2681936,matched_station_line,station_name+line:紀勢本線,Wikidata CC0
0,12,105,紀伊田原,기이타하라역,Q2682080,matched_station_line,station_name+line:紀勢本線,Wikidata CC0
0,12,107,紀伊浦神,기이우라가미역,Q2650210,matched_station_line,station_name+line:紀勢本線,Wikidata CC0
0,12,108,下里,시모사토역,Q281227,matched_station_line,station_name+line:紀勢本線,Wikidata CC0
0,12,109,太地,다이지역,Q2650271,matched_station_line,station_name+line:紀勢本線,Wikidata CC0
0,12,110,湯川,유카와역,Q2650317,matched_station_line,station_name+line:紀勢本線,Wikidata CC0
0,12,112,紀伊勝浦,기이카쓰우라역,Q2584999,matched_station_line,station_name+line:紀勢本線,Wikidata CC0
0,12,113,紀伊天満,기이텐마역,Q2584981,matched_station_line,station_name+line:紀勢本線,Wikidata CC0
0,12,114,那智,나치역,Q2584944,matched_station_line,station_name+line:紀勢本線,Wikidata CC0
0,12,115,宇久井,우쿠이역,Q2584990,matched_station_line,station_name+line:紀勢本線,Wikidata CC0
0,12,117,紀伊佐野,기이사노역,Q2584973,matched_station_line,station_name+line:紀勢本線,Wikidata CC0
0,12,118,三輪崎,미와사키역,Q2584966,matched_station_line,station_name+line:紀勢本線,Wikidata CC0
0,12,119,新宮,신구역,Q5357415,matched_station_line,station_name+line:紀勢本線,Wikidata CC0
0,12,120,鵜殿,우도노역,Q5357501,matched_station_line,station_name+line:紀勢本線,Wikidata CC0
0,12,122,紀伊井田,기이이다역,Q5357310,matched_station_line,station_name+line:紀勢本線,Wikidata CC0
0,12,123,阿田和,아타와역,Q899275,matched_station_line,station_name+line:紀勢本線,Wikidata CC0
0,12,124,紀伊市木,기이이치기역,Q5357328,matched_station_line,station_name+line:紀勢本線,Wikidata CC0
0,12,125,神志山,고시야마역,Q5357390,matched_station_line,station_name+line:紀勢本線,Wikidata CC0
0,12,127,有井,아리이역,Q4790602,matched_station_line,station_name+line:紀勢本線,Wikidata CC0
0,12,128,熊野市,구마노시역,Q5357377,matched_station_line,station_name+line:紀勢本線,Wikidata CC0
0,12,129,大泊,오도마리역,Q5357550,matched_station_line,station_name+line:紀勢本線,Wikidata CC0
0,12,130,波田須,하다스역,Q5357405,matched_station_line,station_name+line:紀勢本線,Wikidata CC0
0,12,132,新鹿,아타시카역,Q899432,matched_station_line,station_name+line:紀勢本線,Wikidata CC0
0,12,133,二木島,니기시마역,Q5357620,matched_station_line,station_name+line:紀勢本線,Wikidata CC0
0,12,134,賀田,가타역,Q5357545,matched_station_line,station_name+line:紀勢本線,Wikidata CC0
0,12,135,三木里,미키사토역,Q5357566,matched_station_line,station_name+line:紀勢本線,Wikidata CC0
0,12,137,九鬼,구키역,Q5357746,matched_station_line,station_name+line:紀勢本線,Wikidata CC0
0,12,138,大曽根浦,오소네우라역,Q8009824,matched_station_line,station_name+line:紀勢本線,Wikidata CC0
0,12,139,尾鷲,오와세역,Q5357761,matched_station_line,station_name+line:紀勢本線,Wikidata CC0
0,12,140,相賀,아이가역,Q4696816,matched_station_line,station_name+line:紀勢本線,Wikidata CC0
0,12,142,船津,후나쓰역,Q5357691,matched_station_line,station_name+line:紀勢本線,Wikidata CC0
0,12,143,三野瀬,미노세역,Q5357755,matched_station_line,station_name+line:紀勢本線,Wikidata CC0
0,12,144,紀伊長島,기이나가시마역,Q5357703,matched_station_line,station_name+line:紀勢本線,Wikidata CC0
0,12,145,梅ケ谷,우메가다니역,Q5358088,matched_station_line,station_name+line:紀勢本線,Wikidata CC0
0,12,147,大内山,오우치야마역,Q5358056,matched_station_line,station_name+line:紀勢本線,Wikidata CC0
0,12,148,伊勢柏崎,이세카시와자키역,Q5357774,matched_station_line,station_name+line:紀勢本線,Wikidata CC0
0,12,149,阿曽,아소역,Q899005,matched_station_line,station_name+line:紀勢本線,Wikidata CC0
0,12,150,滝原,다키하라역,Q5357992,matched_station_line,station_name+line:紀勢本線,Wikidata CC0
0,12,152,三瀬谷,미세다니역,Q5357769,matched_station_line,station_name+line:紀勢本線,Wikidata CC0
0,12,153,川添,가와조에역,Q5358018,matched_station_line,station_name+line:紀勢本線,Wikidata CC0
0,12,154,栃原,도치하라역,Q8009807,matched_station_line,station_name+line:紀勢本線,Wikidata CC0
0,12,155,佐奈,사나역,Q265438,matched_station_line,station_name+line:紀勢本線,Wikidata CC0
0,12,157,相可,오카역,Q8011227,matched_station_line,station_name+line:紀勢本線,Wikidata CC0
0,12,158,多気,다키역,Q5357971,matched_station_line,station_name+line:紀勢本線,Wikidata CC0
0,12,159,徳和,도쿠와역,Q7813777,matched_station_line,station_name+line:紀勢本線,Wikidata CC0
0,12,160,松阪,마쓰사카역,Q5357756,matched_station_line,station_name+line:紀勢本線,Wikidata CC0
0,12,162,六軒,롯켄역,Q5357848,matched_station_line,station_name+line:紀勢本線,Wikidata CC0
0,12,163,高茶屋,다카차야역,Q5358114,matched_station_line,station_name+line:紀勢本線,Wikidata CC0
0,12,164,阿漕,아코기역,Q898582,matched_station_line,station_name+line:紀勢本線,Wikidata CC0
0,12,165,津,쓰역,Q869763,matched_station_line,station_name+line:紀勢本線,Wikidata CC0
0,12,167,一身田,이신덴역,Q5358133,matched_station_line,station_name+line:紀勢本線,Wikidata CC0
0,12,168,下庄,시모노쇼역,Q5358149,matched_station_line,station_name+line:紀勢本線,Wikidata CC0
0,12,169,亀山,가메야마역,Q5358681,matched_station_line,station_name+line:紀勢本線,Wikidata CC0
0,13,1,函館,하코다테역,Q1151274,matched_station_line,station_name+line:函館本線,Wikidata CC0
0,13,3,五稜郭,고료카쿠역,Q1037967,matched_station_line,station_name+line:函館本線,Wikidata CC0
0,13,5,桔梗,기쿄역,Q1049285,matched_station_line,station_name+line:函館本線,Wikidata CC0
0,13,6,大中山,오나카야마역,Q1049379,matched_station_line,station_name+line:函館本線,Wikidata CC0
0,13,8,七飯,나나에역,Q1049300,matched_station_line,station_name+line:函館本線,Wikidata CC0
0,13,12,仁山,니야마역,Q766391,matched_station_line,station_name+line:函館本線,Wikidata CC0
0,13,13,大沼,오누마역,Q1049310,matched_station_line,station_name+line:函館本線,Wikidata CC0
0,13,14,大沼公園,오누마코엔역,Q1049391,matched_station_line,station_name+line:函館本線,Wikidata CC0
0,13,15,赤井川,아카이가와역,Q1049269,matched_station_line,station_name+line:函館本線,Wikidata CC0
0,13,17,駒ヶ岳,고마가타케역,Q864617,matched_station_line,station_name+line:函館本線,Wikidata CC0
0,13,18,東山,히가시야마역,Q864612,matched_station_line,station_name+line:函館本線,Wikidata CC0
0,13,19,姫川,히메카와역,Q5765272,matched_station_line,station_name_only,Wikidata CC0
0,13,20,森,모리역,Q864405,matched_station_line,station_name+line:函館本線,Wikidata CC0
0,13,22,桂川,가쓰라가와역,Q864625,matched_station_line,station_name+line:函館本線,Wikidata CC0
0,13,26,石倉,이시쿠라역,Q864253,matched_station_line,station_name+line:函館本線,Wikidata CC0
0,13,27,落部,오토시베역,Q864383,matched_station_line,station_name+line:函館本線,Wikidata CC0
0,13,28,野田生,노다오이역,Q864357,matched_station_line,station_name+line:函館本線,Wikidata CC0
0,13,29,山越,야마코시역,Q863029,matched_station_line,station_name+line:函館本線,Wikidata CC0
0,13,31,八雲,야쿠모역,Q848309,matched_station_line,station_name+line:函館本線,Wikidata CC0
0,13,33,山崎,야마사키역,Q864227,matched_station_line,station_name+line:函館本線,Wikidata CC0
0,13,34,黒岩,구로이와역,Q864270,matched_station_line,station_name+line:函館本線,Wikidata CC0
0,13,37,国縫,군누이역,Q864210,matched_station_line,station_name+line:函館本線,Wikidata CC0
0,13,38,中ノ沢,나카노사와역,Q864223,matched_station_line,station_name+line:函館本線,Wikidata CC0
0,13,39,長万部,오샤만베역,Q848232,matched_station_line,station_name+line:函館本線,Wikidata CC0
0,13,41,二股,후타마타역,Q864284,matched_station_line,station_name+line:函館本線,Wikidata CC0
0,13,43,黒松内,구로마쓰나이역,Q864218,matched_station_line,station_name+line:函館本線,Wikidata CC0
0,13,44,熱郛,넷푸역,Q864353,matched_station_line,station_name+line:函館本線,Wikidata CC0
0,13,46,目名,메나역,Q848093,matched_station_line,station_name+line:函館本線,Wikidata CC0
0,13,47,蘭越,란코시역,Q864415,matched_station_line,station_name+line:函館本線,Wikidata CC0
0,13,48,昆布,곤부역,Q864378,matched_station_line,station_name+line:函館本線,Wikidata CC0
0,13,50,ニセコ,니세코역,Q848242,matched_station_line,station_name+line:函館本線,Wikidata CC0
0,13,51,比羅夫,히라후역,Q848238,matched_station_line,station_name+line:函館本線,Wikidata CC0
0,13,52,倶知安,굿찬역,Q848139,matched_station_line,station_name+line:函館本線,Wikidata CC0
0,13,53,小沢,고자와역,Q864238,matched_station_line,station_name+line:函館本線,Wikidata CC0
0,13,55,銀山,긴잔역,Q861896,matched_station_line,station_name+line:函館本線,Wikidata CC0
0,13,56,然別,시카리베쓰역,Q861440,matched_station_line,station_name+line:函館本線,Wikidata CC0
0,13,57,仁木,니키역,Q861460,matched_station_line,station_name+line:函館本線,Wikidata CC0
0,13,60,蘭島,란시마역,Q861309,matched_station_line,station_name+line:函館本線,Wikidata CC0
0,13,61,塩谷,시오야역,Q861067,matched_station_line,station_name+line:函館本線,Wikidata CC0
0,13,63,小樽,오타루역,Q1152093,matched_station_line,station_name+line:函館本線,Wikidata CC0
0,13,64,南小樽,미나미오타루역,Q949815,matched_station_line,station_name+line:函館本線,Wikidata CC0
0,13,66,小樽築港,오타루칫코역,Q1045805,matched_station_line,station_name+line:函館本線,Wikidata CC0
0,13,67,朝里,아사리역,Q1044939,matched_station_line,station_name+line:函館本線,Wikidata CC0
0,13,68,余市,요이치역,Q861366,matched_station_line,station_name+line:函館本線,Wikidata CC0
0,13,70,銭函,제니바코역,Q1044908,matched_station_line,station_name+line:函館本線,Wikidata CC0
0,13,72,ほしみ,호시미역,Q1044979,matched_station_line,station_name+line:函館本線,Wikidata CC0
0,13,73,星置,호시오키역,Q1045506,matched_station_line,station_name+line:函館本線,Wikidata CC0
0,13,74,稲穂,이나호역,Q1044946,matched_station_line,station_name+line:函館本線,Wikidata CC0
0,13,75,手稲,데이네역,Q1039025,matched_station_line,station_name+line:函館本線,Wikidata CC0
0,13,77,稲積公園,이나즈미코엔역,Q1045473,matched_station_line,station_name+line:函館本線,Wikidata CC0
0,13,78,発寒,핫사무역,Q1044922,matched_station_line,station_name+line:函館本線,Wikidata CC0
0,13,79,発寒中央,핫사무추오역,Q1044918,matched_station_line,station_name+line:函館本線,Wikidata CC0
0,13,80,琴似,고토니역,Q859789,matched_station_line,station_name+line:函館本線,Wikidata CC0
0,13,82,桑園,소엔역,Q589441,matched_station_line,station_name+line:函館本線,Wikidata CC0
0,13,83,札幌,삿포로역,Q801404,matched_station_line,station_name+line:函館本線,Wikidata CC0
0,13,84,苗穂,나에보역,Q1055345,matched_station_line,station_name+line:函館本線,Wikidata CC0
0,13,86,白石,시로이시역,Q1055580,matched_station_line,station_name+line:函館本線,Wikidata CC0
0,13,88,厚別,아쓰베쓰역,Q128528,matched_station_line,station_name+line:函館本線,Wikidata CC0
0,13,89,森林公園,신린코엔역,Q128527,matched_station_line,station_name+line:函館本線,Wikidata CC0
0,13,90,大麻,오아사역,Q872634,matched_station_line,station_name+line:函館本線,Wikidata CC0
0,13,92,野幌,놋포로역,Q872593,matched_station_line,station_name+line:函館本線,Wikidata CC0
0,13,93,高砂,다카사고역,Q872616,matched_station_line,station_name+line:函館本線,Wikidata CC0
0,13,94,江別,에베쓰역,Q872626,matched_station_line,station_name+line:函館本線,Wikidata CC0
0,13,96,豊幌,도요호로역,Q872671,matched_station_line,station_name+line:函館本線,Wikidata CC0
0,13,98,幌向,호로무이역,Q872850,matched_station_line,station_name+line:函館本線,Wikidata CC0
0,13,100,上幌向,가미호로무이역,Q872837,matched_station_line,station_name+line:函館本線,Wikidata CC0
0,13,102,岩見沢,이와미자와역,Q1056071,matched_station_line,station_name+line:函館本線,Wikidata CC0
0,13,104,峰延,미네노부역,Q873055,matched_station_line,station_name+line:函館本線,Wikidata CC0
0,13,106,光珠内,고슈나이역,Q872961,matched_station_line,station_name+line:函館本線,Wikidata CC0
0,13,108,美唄,비바이역,Q872917,matched_station_line,station_name+line:函館本線,Wikidata CC0
0,13,110,茶志内,자시나이역,Q872781,matched_station_line,station_name+line:函館本線,Wikidata CC0
0,13,111,奈井江,나이에역,Q873231,matched_station_line,station_name+line:函館本線,Wikidata CC0
0,13,112,豊沼,도요누마역,Q873291,matched_station_line,station_name+line:函館本線,Wikidata CC0
0,13,113,砂川,스나가와역,Q872776,matched_station_line,station_name+line:函館本線,Wikidata CC0
0,13,115,滝川,다키카와역,Q1057763,matched_station_line,station_name+line:函館本線,Wikidata CC0
0,13,116,江部乙,에베오쓰역,Q875460,matched_station_line,station_name+line:函館本線,Wikidata CC0
0,13,117,妹背牛,모세우시역,Q875565,matched_station_line,station_name+line:函館本線,Wikidata CC0
0,13,118,深川,후카가와역,Q1057370,matched_station_line,station_name+line:函館本線,Wikidata CC0
0,13,120,納内,오사무나이역,Q874180,matched_station_line,station_name+line:函館本線,Wikidata CC0
0,13,122,近文,지카부미역,Q876953,matched_station_line,station_name+line:函館本線,Wikidata CC0
0,13,124,旭川,아사히카와역,Q1073617,matched_station_line,station_name+line:函館本線,Wikidata CC0
0,13,126,南永山,미나미나가야마역,Q6862957,matched_station_line,station_name+line:石北本線,Wikidata CC0
0,13,127,東旭川,히가시아사히카와역,Q5753484,matched_station_line,station_name+line:石北本線,Wikidata CC0
0,13,128,北日ノ出,기타히노데역,Q6417540,matched_station_line,station_name+line:石北本線,Wikidata CC0
0,13,129,桜岡,사쿠라오카역,Q8190663,matched_station_line,station_name+line:石北本線,Wikidata CC0
0,13,131,当麻,도마역,Q7862702,matched_station_line,station_name+line:石北本線,Wikidata CC0
0,13,132,将軍山,쇼군잔역,Q7506124,matched_station_line,station_name+line:石北本線,Wikidata CC0
0,13,133,伊香牛,이카우시역,Q5995483,matched_station_line,station_name+line:石北本線,Wikidata CC0
0,13,134,愛別,아이베쓰역,Q4696540,matched_station_line,station_name+line:石北本線,Wikidata CC0
0,13,136,中愛別,나카아이베쓰역,Q6960081,matched_station_line,station_name+line:石北本線,Wikidata CC0
0,13,137,愛山,아이잔역,Q4699420,matched_station_line,station_name+line:石北本線,Wikidata CC0
0,13,138,安足間,안타로마역,Q4771058,matched_station_line,station_name+line:石北本線,Wikidata CC0
0,13,141,上川,가미카와역,Q6357868,matched_station_line,station_name+line:石北本線,Wikidata CC0
0,13,147,白滝,시라타키역,Q7498307,matched_station_line,station_name+line:石北本線,Wikidata CC0
0,13,148,旧白滝,규시라타키역,Q6453117,matched_station_line,station_name+line:石北本線,Wikidata CC0
0,13,150,丸瀬布,마루셋푸역,Q6778000,matched_station_line,station_name+line:石北本線,Wikidata CC0
0,13,152,瀬戸瀬,세토세역,Q7456827,matched_station_line,station_name+line:石北本線,Wikidata CC0
0,13,154,遠軽,엔가루역,Q5377447,matched_station_line,station_name+line:石北本線,Wikidata CC0
0,13,155,安国,야스쿠니역,Q8050034,matched_station_line,station_name+line:石北本線,Wikidata CC0
0,13,156,生野,이쿠노역,Q5996350,matched_station_line,station_name+line:石北本線,Wikidata CC0
0,13,157,生田原,이쿠타하라역,Q5996420,matched_station_line,station_name+line:石北本線,Wikidata CC0
0,13,158,金華,진화 역,Q6120290,matched_station_line,station_name_only,Wikidata CC0
0,13,159,西留辺蘂,니시루베시베역,Q8190231,matched_station_line,station_name+line:石北本線,Wikidata CC0
0,13,160,留辺蘂,루베시베역,Q8189517,matched_station_line,station_name+line:石北本線,Wikidata CC0
0,13,162,相内,아이노나이역,Q4697471,matched_station_line,station_name+line:石北本線,Wikidata CC0
0,13,163,東相内,히가시아이노나이역,Q8191279,matched_station_line,station_name+line:石北本線,Wikidata CC0
0,13,164,西北見,니시키타미역,Q7040368,matched_station_line,station_name+line:石北本線,Wikidata CC0
0,13,166,北見,기타미역,Q6417815,matched_station_line,station_name+line:石北本線,Wikidata CC0
0,13,167,柏陽,하쿠요역,Q5640680,matched_station_line,station_name+line:石北本線,Wikidata CC0
0,13,168,愛し野,이토시노역,Q6094867,matched_station_line,station_name+line:石北本線,Wikidata CC0
0,13,169,端野,단노역,Q7683701,matched_station_line,station_name+line:石北本線,Wikidata CC0
0,13,170,緋牛内,히우시나이역,Q8191108,matched_station_line,station_name+line:石北本線,Wikidata CC0
0,13,172,美幌,비호로역,Q4907123,matched_station_line,station_name+line:石北本線,Wikidata CC0
0,13,173,西女満別,니시메만베쓰역,Q7040377,matched_station_line,station_name+line:石北本線,Wikidata CC0
0,13,174,女満別,메만베쓰역,Q6814192,matched_station_line,station_name+line:石北本線,Wikidata CC0
0,13,175,呼人,요비토역,Q8054236,matched_station_line,station_name+line:石北本線,Wikidata CC0
0,13,177,網走,아바시리역,Q848265,matched_station_line,station_name+line:石北本線,Wikidata CC0
0,14,3,赤平,아카비라역,Q899024,matched_station_line,station_name+line:根室本線,Wikidata CC0
0,14,4,茂尻,모시리역,Q899128,matched_station_line,station_name+line:根室本線,Wikidata CC0
0,14,6,平岸,히라기시 역 (아카비라 시),Q5768873,matched_station_line,station_name+line:根室本線,Wikidata CC0
0,14,7,芦別,아시베쓰역,Q898900,matched_station_line,station_name+line:根室本線,Wikidata CC0
0,14,8,上芦別,가미아시베쓰역,Q899040,matched_station_line,station_name+line:根室本線,Wikidata CC0
0,14,9,野花南,노카난역,Q899098,matched_station_line,station_name+line:根室本線,Wikidata CC0
0,14,13,富良野,후라노역,Q898913,matched_station_line,station_name+line:根室本線,Wikidata CC0
0,14,14,布部,누노베역,Q899034,matched_station_line,station_name+line:根室本線,Wikidata CC0
0,14,16,山部,야마베역,Q898849,matched_station_line,station_name+line:根室本線,Wikidata CC0
0,14,17,下金山,시모카나야마역,Q898803,matched_station_line,station_name+line:根室本線,Wikidata CC0
0,14,18,金山,가나야마역,Q898843,matched_station_line,station_name+line:根室本線,Wikidata CC0
0,14,19,東鹿越,히가시시카고에역,Q898766,matched_station_line,station_name+line:根室本線,Wikidata CC0
0,14,21,幾寅,이쿠토라역,Q861550,matched_station_line,station_name+line:根室本線,Wikidata CC0
0,14,22,落合,오치아이역,Q899075,matched_station_line,station_name+line:根室本線,Wikidata CC0
0,14,23,新得,신토쿠역,Q899093,matched_station_line,station_name+line:根室本線,Wikidata CC0
0,14,24,十勝清水,도카치시미즈역,Q899142,matched_station_line,station_name+line:根室本線,Wikidata CC0
0,14,27,御影,미카게역,Q898855,matched_station_line,station_name+line:根室本線,Wikidata CC0
0,14,28,芽室,메무로역,Q899028,matched_station_line,station_name+line:根室本線,Wikidata CC0
0,14,29,大成,다이세이역,Q861512,matched_station_line,station_name+line:根室本線,Wikidata CC0
0,14,31,西帯広,니시오비히로역,Q898826,matched_station_line,station_name+line:根室本線,Wikidata CC0
0,14,32,柏林台,하쿠린다이역,Q898779,matched_station_line,station_name+line:根室本線,Wikidata CC0
0,14,33,帯広,오비히로역,Q1073709,matched_station_line,station_name+line:根室本線,Wikidata CC0
0,14,34,札内,사쓰나이역,Q899469,matched_station_line,station_name+line:根室本線,Wikidata CC0
0,14,37,幕別,마쿠베쓰역,Q899389,matched_station_line,station_name+line:根室本線,Wikidata CC0
0,14,38,利別,도시베쓰역,Q899665,matched_station_line,station_name+line:根室本線,Wikidata CC0
0,14,40,池田,이케다역,Q899357,matched_station_line,station_name+line:根室本線,Wikidata CC0
0,14,41,十弗,도후쓰역,Q899642,matched_station_line,station_name+line:根室本線,Wikidata CC0
0,14,42,豊頃,도요코로역,Q899265,matched_station_line,station_name+line:根室本線,Wikidata CC0
0,14,43,新吉野,신요시노역,Q899315,matched_station_line,station_name+line:根室本線,Wikidata CC0
0,14,45,浦幌,우라호로역,Q899243,matched_station_line,station_name+line:根室本線,Wikidata CC0
0,14,46,上厚内,가미아쓰나이역,Q899361,matched_station_line,station_name+line:根室本線,Wikidata CC0
0,14,47,厚内,아쓰나이역,Q899270,matched_station_line,station_name+line:根室本線,Wikidata CC0
0,14,51,音別,온베쓰역,Q899349,matched_station_line,station_name+line:根室本線,Wikidata CC0
0,14,52,古瀬,후루세역,Q899403,matched_station_line,station_name+line:根室本線,Wikidata CC0
0,14,53,白糠,시라누카역,Q899343,matched_station_line,station_name+line:根室本線,Wikidata CC0
0,14,55,西庶路,니시쇼로역,Q899385,matched_station_line,station_name+line:根室本線,Wikidata CC0
0,14,56,庶路,쇼로역,Q899373,matched_station_line,station_name+line:根室本線,Wikidata CC0
0,14,57,大楽毛,오타노시케역,Q899685,matched_station_line,station_name+line:根室本線,Wikidata CC0
0,14,58,新大楽毛,신오타노시케역,Q899382,matched_station_line,station_name+line:根室本線,Wikidata CC0
0,14,59,新富士,신후지역,Q1136475,matched_station_line,station_name_only,Wikidata CC0
0,14,60,釧路,구시로역,Q1073704,matched_station_line,station_name+line:根室本線,Wikidata CC0
0,14,62,東釧路,히가시쿠시로역,Q848088,matched_station_line,station_name+line:根室本線,Wikidata CC0
0,14,63,武佐,무사역,Q369327,matched_station_line,station_name+line:根室本線,Wikidata CC0
0,14,64,別保,벳포역,Q900593,matched_station_line,station_name+line:根室本線,Wikidata CC0
0,14,65,上尾幌,가미오보로역,Q900180,matched_station_line,station_name+line:根室本線,Wikidata CC0
0,14,67,尾幌,오보로역,Q900623,matched_station_line,station_name+line:根室本線,Wikidata CC0
0,14,68,門静,몬시즈역,Q900399,matched_station_line,station_name+line:根室本線,Wikidata CC0
0,14,69,厚岸,앗케시역,Q900296,matched_station_line,station_name+line:根室本線,Wikidata CC0
0,14,72,茶内,자나이역,Q900332,matched_station_line,station_name+line:根室本線,Wikidata CC0
0,14,74,浜中,하마나카역,Q900326,matched_station_line,station_name+line:根室本線,Wikidata CC0
0,14,75,姉別,아네베쓰역,Q900646,matched_station_line,station_name+line:根室本線,Wikidata CC0
0,14,76,厚床,앗토코역,Q900490,matched_station_line,station_name+line:根室本線,Wikidata CC0
0,14,79,別当賀,벳토가역,Q900318,matched_station_line,station_name+line:根室本線,Wikidata CC0
0,14,80,落石,오치이시역,Q900609,matched_station_line,station_name+line:根室本線,Wikidata CC0
0,14,81,昆布盛,곤부모리역,Q900268,matched_station_line,station_name+line:根室本線,Wikidata CC0
0,14,82,西和田,니시와다역,Q900485,matched_station_line,station_name+line:根室本線,Wikidata CC0
0,14,85,東根室,히가시네무로역,Q848149,matched_station_line,station_name+line:根室本線,Wikidata CC0
0,14,86,根室,네무로역,Q848207,matched_station_line,station_name+line:根室本線,Wikidata CC0
0,14,207,新函館北斗,신하코다테호쿠토역,Q1039122,matched_station_line,station_name+line:函館本線,Wikidata CC0
0,15,2,旭川四条,아사히카와요조역,Q872636,matched_station_line,station_name+line:宗谷本線,Wikidata CC0
0,15,3,新旭川,신아사히카와역,Q873131,matched_station_line,station_name+line:宗谷本線,Wikidata CC0
0,15,5,永山,나가야마역,Q872885,matched_station_line,station_name+line:宗谷本線,Wikidata CC0
0,15,7,北永山,기타나가야마역,Q872816,matched_station_line,station_name+line:宗谷本線,Wikidata CC0
0,15,8,南比布,미나미핏푸역,Q872865,matched_station_line,station_name+line:宗谷本線,Wikidata CC0
0,15,9,比布,핏푸역,Q872859,matched_station_line,station_name+line:宗谷本線,Wikidata CC0
0,15,12,蘭留,란루역,Q873253,matched_station_line,station_name+line:宗谷本線,Wikidata CC0
0,15,13,塩狩,시오카리역,Q900374,matched_station_line,station_name+line:宗谷本線,Wikidata CC0
0,15,14,和寒,왓사무역,Q900355,matched_station_line,station_name+line:宗谷本線,Wikidata CC0
0,15,16,剣淵,겐부치역,Q901066,matched_station_line,station_name+line:宗谷本線,Wikidata CC0
0,15,18,士別,시베쓰역,Q900999,matched_station_line,station_name+line:宗谷本線,Wikidata CC0
0,15,19,下士別,시모시베쓰역,Q901144,matched_station_line,station_name+line:宗谷本線,Wikidata CC0
0,15,20,多寄,다요로역,Q901451,matched_station_line,station_name+line:宗谷本線,Wikidata CC0
0,15,21,瑞穂,미즈호역,Q901438,matched_station_line,station_name+line:宗谷本線,Wikidata CC0
0,15,22,風連,후렌역,Q901097,matched_station_line,station_name+line:宗谷本線,Wikidata CC0
0,15,23,名寄高校,히가시후렌역,Q901400,matched_station_line,station_name+line:宗谷本線,Wikidata CC0
0,15,24,名寄,나요로역,Q901406,matched_station_line,station_name+line:宗谷本線,Wikidata CC0
0,15,25,日進,닛신역,Q7041113,matched_station_line,station_name+line:宗谷本線,Wikidata CC0
0,15,29,智恵文,지에분역,Q5096647,matched_station_line,station_name+line:宗谷本線,Wikidata CC0
0,15,30,智北,지호쿠역,Q5097299,matched_station_line,station_name+line:宗谷本線,Wikidata CC0
0,15,31,南美深,미나미비후카역,Q6862862,matched_station_line,station_name+line:宗谷本線,Wikidata CC0
0,15,32,美深,비후카역,Q4904819,matched_station_line,station_name+line:宗谷本線,Wikidata CC0
0,15,33,初野,하쓰노역,Q8190282,matched_station_line,station_name+line:宗谷本線,Wikidata CC0
0,15,34,紋穂内,몬포나이역,Q6897509,matched_station_line,station_name+line:宗谷本線,Wikidata CC0
0,15,35,恩根内,온네나이역,Q7094389,matched_station_line,station_name+line:宗谷本線,Wikidata CC0
0,15,37,天塩川温泉,데시오가와온센역,Q7705483,matched_station_line,station_name+line:宗谷本線,Wikidata CC0
0,15,38,咲来,삿쿠루역,Q7403031,matched_station_line,station_name+line:宗谷本線,Wikidata CC0
0,15,39,音威子府,오토이넷푸역,Q7108943,matched_station_line,station_name+line:宗谷本線,Wikidata CC0
0,15,40,筬島,오사시마역,Q7105719,matched_station_line,station_name+line:宗谷本線,Wikidata CC0
0,15,41,佐久,사쿠역,Q869335,matched_station_line,station_name+line:宗谷本線,Wikidata CC0
0,15,43,天塩中川,데시오나카가와역,Q7705478,matched_station_line,station_name+line:宗谷本線,Wikidata CC0
0,15,46,問寒別,도이칸베쓰역,Q7813349,matched_station_line,station_name+line:宗谷本線,Wikidata CC0
0,15,47,糠南,누카난역,Q7068846,matched_station_line,station_name+line:宗谷本線,Wikidata CC0
0,15,50,安牛,야스우시역,Q8189327,matched_station_line,station_name+line:宗谷本線,Wikidata CC0
0,15,53,幌延,호로노베역,Q8191206,matched_station_line,station_name+line:宗谷本線,Wikidata CC0
0,15,55,下沼,시모누마역,Q7497011,matched_station_line,station_name+line:宗谷本線,Wikidata CC0
0,15,56,豊富,도요토미역,Q7830931,matched_station_line,station_name+line:宗谷本線,Wikidata CC0
0,15,59,兜沼,가부토누마역,Q6344532,matched_station_line,station_name+line:宗谷本線,Wikidata CC0
0,15,60,勇知,유치역,Q8062714,matched_station_line,station_name+line:宗谷本線,Wikidata CC0
0,15,62,抜海,밧카이역,Q4849467,matched_station_line,station_name+line:宗谷本線,Wikidata CC0
0,15,63,南稚内,미나미왓카나이역,Q8191370,matched_station_line,station_name+line:宗谷本線,Wikidata CC0
0,15,64,稚内,왓카나이역,Q840452,matched_station_line,station_name+line:宗谷本線,Wikidata CC0
0,16,1,高松,다카마쓰역,Q860503,matched_station_line,station_name+line:予讃線,Wikidata CC0
0,16,2,香西,고자이역,Q1704863,matched_station_line,station_name+line:予讃線,Wikidata CC0
0,16,3,鬼無,기나시역,Q4981032,matched_station_line,station_name+line:予讃線,Wikidata CC0
0,16,4,端岡,하시오카역,Q98825,matched_station_line,station_name+line:予讃線,Wikidata CC0
0,16,6,国分,고쿠부역,Q5358544,matched_station_line,station_name+line:予讃線,Wikidata CC0
0,16,7,讃岐府中,사누키후추역,Q5115413,matched_station_line,station_name+line:予讃線,Wikidata CC0
0,16,8,鴨川,가모가와역,Q5115423,matched_station_line,station_name+line:予讃線,Wikidata CC0
0,16,9,八十場,야소바역,Q5115394,matched_station_line,station_name+line:予讃線,Wikidata CC0
0,16,11,坂出,사카이데역,Q873215,matched_station_line,station_name+line:予讃線,Wikidata CC0
0,16,12,宇多津,우타즈역,Q873190,matched_station_line,station_name+line:予讃線,Wikidata CC0
0,16,13,丸亀,마루가메역,Q874116,matched_station_line,station_name+line:予讃線,Wikidata CC0
0,16,14,讃岐塩屋,사누키시오야역,Q5352754,matched_station_line,station_name+line:予讃線,Wikidata CC0
0,16,16,多度津,다도쓰역,Q864436,matched_station_line,station_name+line:予讃線,Wikidata CC0
0,16,17,海岸寺,가이간지역,Q8011022,matched_station_line,station_name+line:予讃線,Wikidata CC0
0,16,18,津島ノ宮,쓰시마노미야역,Q5366908,matched_station_line,station_name+line:予讃線,Wikidata CC0
0,16,19,詫間,다쿠마역,Q5358539,matched_station_line,station_name+line:予讃線,Wikidata CC0
0,16,21,みの,미노역,Q5358745,matched_station_line,station_name+line:予讃線,Wikidata CC0
0,16,22,高瀬,다카세역,Q5358752,matched_station_line,station_name+line:予讃線,Wikidata CC0
0,16,23,比地大,히지다이역,Q5358649,matched_station_line,station_name+line:予讃線,Wikidata CC0
0,16,24,本山,모토야마역,Q5358559,matched_station_line,station_name+line:予讃線,Wikidata CC0
0,16,26,観音寺,간온지역,Q5358548,matched_station_line,station_name+line:予讃線,Wikidata CC0
0,16,27,豊浜,도요하마역,Q5358658,matched_station_line,station_name+line:予讃線,Wikidata CC0
0,16,28,箕浦,미노우라역,Q5358724,matched_station_line,station_name+line:予讃線,Wikidata CC0
0,16,29,川之江,가와노에역,Q873285,matched_station_line,station_name+line:予讃線,Wikidata CC0
0,16,31,伊予三島,이요미시마역,Q872795,matched_station_line,station_name+line:予讃線,Wikidata CC0
0,16,32,伊予寒川,이요산가와역,Q1056023,matched_station_line,station_name+line:予讃線,Wikidata CC0
0,16,33,赤星,아카보시역,Q1056031,matched_station_line,station_name+line:予讃線,Wikidata CC0
0,16,34,伊予土居,이요도이역,Q875497,matched_station_line,station_name+line:予讃線,Wikidata CC0
0,16,36,関川,세키가와역,Q599042,matched_station_line,station_name+line:予讃線,Wikidata CC0
0,16,37,多喜浜,다키하마역,Q872785,matched_station_line,station_name+line:予讃線,Wikidata CC0
0,16,38,新居浜,니이하마역,Q873300,matched_station_line,station_name+line:予讃線,Wikidata CC0
0,16,39,中萩,나카하기역,Q873180,matched_station_line,station_name+line:予讃線,Wikidata CC0
0,16,41,伊予西条,이요사이조역,Q871270,matched_station_line,station_name+line:予讃線,Wikidata CC0
0,16,42,石鎚山,이시즈치야마역,Q872807,matched_station_line,station_name+line:予讃線,Wikidata CC0
0,16,43,伊予氷見,이요히미역,Q875836,matched_station_line,station_name+line:予讃線,Wikidata CC0
0,16,44,伊予小松,이요코마쓰역,Q875877,matched_station_line,station_name+line:予讃線,Wikidata CC0
0,16,46,玉之江,다마노에역,Q875851,matched_station_line,station_name+line:予讃線,Wikidata CC0
0,16,47,壬生川,뉴가와역,Q875515,matched_station_line,station_name+line:予讃線,Wikidata CC0
0,16,48,伊予三芳,이요미요시역,Q898636,matched_station_line,station_name+line:予讃線,Wikidata CC0
0,16,49,伊予桜井,이요사쿠라이역,Q875864,matched_station_line,station_name+line:予讃線,Wikidata CC0
0,16,51,伊予富田,이요토미타역,Q585178,matched_station_line,station_name+line:予讃線,Wikidata CC0
0,16,52,今治,이마바리역,Q875869,matched_station_line,station_name+line:予讃線,Wikidata CC0
0,16,53,波止浜,하시하마역,Q875845,matched_station_line,station_name+line:予讃線,Wikidata CC0
0,16,54,波方,나미카타역,Q875859,matched_station_line,station_name+line:予讃線,Wikidata CC0
0,16,56,大西,오니시역,Q898627,matched_station_line,station_name+line:予讃線,Wikidata CC0
0,16,57,伊予亀岡,이요카메오카역,Q899227,matched_station_line,station_name+line:予讃線,Wikidata CC0
0,16,58,菊間,기쿠마역,Q898633,matched_station_line,station_name+line:予讃線,Wikidata CC0
0,16,59,浅海,아사나미역,Q1057690,matched_station_line,station_name+line:予讃線,Wikidata CC0
0,16,60,大浦,오우라역,Q898624,matched_station_line,station_name+line:予讃線,Wikidata CC0
0,16,61,伊予北条,이요호조역,Q899115,matched_station_line,station_name+line:予讃線,Wikidata CC0
0,16,62,柳原,야나기하라역,Q898944,matched_station_line,station_name+line:予讃線,Wikidata CC0
0,16,63,粟井,아와이역,Q898993,matched_station_line,station_name+line:予讃線,Wikidata CC0
0,16,64,光洋台,고요다이역,Q899000,matched_station_line,station_name+line:予讃線,Wikidata CC0
0,16,65,堀江,호리에역,Q899174,matched_station_line,station_name+line:予讃線,Wikidata CC0
0,16,66,伊予和気,이요와케역,Q899231,matched_station_line,station_name+line:予讃線,Wikidata CC0
0,16,67,三津浜,미쓰하마역,Q899123,matched_station_line,station_name+line:予讃線,Wikidata CC0
0,16,68,松山,마쓰야마역,Q1058202,matched_station_line,station_name+line:予讃線,Wikidata CC0
0,16,69,市坪,이치쓰보역,Q899104,matched_station_line,station_name+line:予讃線,Wikidata CC0
0,16,70,北伊予,기타이요역,Q898935,matched_station_line,station_name+line:予讃線,Wikidata CC0
0,16,72,伊予横田,이요요코타역,Q898981,matched_station_line,station_name+line:予讃線,Wikidata CC0
0,16,73,鳥ノ木,도리노키역,Q513429,matched_station_line,station_name+line:予讃線,Wikidata CC0
0,16,74,伊予市,이요시역,Q869533,matched_station_line,station_name+line:予讃線,Wikidata CC0
0,16,75,向井原,무카이바라역,Q944990,matched_station_line,station_name+line:予讃線,Wikidata CC0
0,16,76,高野川,고노카와역,Q898973,matched_station_line,station_name+line:予讃線,Wikidata CC0
0,16,77,伊予上灘,이요카미나다역,Q898957,matched_station_line,station_name+line:予讃線,Wikidata CC0
0,16,78,下灘,시모나다역,Q899167,matched_station_line,station_name+line:予讃線,Wikidata CC0
0,16,79,串,구시역,Q899182,matched_station_line,station_name+line:予讃線,Wikidata CC0
0,16,81,喜多灘,기타나다역,Q898976,matched_station_line,station_name+line:予讃線,Wikidata CC0
0,16,82,伊予長浜,이요나가하마역,Q898941,matched_station_line,station_name+line:予讃線,Wikidata CC0
0,16,83,伊予出石,이요이즈시역,Q898960,matched_station_line,station_name+line:予讃線,Wikidata CC0
0,16,84,伊予白滝,이요시라타키역,Q898985,matched_station_line,station_name+line:予讃線,Wikidata CC0
0,16,86,八多喜,하타키역,Q898952,matched_station_line,station_name+line:予讃線,Wikidata CC0
0,16,87,春賀,하루카역,Q898949,matched_station_line,station_name+line:予讃線,Wikidata CC0
0,16,88,五郎,고로역,Q899112,matched_station_line,station_name+line:予讃線,Wikidata CC0
0,16,89,伊予大洲,이요오즈역,Q898968,matched_station_line,station_name+line:予讃線,Wikidata CC0
0,16,91,西大洲,니시오즈역,Q899566,matched_station_line,station_name+line:予讃線,Wikidata CC0
0,16,92,伊予平野,이요히라노역,Q899620,matched_station_line,station_name+line:予讃線,Wikidata CC0
0,16,93,千丈,센조역,Q899525,matched_station_line,station_name+line:予讃線,Wikidata CC0
0,16,94,八幡浜,야와타하마역,Q899549,matched_station_line,station_name+line:予讃線,Wikidata CC0
0,16,96,双岩,후타이와역,Q899611,matched_station_line,station_name+line:予讃線,Wikidata CC0
0,16,97,伊予石城,이요이와키역,Q899531,matched_station_line,station_name+line:予讃線,Wikidata CC0
0,16,98,上宇和,가미우와역,Q899575,matched_station_line,station_name+line:予讃線,Wikidata CC0
0,16,99,卯之町,우노마치역,Q899595,matched_station_line,station_name+line:予讃線,Wikidata CC0
0,16,101,下宇和,시모우와역,Q899553,matched_station_line,station_name+line:予讃線,Wikidata CC0
0,16,102,立間,다치마역,Q899598,matched_station_line,station_name+line:予讃線,Wikidata CC0
0,16,103,伊予吉田,이요요시다역,Q899582,matched_station_line,station_name+line:予讃線,Wikidata CC0
0,16,104,高光,다카미쓰역,Q899560,matched_station_line,station_name+line:予讃線,Wikidata CC0
0,16,106,北宇和島,기타우와지마역,Q1057073,matched_station_line,station_name+line:予讃線,Wikidata CC0
0,16,107,宇和島,우와지마역,Q1057654,matched_station_line,station_name+line:予讃線,Wikidata CC0
0,16,129,後免,고멘역,Q900981,matched_station_line,station_name_only,Wikidata CC0
0,16,155,安芸,아키역,Q4700860,matched_station_line,station_name_only,Wikidata CC0
0,17,2,金蔵寺,곤조지역,Q900601,matched_station_line,station_name+line:土讃線,Wikidata CC0
0,17,3,善通寺,젠쓰지역,Q899921,matched_station_line,station_name+line:土讃線,Wikidata CC0
0,17,4,琴平,고토히라역,Q899906,matched_station_line,station_name+line:土讃線,Wikidata CC0
0,17,6,塩入,시오이리역,Q900462,matched_station_line,station_name+line:土讃線,Wikidata CC0
0,17,7,黒川,구로카와역,Q900203,matched_station_line,station_name+line:土讃線,Wikidata CC0
0,17,8,讃岐財田,사누키사이다역,Q900467,matched_station_line,station_name+line:土讃線,Wikidata CC0
0,17,9,坪尻,쓰보지리역,Q900196,matched_station_line,station_name+line:土讃線,Wikidata CC0
0,17,11,箸蔵,하시쿠라역,Q900476,matched_station_line,station_name+line:土讃線,Wikidata CC0
0,17,12,佃,쓰쿠다역,Q578112,matched_station_line,station_name+line:土讃線,Wikidata CC0
0,17,13,阿波池田,아와이케다역,Q578436,matched_station_line,station_name+line:土讃線,Wikidata CC0
0,17,14,三縄,미나와역,Q901365,matched_station_line,station_name+line:土讃線,Wikidata CC0
0,17,16,祖谷口,이야구치역,Q901383,matched_station_line,station_name+line:土讃線,Wikidata CC0
0,17,17,阿波川口,아와카와구치역,Q900674,matched_station_line,station_name+line:土讃線,Wikidata CC0
0,17,18,小歩危,고보케역,Q900985,matched_station_line,station_name+line:土讃線,Wikidata CC0
0,17,19,大歩危,오보케역,Q900681,matched_station_line,station_name+line:土讃線,Wikidata CC0
0,17,21,土佐岩原,도사이와하라역,Q900635,matched_station_line,station_name+line:土讃線,Wikidata CC0
0,17,22,豊永,도요나가역,Q901431,matched_station_line,station_name+line:土讃線,Wikidata CC0
0,17,23,大田口,오타구치역,Q900670,matched_station_line,station_name+line:土讃線,Wikidata CC0
0,17,24,土佐穴内,도사아나나이역,Q900641,matched_station_line,station_name+line:土讃線,Wikidata CC0
0,17,26,大杉,오스기역,Q901012,matched_station_line,station_name+line:土讃線,Wikidata CC0
0,17,27,土佐北川,도사키타가와역,Q900718,matched_station_line,station_name+line:土讃線,Wikidata CC0
0,17,28,角茂谷,가쿠모다니역,Q901030,matched_station_line,station_name+line:土讃線,Wikidata CC0
0,17,29,繁藤,시게토역,Q901424,matched_station_line,station_name+line:土讃線,Wikidata CC0
0,17,31,新改,신가이역,Q901037,matched_station_line,station_name+line:土讃線,Wikidata CC0
0,17,32,土佐山田,도사야마다역,Q901123,matched_station_line,station_name+line:土讃線,Wikidata CC0
0,17,33,山田西町,야마다니시마치역,Q901061,matched_station_line,station_name+line:土讃線,Wikidata CC0
0,17,34,土佐長岡,도사나가오카역,Q900975,matched_station_line,station_name+line:土讃線,Wikidata CC0
0,17,36,後免,고멘역,Q900981,matched_station_line,station_name+line:土讃線,Wikidata CC0
0,17,37,土佐大津,도사오쓰역,Q901337,matched_station_line,station_name+line:土讃線,Wikidata CC0
0,17,38,布師田,누노시다역,Q7069914,matched_station_line,station_name+line:土讃線,Wikidata CC0
0,17,39,土佐一宮,도사잇쿠역,Q7827524,matched_station_line,station_name+line:土讃線,Wikidata CC0
0,17,41,薊野,아조노역,Q4833213,matched_station_line,station_name+line:土讃線,Wikidata CC0
0,17,42,高知,고치역,Q869293,matched_station_line,station_name+line:土讃線,Wikidata CC0
0,17,43,入明,이리아케역,Q6069531,matched_station_line,station_name+line:土讃線,Wikidata CC0
0,17,44,円行寺口,엔교지구치역,Q5378763,matched_station_line,station_name+line:土讃線,Wikidata CC0
0,17,45,旭,아사히역,Q4803372,matched_station_line,station_name+line:土讃線,Wikidata CC0
0,17,46,高知商業前,고치쇼교마에역,Q6455082,matched_station_line,station_name+line:土讃線,Wikidata CC0
0,17,47,朝倉,아사쿠라역,Q4803441,matched_station_line,station_name+line:土讃線,Wikidata CC0
0,17,48,枝川,에다가와역,Q5335654,matched_station_line,station_name+line:土讃線,Wikidata CC0
0,17,49,伊野,이노역,Q10885165,matched_station_line,station_name+line:土讃線,Wikidata CC0
0,17,50,波川,하카와역,Q5640366,matched_station_line,station_name+line:土讃線,Wikidata CC0
0,17,51,小村神社前,오무라진자마에역,Q7090804,matched_station_line,station_name+line:土讃線,Wikidata CC0
0,17,52,日下,구사카역,Q6447751,matched_station_line,station_name+line:土讃線,Wikidata CC0
0,17,53,岡花,오카바나역,Q7081711,matched_station_line,station_name+line:土讃線,Wikidata CC0
0,17,54,土佐加茂,도사카모역,Q7827528,matched_station_line,station_name+line:土讃線,Wikidata CC0
0,17,55,西佐川,니시사카와역,Q7040397,matched_station_line,station_name+line:土讃線,Wikidata CC0
0,17,56,佐川,사카와역,Q7402876,matched_station_line,station_name+line:土讃線,Wikidata CC0
0,17,57,襟野々,에리노노역,Q5389283,matched_station_line,station_name+line:土讃線,Wikidata CC0
0,17,58,斗賀野,도가노역,Q7813039,matched_station_line,station_name+line:土讃線,Wikidata CC0
0,17,59,吾桑,아소 역 (고치 현),Q4812260,matched_station_line,station_name+line:土讃線,Wikidata CC0
0,17,61,多ノ郷,오노고역,Q8081667,matched_station_line,station_name+line:土讃線,Wikidata CC0
0,17,62,大間,오마역,Q8081594,matched_station_line,station_name+line:土讃線,Wikidata CC0
0,17,63,須崎,스사키역,Q7647477,matched_station_line,station_name+line:土讃線,Wikidata CC0
0,17,64,土佐新荘,도사신조역,Q7827531,matched_station_line,station_name+line:土讃線,Wikidata CC0
0,17,66,安和,아와역,Q4829648,matched_station_line,station_name+line:土讃線,Wikidata CC0
0,17,67,土佐久礼,도사쿠레역,Q7827529,matched_station_line,station_name+line:土讃線,Wikidata CC0
0,17,68,影野,가게노역,Q6346468,matched_station_line,station_name+line:土讃線,Wikidata CC0
0,17,69,六反地,로쿠탄지역,Q10893121,matched_station_line,station_name+line:土讃線,Wikidata CC0
0,17,71,仁井田,니다역,Q3249375,matched_station_line,station_name+line:土讃線,Wikidata CC0
0,17,72,窪川,구보카와역,Q6441296,matched_station_line,station_name+line:土讃線,Wikidata CC0
0,17,129,窪川,구보카와역,Q6441296,matched_station_line,station_name+line:土佐くろしお鉄道中村線,Wikidata CC0
0,17,131,若井,와카이역,Q7960771,matched_station_line,station_name+line:土佐くろしお鉄道中村線,Wikidata CC0
0,18,1,福島,후쿠시마 역 (후쿠시마 현),Q800799,matched_station_line,station_name+line:奥羽本線,Wikidata CC0
0,18,2,笹木野,사사키노역,Q7424994,matched_station_line,station_name+line:奥羽本線,Wikidata CC0
0,18,3,庭坂,니와사카역,Q7041878,matched_station_line,station_name+line:奥羽本線,Wikidata CC0
0,18,7,板谷,이타야역,Q6094180,matched_station_line,station_name+line:奥羽本線,Wikidata CC0
0,18,8,峠,도게역,Q7862650,matched_station_line,station_name+line:奥羽本線,Wikidata CC0
0,18,10,大沢,오사와역,Q8081694,matched_station_line,station_name+line:奥羽本線,Wikidata CC0
0,18,12,関根,세키네역,Q7447205,matched_station_line,station_name+line:奥羽本線,Wikidata CC0
0,18,14,米沢,요네자와역,Q1137040,matched_station_line,station_name+line:奥羽本線,Wikidata CC0
0,18,16,置賜,오이타마역,Q7081554,matched_station_line,station_name+line:奥羽本線,Wikidata CC0
0,18,17,高畠,다카하타역,Q1137123,matched_station_line,station_name+line:奥羽本線,Wikidata CC0
0,18,19,赤湯,아카유역,Q1137103,matched_station_line,station_name+line:奥羽本線,Wikidata CC0
0,18,21,中川,나카가와역,Q6960148,matched_station_line,station_name+line:奥羽本線,Wikidata CC0
0,18,22,羽前中山,우젠나카야마역,Q7904848,matched_station_line,station_name+line:奥羽本線,Wikidata CC0
0,18,24,かみのやま温泉,가미노야마온센역,Q1137142,matched_station_line,station_name+line:奥羽本線,Wikidata CC0
0,18,25,茂吉記念館前,모키치키넨칸마에역,Q6895338,matched_station_line,station_name+line:奥羽本線,Wikidata CC0
0,18,26,蔵王,자오역,Q8067684,matched_station_line,station_name+line:奥羽本線,Wikidata CC0
0,18,28,山形,야마가타역,Q1135793,matched_station_line,station_name+line:奥羽本線,Wikidata CC0
0,18,29,北山形,기타야마가타역,Q11401458,matched_station_line,station_name+line:奥羽本線,Wikidata CC0
0,18,30,羽前千歳,우젠치토세역,Q7904801,matched_station_line,station_name+line:奥羽本線,Wikidata CC0
0,18,31,南出羽,미나미데와역,Q6862856,matched_station_line,station_name+line:奥羽本線,Wikidata CC0
0,18,32,漆山,우루시야마역,Q7901562,matched_station_line,station_name+line:奥羽本線,Wikidata CC0
0,18,33,高擶,다카타마역,Q7677422,matched_station_line,station_name+line:奥羽本線,Wikidata CC0
0,18,35,天童,덴도역,Q1137082,matched_station_line,station_name+line:奥羽本線,Wikidata CC0
0,18,36,乱川,미다레가와역,Q11370550,matched_station_line,station_name+line:奥羽本線,Wikidata CC0
0,18,38,神町,진마치역,Q6199297,matched_station_line,station_name+line:奥羽本線,Wikidata CC0
0,18,39,さくらんぼ東根,사쿠란보히가시네역,Q742572,matched_station_line,station_name+line:奥羽本線,Wikidata CC0
0,18,40,東根,히가시네역,Q5754099,matched_station_line,station_name+line:奥羽本線,Wikidata CC0
0,18,41,村山,무라야마역,Q1053166,matched_station_line,station_name+line:奥羽本線,Wikidata CC0
0,18,43,袖崎,소데사키역,Q7553256,matched_station_line,station_name+line:奥羽本線,Wikidata CC0
0,18,44,大石田,오이시다역,Q1137108,matched_station_line,station_name+line:奥羽本線,Wikidata CC0
0,18,45,北大石田,기타오이시다역,Q6417636,matched_station_line,station_name+line:奥羽本線,Wikidata CC0
0,18,46,芦沢,아시사와역,Q4805146,matched_station_line,station_name+line:奥羽本線,Wikidata CC0
0,18,48,舟形,후나가타역,Q5508714,matched_station_line,station_name+line:奥羽本線,Wikidata CC0
0,18,50,新庄,신조역,Q1188523,matched_station_line,station_name+line:奥羽本線,Wikidata CC0
0,18,52,泉田,이즈미타역,Q6102377,matched_station_line,station_name+line:奥羽本線,Wikidata CC0
0,18,53,羽前豊里,우젠토요사토역,Q7904875,matched_station_line,station_name+line:奥羽本線,Wikidata CC0
0,18,54,真室川,마무로가와역,Q6746035,matched_station_line,station_name+line:奥羽本線,Wikidata CC0
0,18,55,釜淵,가마부치역,Q11648102,matched_station_line,station_name+line:奥羽本線,Wikidata CC0
0,18,57,大滝,오타키역,Q8081754,matched_station_line,station_name+line:奥羽本線,Wikidata CC0
0,18,58,及位,노조키역,Q7067415,matched_station_line,station_name+line:奥羽本線,Wikidata CC0
0,18,59,院内,인나이역,Q11658111,matched_station_line,station_name+line:奥羽本線,Wikidata CC0
0,18,60,横堀,요코보리역,Q8054603,matched_station_line,station_name+line:奥羽本線,Wikidata CC0
0,18,62,三関,미츠세키 역,Q6883371,matched_station_line,station_name+line:奥羽本線,Wikidata CC0
0,18,63,上湯沢,가미유자와역,Q6357217,matched_station_line,station_name+line:奥羽本線,Wikidata CC0
0,18,64,湯沢,유자와역,Q8062246,matched_station_line,station_name+line:奥羽本線,Wikidata CC0
0,18,65,下湯沢,시모유자와역,Q7496938,matched_station_line,station_name+line:奥羽本線,Wikidata CC0
0,18,67,十文字,주몬지역,Q6322326,matched_station_line,station_name+line:奥羽本線,Wikidata CC0
0,18,68,醍醐,다이고역,Q5209116,matched_station_line,station_name+line:奥羽本線,Wikidata CC0
0,18,69,柳田,야나기타역,Q8048234,matched_station_line,station_name+line:奥羽本線,Wikidata CC0
0,18,70,横手,요코테역,Q8054682,matched_station_line,station_name+line:奥羽本線,Wikidata CC0
0,18,72,後三年,고산넨역,Q5587140,matched_station_line,station_name+line:奥羽本線,Wikidata CC0
0,18,73,飯詰,이즈메역,Q5995055,matched_station_line,station_name+line:奥羽本線,Wikidata CC0
0,18,74,大曲,오마가리역,Q1052987,matched_station_line,station_name+line:奥羽本線,Wikidata CC0
0,18,75,神宮寺,진구지역,Q6202485,matched_station_line,station_name+line:奥羽本線,Wikidata CC0
0,18,77,刈和野,가리와노역,Q6371117,matched_station_line,station_name+line:奥羽本線,Wikidata CC0
0,18,78,峰吉川,미네요시카와역,Q6864601,matched_station_line,station_name+line:奥羽本線,Wikidata CC0
0,18,79,羽後境,우고사카이역,Q7877844,matched_station_line,station_name+line:奥羽本線,Wikidata CC0
0,18,80,大張野,오바리노역,Q8081428,matched_station_line,station_name+line:奥羽本線,Wikidata CC0
0,18,82,和田,와다역,Q7958926,matched_station_line,station_name+line:奥羽本線,Wikidata CC0
0,18,83,四ツ小屋,요쓰고야역,Q8056427,matched_station_line,station_name+line:奥羽本線,Wikidata CC0
0,18,84,秋田,아키타역,Q1316396,matched_station_line,station_name+line:奥羽本線,Wikidata CC0
0,18,85,泉外旭川,이즈미소토아사히카와역,Q85663702,matched_station_line,station_name+line:奥羽本線,Wikidata CC0
0,18,86,土崎,쓰치자키역,Q7849925,matched_station_line,station_name+line:奥羽本線,Wikidata CC0
0,18,87,上飯島,가미이지마역,Q11360525,matched_station_line,station_name+line:奥羽本線,Wikidata CC0
0,18,88,追分,오이와케역,Q7081568,matched_station_line,station_name+line:奥羽本線,Wikidata CC0
0,18,89,大久保,오쿠보역,Q11432075,matched_station_line,station_name+line:奥羽本線,Wikidata CC0
0,18,90,羽後飯塚,우고이즈카역,Q7877840,matched_station_line,station_name+line:奥羽本線,Wikidata CC0
0,18,91,井川さくら,이카와사쿠라역,Q11373502,matched_station_line,station_name+line:奥羽本線,Wikidata CC0
0,18,92,八郎潟,하치로가타역,Q5637087,matched_station_line,station_name+line:奥羽本線,Wikidata CC0
0,18,93,鯉川,고이카와역,Q6426274,matched_station_line,station_name+line:奥羽本線,Wikidata CC0
0,18,94,鹿渡,가도역,Q6345630,matched_station_line,station_name+line:奥羽本線,Wikidata CC0
0,18,95,森岳,모리타케역,Q11539557,matched_station_line,station_name+line:奥羽本線,Wikidata CC0
0,18,97,北金岡,기타카나오카역,Q6417553,matched_station_line,station_name+line:奥羽本線,Wikidata CC0
0,18,98,東能代,히가시노시로역,Q5753788,matched_station_line,station_name+line:奥羽本線,Wikidata CC0
0,18,99,鶴形,쓰루가타역,Q7850271,matched_station_line,station_name+line:奥羽本線,Wikidata CC0
0,18,100,富根,도미네역,Q7818915,matched_station_line,station_name+line:奥羽本線,Wikidata CC0
0,18,102,二ツ井,후타쓰이역,Q5510490,matched_station_line,station_name+line:奥羽本線,Wikidata CC0
0,18,103,前山,마에야마역,Q6729412,matched_station_line,station_name+line:奥羽本線,Wikidata CC0
0,18,104,鷹ノ巣,다카노스역,Q7677206,matched_station_line,station_name+line:奥羽本線,Wikidata CC0
0,18,105,糠沢,누카자와역,Q11604782,matched_station_line,station_name+line:奥羽本線,Wikidata CC0
0,18,107,早口,하야구치역,Q5685960,matched_station_line,station_name+line:奥羽本線,Wikidata CC0
0,18,108,下川沿,시모카와조이역,Q7496972,matched_station_line,station_name+line:奥羽本線,Wikidata CC0
0,18,109,大館,오다테역,Q8081437,matched_station_line,station_name+line:奥羽本線,Wikidata CC0
0,18,110,白沢,시라사와역,Q7498298,matched_station_line,station_name+line:奥羽本線,Wikidata CC0
0,18,112,陣場,진바역,Q6199149,matched_station_line,station_name+line:奥羽本線,Wikidata CC0
0,18,113,津軽湯の沢,쓰가루유노사와역,Q7849963,matched_station_line,station_name+line:奥羽本線,Wikidata CC0
0,18,114,碇ケ関,이카리가세키역,Q5995394,matched_station_line,station_name+line:奥羽本線,Wikidata CC0
0,18,115,長峰,나가미네역,Q6958414,matched_station_line,station_name+line:奥羽本線,Wikidata CC0
0,18,117,大鰐温泉,오와니온센역,Q8081800,matched_station_line,station_name+line:奥羽本線,Wikidata CC0
0,18,118,石川,이시카와역,Q6080301,matched_station_line,station_name+line:奥羽本線,Wikidata CC0
0,18,119,弘前,히로사키역,Q5770722,matched_station_line,station_name+line:奥羽本線,Wikidata CC0
0,18,120,撫牛子,나이조시역,Q6959563,matched_station_line,station_name+line:奥羽本線,Wikidata CC0
0,18,122,川部,가와베역,Q6379432,matched_station_line,station_name+line:奥羽本線,Wikidata CC0
0,18,123,北常盤,기타토키와역,Q6417613,matched_station_line,station_name+line:奥羽本線,Wikidata CC0
0,18,124,浪岡,나미오카역,Q6961895,matched_station_line,station_name+line:奥羽本線,Wikidata CC0
0,18,125,大釈迦,다이샤카역,Q5209607,matched_station_line,station_name+line:奥羽本線,Wikidata CC0
0,18,127,鶴ケ坂,쓰루가사카역,Q7850268,matched_station_line,station_name+line:奥羽本線,Wikidata CC0
0,18,128,津軽新城,쓰가루신조역,Q7849962,matched_station_line,station_name+line:奥羽本線,Wikidata CC0
0,18,130,新青森,신아오모리역,Q1187835,matched_station_line,station_name+line:奥羽本線,Wikidata CC0
0,19,2,京ケ瀬,교가세역,Q6453024,matched_station_line,station_name+line:羽越本線,Wikidata CC0
0,19,3,水原,스이바라역,Q7635304,matched_station_line,station_name+line:羽越本線,Wikidata CC0
0,19,4,神山,가미야마역,Q6358632,matched_station_line,station_name+line:羽越本線,Wikidata CC0
0,19,6,月岡,쓰키오카역,Q7850078,matched_station_line,station_name+line:羽越本線,Wikidata CC0
0,19,7,中浦,나카우라역,Q6960367,matched_station_line,station_name+line:羽越本線,Wikidata CC0
0,19,8,新発田,시바타역,Q7496029,matched_station_line,station_name+line:羽越本線,Wikidata CC0
0,19,9,加治,가지역,Q11398692,matched_station_line,station_name+line:羽越本線,Wikidata CC0
0,19,11,金塚,가나즈카역,Q6360909,matched_station_line,station_name+line:羽越本線,Wikidata CC0
0,19,12,中条,나카조역,Q11366177,matched_station_line,station_name+line:羽越本線,Wikidata CC0
0,19,13,平木田,히라키다역,Q5768955,matched_station_line,station_name+line:羽越本線,Wikidata CC0
0,19,14,坂町,사카마치역,Q7402797,matched_station_line,station_name+line:羽越本線,Wikidata CC0
0,19,16,平林,히라바야시역,Q11483132,matched_station_line,station_name+line:羽越本線,Wikidata CC0
0,19,17,岩船町,이와후네마치역,Q6100285,matched_station_line,station_name+line:羽越本線,Wikidata CC0
0,19,18,村上,무라카미역,Q6937257,matched_station_line,station_name+line:羽越本線,Wikidata CC0
0,19,19,間島,마지마역,Q6737891,matched_station_line,station_name+line:羽越本線,Wikidata CC0
0,19,21,越後早川,에치고하야카와역,Q5332408,matched_station_line,station_name+line:羽越本線,Wikidata CC0
0,19,22,桑川,구와가와역,Q6448806,matched_station_line,station_name+line:羽越本線,Wikidata CC0
0,19,23,今川,이마가와역,Q11376951,matched_station_line,station_name+line:羽越本線,Wikidata CC0
0,19,24,越後寒川,에치고칸가와역,Q5332416,matched_station_line,station_name+line:羽越本線,Wikidata CC0
0,19,26,勝木,가쓰기역,Q5527499,matched_station_line,station_name+line:羽越本線,Wikidata CC0
0,19,27,府屋,후야역,Q5510961,matched_station_line,station_name+line:羽越本線,Wikidata CC0
0,19,28,鼠ケ関,네즈가세키역,Q7021636,matched_station_line,station_name+line:羽越本線,Wikidata CC0
0,19,29,小岩川,고이와가와역,Q6426382,matched_station_line,station_name+line:羽越本線,Wikidata CC0
0,19,31,あつみ温泉,아쓰미온센역,Q4817784,matched_station_line,station_name+line:羽越本線,Wikidata CC0
0,19,32,五十川,이라가와역,Q6066383,matched_station_line,station_name+line:羽越本線,Wikidata CC0
0,19,33,小波渡,고바토역,Q11462584,matched_station_line,station_name+line:羽越本線,Wikidata CC0
0,19,34,三瀬,산제역,Q7420835,matched_station_line,station_name+line:羽越本線,Wikidata CC0
0,19,36,羽前水沢,우젠미즈사와역,Q7904833,matched_station_line,station_name+line:羽越本線,Wikidata CC0
0,19,37,羽前大山,우젠오야마역,Q7904901,matched_station_line,station_name+line:羽越本線,Wikidata CC0
0,19,38,鶴岡,쓰루오카역,Q7850300,matched_station_line,station_name+line:羽越本線,Wikidata CC0
0,19,39,藤島,후지시마역,Q5507482,matched_station_line,station_name+line:羽越本線,Wikidata CC0
0,19,41,西袋,니시부쿠로역,Q7040516,matched_station_line,station_name+line:羽越本線,Wikidata CC0
0,19,42,余目,아마루메역,Q4740358,matched_station_line,station_name+line:羽越本線,Wikidata CC0
0,19,43,北余目,기타아마루메역,Q11401123,matched_station_line,station_name+line:羽越本線,Wikidata CC0
0,19,44,砂越,사고시역,Q7399356,matched_station_line,station_name+line:羽越本線,Wikidata CC0
0,19,46,東酒田,히가시사카타역,Q11528576,matched_station_line,station_name+line:羽越本線,Wikidata CC0
0,19,47,酒田,사카타역,Q11315202,matched_station_line,station_name+line:羽越本線,Wikidata CC0
0,19,48,本楯,모토타테역,Q11520458,matched_station_line,station_name+line:羽越本線,Wikidata CC0
0,19,49,南鳥海,미나미초카이역,Q11408820,matched_station_line,station_name+line:羽越本線,Wikidata CC0
0,19,51,遊佐,유자역,Q8062241,matched_station_line,station_name+line:羽越本線,Wikidata CC0
0,19,52,吹浦,후쿠라역,Q5507708,matched_station_line,station_name+line:羽越本線,Wikidata CC0
0,19,53,女鹿,메가역,Q6808127,matched_station_line,station_name+line:羽越本線,Wikidata CC0
0,19,54,小砂川,고사가와역,Q6432944,matched_station_line,station_name+line:羽越本線,Wikidata CC0
0,19,55,上浜,가미하마역,Q6357778,matched_station_line,station_name+line:羽越本線,Wikidata CC0
0,19,56,象潟,기사카타역,Q6416385,matched_station_line,station_name+line:羽越本線,Wikidata CC0
0,19,57,金浦,고노우라역,Q6429670,matched_station_line,station_name+line:羽越本線,Wikidata CC0
0,19,58,仁賀保,니카호역,Q7034710,matched_station_line,station_name+line:羽越本線,Wikidata CC0
0,19,59,西目,니시메역,Q7040617,matched_station_line,station_name+line:羽越本線,Wikidata CC0
0,19,60,羽後本荘,우고혼조역,Q7877841,matched_station_line,station_name+line:羽越本線,Wikidata CC0
0,19,61,羽後岩谷,우고이와야역,Q3701533,matched_station_line,station_name+line:羽越本線,Wikidata CC0
0,19,62,折渡,오리와타리역,Q7102890,matched_station_line,station_name+line:羽越本線,Wikidata CC0
0,19,63,羽後亀田,우고카메다역,Q7877842,matched_station_line,station_name+line:羽越本線,Wikidata CC0
0,19,64,岩城みなと,이와키미나토역,Q6100366,matched_station_line,station_name+line:羽越本線,Wikidata CC0
0,19,65,道川,미치카와역,Q6837874,matched_station_line,station_name+line:羽越本線,Wikidata CC0
0,19,66,下浜,시모하마역,Q7496963,matched_station_line,station_name+line:羽越本線,Wikidata CC0
0,19,67,桂根,가쓰라네역,Q6378186,matched_station_line,station_name+line:羽越本線,Wikidata CC0
0,19,68,新屋,아라야역,Q3701512,matched_station_line,station_name+line:羽越本線,Wikidata CC0
0,19,69,羽後牛島,우고우시지마역,Q3701407,matched_station_line,station_name+line:羽越本線,Wikidata CC0
0,20,2,昭和町,쇼와초역,Q864198,matched_station_line,station_name+line:高徳線,Wikidata CC0
0,20,3,栗林公園北口,리쓰린코엔기타구치역,Q7336802,matched_station_line,station_name+line:高徳線,Wikidata CC0
0,20,5,栗林,리쓰린역,Q7336803,matched_station_line,station_name+line:高徳線,Wikidata CC0
0,20,6,木太町,기타초역,Q6417683,matched_station_line,station_name+line:高徳線,Wikidata CC0
0,20,7,屋島,야시마역,Q8049736,matched_station_line,station_name+line:高徳線,Wikidata CC0
0,20,9,古高松南,후루타카마쓰미나미역,Q5509828,matched_station_line,station_name+line:高徳線,Wikidata CC0
0,20,10,八栗口,야쿠리구치역,Q8047243,matched_station_line,station_name+line:高徳線,Wikidata CC0
0,20,11,讃岐牟礼,사누키무레역,Q7420741,matched_station_line,station_name+line:高徳線,Wikidata CC0
0,20,12,志度,시도역,Q1441253,matched_station_line,station_name+line:高徳線,Wikidata CC0
0,20,13,オレンジタウン,오렌지타운역,Q1441270,matched_station_line,station_name+line:高徳線,Wikidata CC0
0,20,14,造田,조다역,Q81401,matched_station_line,station_name+line:高徳線,Wikidata CC0
0,20,15,神前,간자키역,Q6365934,matched_station_line,station_name+line:高徳線,Wikidata CC0
0,20,17,讃岐津田,사누키쓰다역,Q7420743,matched_station_line,station_name+line:高徳線,Wikidata CC0
0,20,18,鶴羽,쓰루와역,Q7850308,matched_station_line,station_name+line:高徳線,Wikidata CC0
0,20,19,丹生,니부역,Q8190243,matched_station_line,station_name+line:高徳線,Wikidata CC0
0,20,21,三本松,산본마쓰역,Q7409075,matched_station_line,station_name+line:高徳線,Wikidata CC0
0,20,22,讃岐白鳥,사누키시로토리역,Q7420742,matched_station_line,station_name+line:高徳線,Wikidata CC0
0,20,23,引田,히케타역,Q5760558,matched_station_line,station_name+line:高徳線,Wikidata CC0
0,20,25,讃岐相生,사누키아이오이역,Q7420740,matched_station_line,station_name+line:高徳線,Wikidata CC0
0,20,26,阿波大宮,아와오미야역,Q4829629,matched_station_line,station_name+line:高徳線,Wikidata CC0
0,20,27,板野,이타노역,Q8190673,matched_station_line,station_name+line:高徳線,Wikidata CC0
0,20,29,阿波川端,아와카와바타역,Q8190594,matched_station_line,station_name+line:高徳線,Wikidata CC0
0,20,30,板東,반도역,Q4854805,matched_station_line,station_name+line:高徳線,Wikidata CC0
0,20,31,池谷,이케노타니역,Q8193606,matched_station_line,station_name+line:高徳線,Wikidata CC0
0,20,33,勝瑞,쇼즈이역,Q8190586,matched_station_line,station_name+line:高徳線,Wikidata CC0
0,20,34,吉成,요시나리역,Q8056189,matched_station_line,station_name+line:高徳線,Wikidata CC0
0,20,37,佐古,사코역,Q7403047,matched_station_line,station_name+line:高徳線,Wikidata CC0
0,20,38,徳島,도쿠시마역,Q860775,matched_station_line,station_name+line:高徳線,Wikidata CC0
0,20,39,阿波富田,아와토미다역,Q4829621,matched_station_line,station_name+line:牟岐線,Wikidata CC0
0,20,41,二軒屋,니켄야역,Q10880415,matched_station_line,station_name+line:牟岐線,Wikidata CC0
0,20,42,文化の森,분카노모리역,Q4997739,matched_station_line,station_name+line:牟岐線,Wikidata CC0
0,20,43,地蔵橋,지조바시역,Q6203576,matched_station_line,station_name+line:牟岐線,Wikidata CC0
0,20,45,中田,주덴역,Q5119016,matched_station_line,station_name+line:牟岐線,Wikidata CC0
0,20,46,南小松島,미나미코마쓰시마역,Q6862940,matched_station_line,station_name+line:牟岐線,Wikidata CC0
0,20,49,阿波赤石,아와아카이시역,Q4829610,matched_station_line,station_name+line:牟岐線,Wikidata CC0
0,20,50,立江,다쓰에역,Q7688271,matched_station_line,station_name+line:牟岐線,Wikidata CC0
0,20,53,羽ノ浦,하노우라역,Q5649353,matched_station_line,station_name+line:牟岐線,Wikidata CC0
0,20,54,西原,니시바라역,Q8190635,matched_station_line,station_name+line:牟岐線,Wikidata CC0
0,20,55,阿波中島,아와나카시마역,Q4829620,matched_station_line,station_name+line:牟岐線,Wikidata CC0
0,20,57,阿南,아난역,Q4751223,matched_station_line,station_name+line:牟岐線,Wikidata CC0
0,20,58,見能林,미노바야시역,Q6868933,matched_station_line,station_name+line:牟岐線,Wikidata CC0
0,20,59,阿波橘,아와타치바나역,Q4829622,matched_station_line,station_name+line:牟岐線,Wikidata CC0
0,20,61,桑野,구와노역,Q6449058,matched_station_line,station_name+line:牟岐線,Wikidata CC0
0,20,62,新野,아라타노역,Q4784417,matched_station_line,station_name+line:牟岐線,Wikidata CC0
0,20,63,阿波福井,아와후쿠이역,Q4829613,matched_station_line,station_name+line:牟岐線,Wikidata CC0
0,20,64,由岐,유키역,Q8060670,matched_station_line,station_name+line:牟岐線,Wikidata CC0
0,20,65,田井ノ浜,다이노하마역,Q860801,matched_station_line,station_name+line:牟岐線,Wikidata CC0
0,20,66,木岐,기키역,Q6406270,matched_station_line,station_name+line:牟岐線,Wikidata CC0
0,20,67,北河内,기타가와치역,Q6417705,matched_station_line,station_name+line:牟岐線,Wikidata CC0
0,20,69,日和佐,히와사역,Q5872860,matched_station_line,station_name+line:牟岐線,Wikidata CC0
0,20,70,山河内,야마가와치역,Q8047629,matched_station_line,station_name+line:牟岐線,Wikidata CC0
0,20,71,辺川,헤가와역,Q5698324,matched_station_line,station_name+line:牟岐線,Wikidata CC0
0,20,73,牟岐,무기역,Q6932194,matched_station_line,station_name+line:牟岐線,Wikidata CC0
0,20,74,鯖瀬,사바세역,Q7395925,matched_station_line,station_name+line:牟岐線,Wikidata CC0
0,20,75,浅川,아사카와역,Q4803422,matched_station_line,station_name+line:牟岐線,Wikidata CC0
0,20,77,阿波海南,아와카이난역,Q4829614,matched_station_line,station_name+line:牟岐線,Wikidata CC0
0,21,1,高崎,다카사키역,Q801505,matched_station_line,station_name+line:上越新幹線,Wikidata CC0
0,21,2,高崎問屋町,다카사키톤야마치역,Q1652478,matched_station_line,station_name+line:上越線,Wikidata CC0
0,21,3,井野,이노역,Q1652443,matched_station_line,station_name+line:上越線,Wikidata CC0
0,21,4,新前橋,신마에바시역,Q1652844,matched_station_line,station_name+line:上越線,Wikidata CC0
0,21,5,群馬総社,군마소자역,Q1705804,matched_station_line,station_name+line:上越線,Wikidata CC0
0,21,6,八木原,야기하라역,Q1706435,matched_station_line,station_name+line:上越線,Wikidata CC0
0,21,7,渋川,시부카와역,Q864146,matched_station_line,station_name+line:上越線,Wikidata CC0
0,21,8,敷島,시키시마역,Q1705823,matched_station_line,station_name+line:上越線,Wikidata CC0
0,21,9,津久田,쓰쿠다역,Q1705789,matched_station_line,station_name+line:上越線,Wikidata CC0
0,21,11,岩本,이와모토역,Q775068,matched_station_line,station_name+line:上越線,Wikidata CC0
0,21,12,沼田,누마타역,Q1706459,matched_station_line,station_name+line:上越線,Wikidata CC0
0,21,13,後閑,고칸역,Q1770583,matched_station_line,station_name+line:上越線,Wikidata CC0
0,21,16,上牧,가미모쿠역,Q1770591,matched_station_line,station_name+line:上越線,Wikidata CC0
0,21,17,水上,미나카미역,Q1770451,matched_station_line,station_name+line:上越線,Wikidata CC0
0,21,18,湯檜曽,유비소역,Q3527453,matched_station_line,station_name+line:上越線,Wikidata CC0
0,21,19,土合,도아이역,Q5286466,matched_station_line,station_name+line:上越線,Wikidata CC0
0,21,21,土樽,쓰치타루역,Q3560235,matched_station_line,station_name+line:上越線,Wikidata CC0
0,21,22,越後中里,에치고나카자토역,Q3560256,matched_station_line,station_name+line:上越線,Wikidata CC0
0,21,23,岩原スキー場前,이왓파라스키조마에역,Q3560110,matched_station_line,station_name+line:上越線,Wikidata CC0
0,21,24,越後湯沢,에치고유자와역,Q1188630,matched_station_line,station_name+line:上越新幹線,Wikidata CC0
0,21,25,石打,이시우치역,Q3660496,matched_station_line,station_name+line:上越線,Wikidata CC0
0,21,26,大沢,오사와역,Q3660575,matched_station_line,station_name+line:上越線,Wikidata CC0
0,21,27,上越国際スキー場前,조에쓰코쿠사이스키조마에역,Q3660507,matched_station_line,station_name+line:上越線,Wikidata CC0
0,21,28,塩沢,시오자와역,Q3660533,matched_station_line,station_name+line:上越線,Wikidata CC0
0,21,29,六日町,무이카마치역,Q3660544,matched_station_line,station_name+line:上越線,Wikidata CC0
0,21,31,五日町,이쓰카마치역,Q3660528,matched_station_line,station_name+line:上越線,Wikidata CC0
0,21,32,浦佐,우라사역,Q1138368,matched_station_line,station_name+line:上越新幹線,Wikidata CC0
0,21,33,八色,야이로역,Q3660518,matched_station_line,station_name+line:上越線,Wikidata CC0
0,21,34,小出,고이데역,Q3660515,matched_station_line,station_name+line:上越線,Wikidata CC0
0,21,36,越後堀之内,에치고호리노우치역,Q3660584,matched_station_line,station_name+line:上越線,Wikidata CC0
0,21,37,北堀之内,기타호리노우치역,Q3698870,matched_station_line,station_name+line:上越線,Wikidata CC0
0,21,38,越後川口,에치고카와구치역,Q3698863,matched_station_line,station_name+line:上越線,Wikidata CC0
0,22,1,御茶ノ水,오차노미즈역,Q801289,matched_station_line,station_name_only,Wikidata CC0
0,22,2,秋葉原,아키하바라역,Q800374,matched_station_line,station_name_only,Wikidata CC0
0,22,3,浅草橋,아사쿠사바시역,Q800404,matched_station_line,station_name+line:総武本線,Wikidata CC0
0,22,4,両国,료고쿠역,Q801389,matched_station_line,station_name+line:総武本線,Wikidata CC0
0,22,6,錦糸町,긴시초역,Q801017,matched_station_line,station_name+line:総武本線,Wikidata CC0
0,22,7,亀戸,가메이도역,Q1036376,matched_station_line,station_name+line:総武本線,Wikidata CC0
0,22,8,平井,히라이역,Q909531,matched_station_line,station_name+line:総武本線,Wikidata CC0
0,22,9,新小岩,신코이와역,Q1063750,matched_station_line,station_name+line:総武本線,Wikidata CC0
0,22,11,小岩,고이와역,Q1067969,matched_station_line,station_name+line:総武本線,Wikidata CC0
0,22,12,市川,이치카와역,Q1067608,matched_station_line,station_name+line:総武本線,Wikidata CC0
0,22,13,本八幡,모토야와타역,Q1142065,matched_station_line,station_name+line:総武本線,Wikidata CC0
0,22,14,下総中山,시모사나카야마역,Q1067586,matched_station_line,station_name+line:総武本線,Wikidata CC0
0,22,16,西船橋,니시후나바시역,Q128803,matched_station_line,station_name+line:総武本線,Wikidata CC0
0,22,17,船橋,후나바시역,Q800795,matched_station_line,station_name+line:総武本線,Wikidata CC0
0,22,18,東船橋,히가시후나바시역,Q908788,matched_station_line,station_name+line:総武本線,Wikidata CC0
0,22,19,津田沼,쓰다누마역,Q801534,matched_station_line,station_name+line:総武本線,Wikidata CC0
0,22,20,幕張本郷,마쿠하리혼고역,Q906124,matched_station_line,station_name+line:総武本線,Wikidata CC0
0,22,21,幕張,마쿠하리역,Q908755,matched_station_line,station_name+line:総武本線,Wikidata CC0
0,22,22,新検見川,신케미가와역,Q908760,matched_station_line,station_name+line:総武本線,Wikidata CC0
0,22,23,稲毛,이나게역,Q909403,matched_station_line,station_name+line:総武本線,Wikidata CC0
0,22,24,西千葉,니시치바역,Q1067240,matched_station_line,station_name+line:総武本線,Wikidata CC0
0,22,26,千葉,지바역,Q800625,matched_station_line,station_name_only,Wikidata CC0
0,22,27,東千葉,히가시치바역,Q8013045,matched_station_line,station_name+line:総武本線,Wikidata CC0
0,22,29,都賀,쓰가역,Q7849953,matched_station_line,station_name+line:総武本線,Wikidata CC0
0,22,31,四街道,요쓰카이도역,Q8013017,matched_station_line,station_name+line:総武本線,Wikidata CC0
0,22,33,物井,모노이역,Q6901635,matched_station_line,station_name+line:総武本線,Wikidata CC0
0,22,34,佐倉,사쿠라 역 (지바 현),Q7403176,matched_station_line,station_name+line:総武本線,Wikidata CC0
0,22,35,南酒々井,미나미시스이역,Q5364222,matched_station_line,station_name+line:総武本線,Wikidata CC0
0,22,36,榎戸,에노키도역,Q5364697,matched_station_line,station_name+line:総武本線,Wikidata CC0
0,22,38,八街,야치마타역,Q5364855,matched_station_line,station_name+line:総武本線,Wikidata CC0
0,22,40,日向,휴가역,Q5363469,matched_station_line,station_name+line:総武本線,Wikidata CC0
0,22,42,成東,나루토 역 (지바 현),Q6966490,matched_station_line,station_name+line:総武本線,Wikidata CC0
0,22,44,松尾,마쓰오역,Q5365257,matched_station_line,station_name+line:総武本線,Wikidata CC0
0,22,45,横芝,요코시바역,Q5363081,matched_station_line,station_name+line:総武本線,Wikidata CC0
0,22,46,飯倉,이구라역,Q5363230,matched_station_line,station_name+line:総武本線,Wikidata CC0
0,22,47,八日市場,요카이치바역,Q5363766,matched_station_line,station_name+line:総武本線,Wikidata CC0
0,22,49,干潟,히가타역,Q5363793,matched_station_line,station_name+line:総武本線,Wikidata CC0
0,22,50,旭,아사히역,Q863457,matched_station_line,station_name+line:総武本線,Wikidata CC0
0,22,51,飯岡,이오카역,Q5364920,matched_station_line,station_name+line:総武本線,Wikidata CC0
0,22,52,倉橋,구라하시역,Q5364298,matched_station_line,station_name+line:総武本線,Wikidata CC0
0,22,54,猿田,사루다역,Q5364199,matched_station_line,station_name+line:総武本線,Wikidata CC0
0,22,55,松岸,마쓰기시역,Q5365309,matched_station_line,station_name+line:総武本線,Wikidata CC0
0,22,56,銚子,조시역,Q861084,matched_station_line,station_name+line:総武本線,Wikidata CC0
0,23,3,ガーラ湯沢,갈라유자와역,Q1054907,matched_station_line,station_name_only,Wikidata CC0
0,24,2,尻手,싯테역,Q5367537,matched_station_line,station_name+line:南武線,Wikidata CC0
0,24,3,矢向,야코역,Q5367593,matched_station_line,station_name+line:南武線,Wikidata CC0
0,24,4,鹿島田,가시마다역,Q5367917,matched_station_line,station_name+line:南武線,Wikidata CC0
0,24,6,平間,히라마역,Q5366557,matched_station_line,station_name+line:南武線,Wikidata CC0
0,24,7,向河原,무카이가와라역,Q5366346,matched_station_line,station_name+line:南武線,Wikidata CC0
0,24,8,武蔵小杉,무사시코스기역,Q801207,matched_station_line,station_name+line:南武線,Wikidata CC0
0,24,9,武蔵中原,무사시나카하라역,Q5367238,matched_station_line,station_name+line:南武線,Wikidata CC0
0,24,11,武蔵新城,무사시신조역,Q5366887,matched_station_line,station_name+line:南武線,Wikidata CC0
0,24,12,武蔵溝ノ口,무사시미조노쿠치역,Q5367854,matched_station_line,station_name+line:南武線,Wikidata CC0
0,24,13,津田山,쓰다야마역,Q211015,matched_station_line,station_name+line:南武線,Wikidata CC0
0,24,14,久地,구지역,Q5366826,matched_station_line,station_name+line:南武線,Wikidata CC0
0,24,16,宿河原,슈쿠가와라역,Q5366653,matched_station_line,station_name+line:南武線,Wikidata CC0
0,24,17,登戸,노보리토역,Q801266,matched_station_line,station_name+line:南武線,Wikidata CC0
0,24,18,中野島,나카노시마역,Q5366675,matched_station_line,station_name+line:南武線,Wikidata CC0
0,24,19,稲田堤,이나다즈쓰미역,Q5368291,matched_station_line,station_name+line:南武線,Wikidata CC0
0,24,21,矢野口,야노쿠치역,Q5366316,matched_station_line,station_name+line:南武線,Wikidata CC0
0,24,22,稲城長沼,이나기나가누마역,Q5366278,matched_station_line,station_name+line:南武線,Wikidata CC0
0,24,23,南多摩,미나미타마역,Q5366901,matched_station_line,station_name+line:南武線,Wikidata CC0
0,24,24,府中本町,후추혼마치역,Q800794,matched_station_line,station_name+line:南武線,Wikidata CC0
0,24,26,分倍河原,부바이가와라역,Q857315,matched_station_line,station_name+line:南武線,Wikidata CC0
0,24,27,西府,니시후역,Q5366323,matched_station_line,station_name+line:南武線,Wikidata CC0
0,24,28,谷保,야호역,Q5366778,matched_station_line,station_name+line:南武線,Wikidata CC0
0,24,29,矢川,야가와역,Q5366364,matched_station_line,station_name+line:南武線,Wikidata CC0
0,24,30,西国立,니시쿠니타치역,Q5366355,matched_station_line,station_name+line:南武線,Wikidata CC0
0,24,32,西立川,니시타치카와역,Q7040422,matched_station_line,station_name+line:青梅線,Wikidata CC0
0,24,33,東中神,히가시나카가미역,Q8014532,matched_station_line,station_name+line:青梅線,Wikidata CC0
0,24,34,中神,나카가미역,Q8013086,matched_station_line,station_name+line:青梅線,Wikidata CC0
0,24,36,昭島,아키시마역,Q844152,matched_station_line,station_name+line:青梅線,Wikidata CC0
0,24,37,拝島,하이지마역,Q1065988,matched_station_line,station_name+line:青梅線,Wikidata CC0
0,24,38,牛浜,우시하마역,Q7901942,matched_station_line,station_name+line:青梅線,Wikidata CC0
0,24,39,福生,훗사역,Q5510343,matched_station_line,station_name+line:青梅線,Wikidata CC0
0,24,41,羽村,하무라역,Q5646478,matched_station_line,station_name+line:青梅線,Wikidata CC0
0,24,42,小作,오자쿠역,Q7116441,matched_station_line,station_name+line:青梅線,Wikidata CC0
0,24,43,河辺,가베 역 (도쿄 도),Q6344018,matched_station_line,station_name+line:青梅線,Wikidata CC0
0,24,44,東青梅,히가시오메역,Q844198,matched_station_line,station_name+line:青梅線,Wikidata CC0
0,24,46,青梅,오메역,Q843019,matched_station_line,station_name+line:青梅線,Wikidata CC0
0,24,47,宮ノ平,미야노히라역,Q8013443,matched_station_line,station_name+line:青梅線,Wikidata CC0
0,24,48,日向和田,히나타와다역,Q8013228,matched_station_line,station_name+line:青梅線,Wikidata CC0
0,24,49,石神前,이시가미마에역,Q8013316,matched_station_line,station_name+line:青梅線,Wikidata CC0
0,24,51,二俣尾,후타마타오역,Q5510471,matched_station_line,station_name+line:青梅線,Wikidata CC0
0,24,52,軍畑,이쿠사바타역,Q8013549,matched_station_line,station_name+line:青梅線,Wikidata CC0
0,24,53,沢井,사와이역,Q7428551,matched_station_line,station_name+line:青梅線,Wikidata CC0
0,24,54,御嶽,미타케 역 (도쿄 도),Q6880751,matched_station_line,station_name+line:青梅線,Wikidata CC0
0,24,56,川井,가와이 역 (도쿄 도),Q6379533,matched_station_line,station_name+line:青梅線,Wikidata CC0
0,24,57,古里,고리역,Q844141,matched_station_line,station_name+line:青梅線,Wikidata CC0
0,24,58,鳩ノ巣,하토노스역,Q8013671,matched_station_line,station_name+line:青梅線,Wikidata CC0
0,24,59,白丸,시로마루역,Q7498943,matched_station_line,station_name+line:青梅線,Wikidata CC0
0,24,61,奥多摩,오쿠타마역,Q842968,matched_station_line,station_name+line:青梅線,Wikidata CC0
0,25,2,国道,고쿠도역,Q77872,matched_station_line,station_name+line:鶴見線,Wikidata CC0
0,25,3,鶴見小野,쓰루미오노역,Q869061,matched_station_line,station_name+line:鶴見線,Wikidata CC0
0,25,4,弁天橋,벤텐바시역,Q1392590,matched_station_line,station_name+line:鶴見線,Wikidata CC0
0,25,6,浅野,아사노역,Q4803534,matched_station_line,station_name+line:鶴見線海芝浦支線,Wikidata CC0
0,25,7,安善,안젠역,Q1581479,matched_station_line,station_name+line:鶴見線大川支線,Wikidata CC0
0,25,8,武蔵白石,무사시시라이시역,Q1581531,matched_station_line,station_name+line:鶴見線,Wikidata CC0
0,25,9,浜川崎,하마카와사키역,Q1581467,matched_station_line,station_name+line:鶴見線,Wikidata CC0
0,25,11,昭和,쇼와역,Q1581652,matched_station_line,station_name+line:鶴見線,Wikidata CC0
0,25,12,扇町,오기마치역,Q1581492,matched_station_line,station_name+line:鶴見線,Wikidata CC0
0,26,3,八丁畷,핫초나와테역,Q5366338,matched_station_line,station_name+line:南武線,Wikidata CC0
0,26,4,川崎新町,가와사키신마치역,Q6379722,matched_station_line,station_name+line:南武線,Wikidata CC0
0,26,5,小田栄,오다사카에역,Q21020014,matched_station_line,station_name+line:南武線,Wikidata CC0
0,27,2,新芝浦,신시바우라역,Q1581516,matched_station_line,station_name+line:鶴見線海芝浦支線,Wikidata CC0
0,27,3,海芝浦,우미시바우라역,Q1052602,matched_station_line,station_name+line:鶴見線,Wikidata CC0
0,28,2,大川,오카와역,Q1581453,matched_station_line,station_name+line:鶴見線大川支線,Wikidata CC0
0,29,4,本郷台,혼고다이역,Q844379,matched_station_line,station_name+line:根岸線,Wikidata CC0
0,29,6,港南台,고난다이역,Q844457,matched_station_line,station_name+line:根岸線,Wikidata CC0
0,29,7,洋光台,요코다이역,Q844428,matched_station_line,station_name+line:根岸線,Wikidata CC0
0,29,8,新杉田,신스기타역,Q844465,matched_station_line,station_name+line:根岸線,Wikidata CC0
0,29,9,磯子,이소고역,Q79378,matched_station_line,station_name+line:根岸線,Wikidata CC0
0,29,10,根岸,네기시역,Q801241,matched_station_line,station_name+line:根岸線,Wikidata CC0
0,29,12,山手,야마테역,Q801651,matched_station_line,station_name+line:根岸線,Wikidata CC0
0,29,13,石川町,이시카와초역,Q800960,matched_station_line,station_name+line:根岸線,Wikidata CC0
0,29,14,関内,간나이역,Q800982,matched_station_line,station_name_only,Wikidata CC0
0,29,15,桜木町,사쿠라기초역,Q801396,matched_station_line,station_name_only,Wikidata CC0
0,29,19,大口,오구치역,Q801688,matched_station_line,station_name+line:横浜線,Wikidata CC0
0,29,20,菊名,기쿠나역,Q801006,matched_station_line,station_name+line:横浜線,Wikidata CC0
0,29,22,新横浜,신요코하마역,Q801437,matched_station_line,station_name_only,Wikidata CC0
0,29,23,小机,고즈쿠에역,Q909994,matched_station_line,station_name+line:横浜線,Wikidata CC0
0,29,25,鴨居,가모이역,Q844702,matched_station_line,station_name+line:横浜線,Wikidata CC0
0,29,26,中山,나카야마역,Q844670,matched_station_line,station_name+line:横浜線,Wikidata CC0
0,29,27,十日市場,도카이치바역,Q844640,matched_station_line,station_name+line:横浜線,Wikidata CC0
0,29,28,長津田,나가쓰타역,Q801229,matched_station_line,station_name+line:横浜線,Wikidata CC0
0,29,29,成瀬,나루세역,Q844689,matched_station_line,station_name+line:横浜線,Wikidata CC0
0,29,30,町田,마치다역,Q801146,matched_station_line,station_name_only,Wikidata CC0
0,29,31,古淵,고부치역,Q844706,matched_station_line,station_name+line:横浜線,Wikidata CC0
0,29,32,淵野辺,후치노베역,Q844699,matched_station_line,station_name+line:横浜線,Wikidata CC0
0,29,33,矢部,야베역,Q844663,matched_station_line,station_name+line:横浜線,Wikidata CC0
0,29,34,相模原,사가미하라역,Q844696,matched_station_line,station_name+line:横浜線,Wikidata CC0
0,29,35,橋本,하시모토역,Q800895,matched_station_line,station_name+line:横浜線,Wikidata CC0
0,29,37,相原,아이하라역,Q844635,matched_station_line,station_name+line:横浜線,Wikidata CC0
0,29,38,八王子みなみ野,하치오지미나미노역,Q844693,matched_station_line,station_name+line:横浜線,Wikidata CC0
0,29,39,片倉,가타쿠라역,Q844653,matched_station_line,station_name+line:横浜線,Wikidata CC0
0,29,42,北八王子,기타하치오지역,Q844347,matched_station_line,station_name+line:八高線,Wikidata CC0
0,29,43,小宮,고미야역,Q844334,matched_station_line,station_name+line:八高線,Wikidata CC0
0,29,46,東福生,히가시훗사역,Q844330,matched_station_line,station_name+line:八高線,Wikidata CC0
0,29,48,箱根ケ崎,하코네가사키역,Q844354,matched_station_line,station_name+line:八高線,Wikidata CC0
0,29,49,金子,가네코역,Q844340,matched_station_line,station_name+line:八高線,Wikidata CC0
0,29,51,東飯能,히가시한노역,Q842772,matched_station_line,station_name+line:八高線,Wikidata CC0
0,29,53,高麗川,고마가와역,Q910599,matched_station_line,station_name+line:八高線,Wikidata CC0
0,29,55,毛呂,모로역,Q844988,matched_station_line,station_name+line:八高線,Wikidata CC0
0,29,56,越生,오고세역,Q845041,matched_station_line,station_name+line:八高線,Wikidata CC0
0,29,58,明覚,묘카쿠역,Q845049,matched_station_line,station_name+line:八高線,Wikidata CC0
0,29,60,小川町,오가와마치역,Q844858,matched_station_line,station_name+line:八高線,Wikidata CC0
0,29,61,竹沢,다케자와역,Q845007,matched_station_line,station_name+line:八高線,Wikidata CC0
0,29,62,折原,오리하라역,Q845030,matched_station_line,station_name+line:八高線,Wikidata CC0
0,29,63,寄居,요리이역,Q910653,matched_station_line,station_name+line:八高線,Wikidata CC0
0,29,65,用土,요도역,Q844838,matched_station_line,station_name+line:八高線,Wikidata CC0
0,29,66,松久,마쓰히사역,Q845010,matched_station_line,station_name+line:八高線,Wikidata CC0
0,29,67,児玉,고다마역,Q845035,matched_station_line,station_name+line:八高線,Wikidata CC0
0,29,68,丹荘,단쇼역,Q845044,matched_station_line,station_name+line:八高線,Wikidata CC0
0,29,70,群馬藤岡,군마후지오카역,Q845730,matched_station_line,station_name+line:八高線,Wikidata CC0
0,29,71,北藤岡,기타후지오카역,Q844853,matched_station_line,station_name+line:八高線,Wikidata CC0
0,30,2,北鎌倉,기타카마쿠라역,Q910286,matched_station_line,station_name+line:横須賀線,Wikidata CC0
0,30,3,鎌倉,가마쿠라역,Q932895,matched_station_line,station_name+line:横須賀線,Wikidata CC0
0,30,4,逗子,즈시역,Q844325,matched_station_line,station_name+line:横須賀線,Wikidata CC0
0,30,6,東逗子,히가시즈시역,Q844310,matched_station_line,station_name+line:横須賀線,Wikidata CC0
0,30,7,田浦,다우라역,Q844260,matched_station_line,station_name+line:横須賀線,Wikidata CC0
0,30,8,横須賀,요코스카역,Q844320,matched_station_line,station_name+line:横須賀線,Wikidata CC0
0,30,9,衣笠,기누가사역,Q844272,matched_station_line,station_name+line:横須賀線,Wikidata CC0
0,30,11,久里浜,구리하마역,Q844268,matched_station_line,station_name+line:横須賀線,Wikidata CC0
0,31,2,北茅ケ崎,기타치가사키역,Q6417522,matched_station_line,station_name+line:相模線,Wikidata CC0
0,31,3,香川,가가와역,Q6346410,matched_station_line,station_name+line:相模線,Wikidata CC0
0,31,4,寒川,사무카와역,Q8192986,matched_station_line,station_name+line:相模線,Wikidata CC0
0,31,6,宮山,미야야마역,Q265686,matched_station_line,station_name+line:相模線,Wikidata CC0
0,31,7,倉見,구라미역,Q6445569,matched_station_line,station_name+line:相模線,Wikidata CC0
0,31,8,門沢橋,가도사와바시역,Q6345663,matched_station_line,station_name+line:相模線,Wikidata CC0
0,31,9,社家,샤케역,Q7462638,matched_station_line,station_name+line:相模線,Wikidata CC0
0,31,11,厚木,아쓰기역,Q994477,matched_station_line,station_name+line:相模線,Wikidata CC0
0,31,12,海老名,에비나역,Q865932,matched_station_line,station_name+line:相模線,Wikidata CC0
0,31,13,入谷,이리야역,Q8193653,matched_station_line,station_name+line:相模線,Wikidata CC0
0,31,14,相武台下,소부다이시타역,Q7667566,matched_station_line,station_name+line:相模線,Wikidata CC0
0,31,15,下溝,시모미조역,Q7496979,matched_station_line,station_name+line:相模線,Wikidata CC0
0,31,16,原当麻,하라타이마역,Q5654301,matched_station_line,station_name+line:相模線,Wikidata CC0
0,31,18,番田,반다역,Q4854306,matched_station_line,station_name+line:相模線,Wikidata CC0
0,31,19,上溝,가미미조역,Q6358129,matched_station_line,station_name+line:相模線,Wikidata CC0
0,31,20,南橋本,미나미하시모토역,Q6862886,matched_station_line,station_name+line:相模線,Wikidata CC0
0,31,66,大元,오모토역,Q8081633,matched_station_line,station_name+line:宇野線,Wikidata CC0
0,31,67,備前西市,비젠니시이치역,Q11387344,matched_station_line,station_name+line:宇野線,Wikidata CC0
0,31,68,妹尾,세노오역,Q7450901,matched_station_line,station_name+line:宇野線,Wikidata CC0
0,31,70,備中箕島,빗추미시마역,Q4918794,matched_station_line,station_name+line:宇野線,Wikidata CC0
0,31,71,早島,하야시마역,Q11511252,matched_station_line,station_name+line:宇野線,Wikidata CC0
0,31,72,久々原,구구하라역,Q6441996,matched_station_line,station_name+line:宇野線,Wikidata CC0
0,31,73,茶屋町,자야마치역,Q5088619,matched_station_line,station_name+line:宇野線,Wikidata CC0
0,31,75,彦崎,히코사키역,Q5760674,matched_station_line,station_name+line:宇野線,Wikidata CC0
0,31,76,備前片岡,비젠카타오카역,Q4919392,matched_station_line,station_name+line:宇野線,Wikidata CC0
0,31,77,迫川,하자카와역,Q5687538,matched_station_line,station_name+line:宇野線,Wikidata CC0
0,31,78,常山,쓰네야마역,Q7850217,matched_station_line,station_name+line:宇野線,Wikidata CC0
0,31,80,八浜,하치하마역,Q775058,matched_station_line,station_name+line:宇野線,Wikidata CC0
0,31,81,備前田井,비젠타이역,Q4919398,matched_station_line,station_name+line:宇野線,Wikidata CC0
0,31,82,宇野,우노역,Q7897221,matched_station_line,station_name+line:宇野線,Wikidata CC0
0,31,130,郡山富田,고리야마토미타역,Q20973651,matched_station_line,station_name+line:磐越西線,Wikidata CC0
0,31,131,喜久田,기쿠타역,Q6406438,matched_station_line,station_name+line:磐越西線,Wikidata CC0
0,31,132,安子ケ島,아코가시마역,Q4701501,matched_station_line,station_name+line:磐越西線,Wikidata CC0
0,31,133,磐梯熱海,반다이아타미역,Q4854327,matched_station_line,station_name+line:磐越西線,Wikidata CC0
0,31,134,中山宿,나카야마주쿠역,Q6960391,matched_station_line,station_name+line:磐越西線,Wikidata CC0
0,31,135,上戸,조코역,Q6322221,matched_station_line,station_name+line:磐越西線,Wikidata CC0
0,31,136,猪苗代湖畔,이나와시로코한역,Q6013842,matched_station_line,station_name+line:磐越西線,Wikidata CC0
0,31,137,関都,세키토역,Q7447211,matched_station_line,station_name+line:磐越西線,Wikidata CC0
0,31,138,川桁,가와게타역,Q6379491,matched_station_line,station_name+line:磐越西線,Wikidata CC0
0,31,139,猪苗代,이나와시로역,Q6013835,matched_station_line,station_name+line:磐越西線,Wikidata CC0
0,31,140,翁島,오키나시마역,Q7082010,matched_station_line,station_name+line:磐越西線,Wikidata CC0
0,31,141,磐梯町,반다이마치역,Q4854335,matched_station_line,station_name+line:磐越西線,Wikidata CC0
0,31,142,東長原,히가시나가하라역,Q5753738,matched_station_line,station_name+line:磐越西線,Wikidata CC0
0,31,144,広田,히로타역,Q5771333,matched_station_line,station_name+line:磐越西線,Wikidata CC0
0,31,145,会津若松,아이즈와카마쓰역,Q4699462,matched_station_line,station_name+line:磐越西線,Wikidata CC0
0,31,146,堂島,도지마역,Q5321255,matched_station_line,station_name+line:磐越西線,Wikidata CC0
0,31,147,笈川,오이카와역,Q7081260,matched_station_line,station_name+line:磐越西線,Wikidata CC0
0,31,149,塩川,시오카와역,Q7497875,matched_station_line,station_name+line:磐越西線,Wikidata CC0
0,31,150,姥堂,우바도역,Q7876380,matched_station_line,station_name+line:磐越西線,Wikidata CC0
0,31,151,会津豊川,아이즈토요카와역,Q4699460,matched_station_line,station_name+line:磐越西線,Wikidata CC0
0,31,152,喜多方,기타카타역,Q6417758,matched_station_line,station_name+line:磐越西線,Wikidata CC0
0,31,154,山都,야마토역,Q13579106,matched_station_line,station_name+line:磐越西線,Wikidata CC0
0,31,155,荻野,오기노역,Q7080068,matched_station_line,station_name+line:磐越西線,Wikidata CC0
0,31,156,尾登,오노보리역,Q7094439,matched_station_line,station_name+line:磐越西線,Wikidata CC0
0,31,157,野沢,노자와역,Q11645780,matched_station_line,station_name+line:磐越西線,Wikidata CC0
0,31,159,上野尻,가미노지리역,Q6357180,matched_station_line,station_name+line:磐越西線,Wikidata CC0
0,31,160,徳沢,도쿠사와역,Q7813757,matched_station_line,station_name+line:磐越西線,Wikidata CC0
0,31,161,豊実,도요미역,Q7830688,matched_station_line,station_name+line:磐越西線,Wikidata CC0
0,31,162,日出谷,히데야역,Q11504928,matched_station_line,station_name+line:磐越西線,Wikidata CC0
0,31,164,鹿瀬,가노세역,Q6364290,matched_station_line,station_name+line:磐越西線,Wikidata CC0
0,31,165,津川,쓰가와역,Q7849990,matched_station_line,station_name+line:磐越西線,Wikidata CC0
0,31,166,三川,미카와역,Q6845747,matched_station_line,station_name+line:磐越西線,Wikidata CC0
0,31,167,五十島,이가시마역,Q5991525,matched_station_line,station_name+line:磐越西線,Wikidata CC0
0,31,169,東下条,히가시게조역,Q11523874,matched_station_line,station_name+line:磐越西線,Wikidata CC0
0,31,170,咲花,사키하나역,Q11418295,matched_station_line,station_name+line:磐越西線,Wikidata CC0
0,31,171,馬下,마오로시역,Q6753692,matched_station_line,station_name+line:磐越西線,Wikidata CC0
0,31,172,猿和田,사루와다역,Q7424750,matched_station_line,station_name+line:磐越西線,Wikidata CC0
0,31,174,五泉,고센역,Q5587162,matched_station_line,station_name+line:磐越西線,Wikidata CC0
0,31,175,北五泉,기타고센역,Q11401076,matched_station_line,station_name+line:磐越西線,Wikidata CC0
0,31,176,新関,신세키역,Q7497755,matched_station_line,station_name+line:磐越西線,Wikidata CC0
0,31,177,東新津,히가시니쓰역,Q5753777,matched_station_line,station_name+line:磐越西線,Wikidata CC0
0,31,194,池田園,이케다엔역,Q876949,matched_station_line,station_name+line:函館本線,Wikidata CC0
0,31,195,流山温泉,나가레야마온센역,Q875442,matched_station_line,station_name+line:函館本線,Wikidata CC0
0,31,197,鹿部,시카베역,Q898599,matched_station_line,station_name+line:函館本線,Wikidata CC0
0,31,198,渡島沼尻,오시마누마지리역,Q898620,matched_station_line,station_name+line:函館本線,Wikidata CC0
0,31,200,渡島砂原,오시마사와라역,Q898571,matched_station_line,station_name+line:函館本線,Wikidata CC0
0,31,201,掛澗,가카리마역,Q898787,matched_station_line,station_name+line:函館本線,Wikidata CC0
0,31,202,尾白内,오시로나이역,Q898613,matched_station_line,station_name+line:函館本線,Wikidata CC0
0,31,204,東森,히가시모리역,Q898576,matched_station_line,station_name+line:函館本線,Wikidata CC0
0,32,66,備前三門,비젠미카도역,Q4919393,matched_station_line,station_name+line:吉備線,Wikidata CC0
0,32,67,大安寺,다이안지역,Q5209068,matched_station_line,station_name+line:吉備線,Wikidata CC0
0,32,68,備前一宮,비젠이치노미야역,Q4919389,matched_station_line,station_name+line:吉備線,Wikidata CC0
0,32,70,吉備津,기비쓰역,Q6404041,matched_station_line,station_name+line:吉備線,Wikidata CC0
0,32,71,備中高松,빗추타카마쓰역,Q4918797,matched_station_line,station_name+line:吉備線,Wikidata CC0
0,32,72,足守,아시모리역,Q4805094,matched_station_line,station_name+line:吉備線,Wikidata CC0
0,32,73,服部,핫토리역,Q5682195,matched_station_line,station_name+line:吉備線,Wikidata CC0
0,32,75,東総社,히가시소자역,Q3661745,matched_station_line,station_name+line:吉備線,Wikidata CC0
0,32,76,総社,소자역,Q844657,matched_station_line,station_name+line:吉備線,Wikidata CC0
0,32,130,赤井,아카이역,Q4700176,matched_station_line,station_name+line:磐越東線,Wikidata CC0
0,32,131,小川郷,오가와고역,Q7079855,matched_station_line,station_name+line:磐越東線,Wikidata CC0
0,32,132,江田,에다역,Q5335640,matched_station_line,station_name+line:磐越東線,Wikidata CC0
0,32,133,川前,가와마에역,Q6379603,matched_station_line,station_name+line:磐越東線,Wikidata CC0
0,32,134,夏井,나쓰이역,Q11429911,matched_station_line,station_name+line:磐越東線,Wikidata CC0
0,32,135,小野新町,오노니이마치역,Q7094498,matched_station_line,station_name+line:磐越東線,Wikidata CC0
0,32,136,神俣,간마타역,Q429178,matched_station_line,station_name+line:磐越東線,Wikidata CC0
0,32,137,菅谷,스가야역,Q7635083,matched_station_line,station_name+line:磐越東線,Wikidata CC0
0,32,139,大越,오고에역,Q11439275,matched_station_line,station_name+line:磐越東線,Wikidata CC0
0,32,140,磐城常葉,이와키토키와역,Q6100380,matched_station_line,station_name+line:磐越東線,Wikidata CC0
0,32,141,船引,후네히키역,Q5509093,matched_station_line,station_name+line:磐越東線,Wikidata CC0
0,32,142,要田,가나메타역,Q6360578,matched_station_line,station_name+line:磐越東線,Wikidata CC0
0,32,144,三春,미하루역,Q6845263,matched_station_line,station_name+line:磐越東線,Wikidata CC0
0,32,145,舞木,모기역,Q6951115,matched_station_line,station_name+line:磐越東線,Wikidata CC0
0,33,2,来宮,기노미야역,Q6414186,matched_station_line,station_name+line:伊東線,Wikidata CC0
0,33,3,伊豆多賀,이즈타가역,Q11380555,matched_station_line,station_name+line:伊東線,Wikidata CC0
0,33,4,網代,아지로역,Q4699760,matched_station_line,station_name+line:伊東線,Wikidata CC0
0,33,6,宇佐美,우사미역,Q7901707,matched_station_line,station_name+line:伊東線,Wikidata CC0
0,33,7,伊東,이토역,Q6095339,matched_station_line,station_name+line:伊東線,Wikidata CC0
0,33,66,法界院,호카이인역,Q5965215,matched_station_line,station_name+line:津山線,Wikidata CC0
0,33,67,備前原,비젠하라역,Q4919388,matched_station_line,station_name+line:津山線,Wikidata CC0
0,33,68,玉柏,다마가시역,Q7680532,matched_station_line,station_name+line:津山線,Wikidata CC0
0,33,70,牧山,마키야마역,Q6739769,matched_station_line,station_name+line:津山線,Wikidata CC0
0,33,71,野々口,노노쿠치역,Q11644895,matched_station_line,station_name+line:津山線,Wikidata CC0
0,33,72,金川,가나가와역,Q11647060,matched_station_line,station_name+line:津山線,Wikidata CC0
0,33,73,建部,다케베역,Q7677955,matched_station_line,station_name+line:津山線,Wikidata CC0
0,33,75,福渡,후쿠와타리역,Q5507752,matched_station_line,station_name+line:津山線,Wikidata CC0
0,33,76,神目,고우메역,Q6455209,matched_station_line,station_name+line:津山線,Wikidata CC0
0,33,77,弓削,유게역,Q8060347,matched_station_line,station_name+line:津山線,Wikidata CC0
0,33,78,誕生寺,단조지역,Q7683449,matched_station_line,station_name+line:津山線,Wikidata CC0
0,33,80,小原,오바라역,Q7074633,matched_station_line,station_name+line:津山線,Wikidata CC0
0,33,81,亀甲,가메노코역,Q6356927,matched_station_line,station_name+line:津山線,Wikidata CC0
0,33,82,佐良山,사라야마역,Q7423458,matched_station_line,station_name+line:津山線,Wikidata CC0
0,33,83,津山口,쓰야마구치역,Q7850364,matched_station_line,station_name+line:津山線,Wikidata CC0
0,33,85,津山,쓰야마역,Q844686,matched_station_line,station_name+line:津山線,Wikidata CC0
0,33,86,東津山,히가시쓰야마역,Q3661674,matched_station_line,station_name+line:因美線,Wikidata CC0
0,33,87,高野,다카노역,Q7677184,matched_station_line,station_name+line:因美線,Wikidata CC0
0,33,88,美作滝尾,미마사카타키오역,Q6862014,matched_station_line,station_name+line:因美線,Wikidata CC0
0,33,90,三浦,미우라역,Q6883687,matched_station_line,station_name+line:因美線,Wikidata CC0
0,33,91,美作加茂,미마사카카모역,Q6862012,matched_station_line,station_name+line:因美線,Wikidata CC0
0,33,92,知和,지와역,Q3611176,matched_station_line,station_name+line:因美線,Wikidata CC0
0,33,93,美作河井,미마사카카와이역,Q3610987,matched_station_line,station_name+line:因美線,Wikidata CC0
0,33,95,那岐,나기역,Q6958820,matched_station_line,station_name+line:因美線,Wikidata CC0
0,33,96,土師,하지역,Q3610972,matched_station_line,station_name+line:因美線,Wikidata CC0
0,33,97,智頭,지즈역,Q5102669,matched_station_line,station_name+line:因美線,Wikidata CC0
0,33,98,因幡社,이나바야시로역,Q3611200,matched_station_line,station_name+line:因美線,Wikidata CC0
0,33,100,用瀬,모치가세역,Q3610964,matched_station_line,station_name+line:因美線,Wikidata CC0
0,33,101,鷹狩,다카가리역,Q7677011,matched_station_line,station_name+line:因美線,Wikidata CC0
0,33,102,国英,구니후사역,Q3610977,matched_station_line,station_name+line:因美線,Wikidata CC0
0,33,103,河原,가와하라역,Q6379509,matched_station_line,station_name+line:因美線,Wikidata CC0
0,33,105,郡家,고게역,Q6455118,matched_station_line,station_name+line:因美線,Wikidata CC0
0,33,106,東郡家,히가시코게역,Q5753668,matched_station_line,station_name+line:因美線,Wikidata CC0
0,33,107,津ノ井,쓰노이역,Q7850233,matched_station_line,station_name+line:因美線,Wikidata CC0
0,33,130,七日町,나누카마치역,Q6964422,matched_station_line,station_name+line:只見線,Wikidata CC0
0,33,131,西若松,니시와카마쓰역,Q7040449,matched_station_line,station_name+line:只見線,Wikidata CC0
0,33,132,会津本郷,아이즈혼고역,Q4699446,matched_station_line,station_name+line:只見線,Wikidata CC0
0,33,134,会津高田,아이즈타카다역,Q4699459,matched_station_line,station_name+line:只見線,Wikidata CC0
0,33,135,根岸,네기시역,Q6987363,matched_station_line,station_name+line:只見線,Wikidata CC0
0,33,136,新鶴,니쓰루역,Q7034494,matched_station_line,station_name+line:只見線,Wikidata CC0
0,33,137,若宮,와카미야역,Q7960796,matched_station_line,station_name+line:只見線,Wikidata CC0
0,33,139,会津坂下,아이즈반게역,Q4699441,matched_station_line,station_name+line:只見線,Wikidata CC0
0,33,140,塔寺,도데라역,Q7862646,matched_station_line,station_name+line:只見線,Wikidata CC0
0,33,141,会津坂本,아이즈사카모토역,Q4699455,matched_station_line,station_name+line:只見線,Wikidata CC0
0,33,142,会津柳津,아이즈야나이즈역,Q4699465,matched_station_line,station_name+line:只見線,Wikidata CC0
0,33,144,郷戸,고도역,Q5627751,matched_station_line,station_name+line:只見線,Wikidata CC0
0,33,145,滝谷,다키야역,Q7678413,matched_station_line,station_name+line:只見線,Wikidata CC0
0,33,146,会津桧原,아이즈히노하라역,Q4699444,matched_station_line,station_name+line:只見線,Wikidata CC0
0,33,147,会津西方,아이즈니시카타역,Q4699453,matched_station_line,station_name+line:只見線,Wikidata CC0
0,33,149,会津宮下,아이즈미야시타역,Q4699449,matched_station_line,station_name+line:只見線,Wikidata CC0
0,33,150,早戸,하야토역,Q5686168,matched_station_line,station_name+line:只見線,Wikidata CC0
0,33,151,会津水沼,아이즈미즈누마역,Q4699450,matched_station_line,station_name+line:只見線,Wikidata CC0
0,33,152,会津中川,아이즈나카가와역,Q4699452,matched_station_line,station_name+line:只見線,Wikidata CC0
0,33,154,会津川口,아이즈카와구치역,Q4699447,matched_station_line,station_name+line:只見線,Wikidata CC0
0,33,155,本名,혼나역,Q5896571,matched_station_line,station_name+line:只見線,Wikidata CC0
0,33,156,会津越川,아이즈코스가와역,Q4699448,matched_station_line,station_name+line:只見線,Wikidata CC0
0,33,157,会津横田,아이즈요코타역,Q4699466,matched_station_line,station_name+line:只見線,Wikidata CC0
0,33,159,会津大塩,아이즈오시오역,Q4699467,matched_station_line,station_name+line:只見線,Wikidata CC0
0,33,160,会津塩沢,아이즈시오자와역,Q4699457,matched_station_line,station_name+line:只見線,Wikidata CC0
0,33,161,会津蒲生,아이즈가모역,Q4699443,matched_station_line,station_name+line:只見線,Wikidata CC0
0,33,162,只見,다다미역,Q7674312,matched_station_line,station_name+line:只見線,Wikidata CC0
0,33,165,大白川,오시라카와역,Q8081711,matched_station_line,station_name+line:只見線,Wikidata CC0
0,33,167,入広瀬,이리히로세역,Q6069716,matched_station_line,station_name+line:只見線,Wikidata CC0
0,33,169,上条,가미조역,Q6357835,matched_station_line,station_name+line:只見線,Wikidata CC0
0,33,170,越後須原,에치고스하라역,Q5332423,matched_station_line,station_name+line:只見線,Wikidata CC0
0,33,172,越後広瀬,에치고히로세역,Q5332409,matched_station_line,station_name+line:只見線,Wikidata CC0
0,33,174,藪神,야부카미역,Q8046393,matched_station_line,station_name+line:只見線,Wikidata CC0
0,33,193,五稜郭,고료카쿠역,Q1037967,matched_station_line,station_name+line:道南いさりび鉄道線,Wikidata CC0
0,33,195,七重浜,나나에하마역,Q5364820,matched_station_line,station_name+line:道南いさりび鉄道線,Wikidata CC0
0,33,197,東久根別,히가시쿠네베쓰역,Q5361747,matched_station_line,station_name+line:道南いさりび鉄道線,Wikidata CC0
0,33,199,久根別,구네베쓰역,Q5361521,matched_station_line,station_name+line:道南いさりび鉄道線,Wikidata CC0
0,33,201,清川口,기요카와구치역,Q5360714,matched_station_line,station_name+line:道南いさりび鉄道線,Wikidata CC0
0,33,203,上磯,가미이소역,Q5360792,matched_station_line,station_name+line:道南いさりび鉄道線,Wikidata CC0
0,33,206,茂辺地,모헤지역,Q5360801,matched_station_line,station_name+line:道南いさりび鉄道線,Wikidata CC0
0,33,208,渡島当別,오시마토베쓰역,Q5360706,matched_station_line,station_name+line:道南いさりび鉄道線,Wikidata CC0
0,33,210,釜谷,가마야역,Q5360843,matched_station_line,station_name+line:道南いさりび鉄道線,Wikidata CC0
0,33,212,泉沢,이즈미사와역,Q5360692,matched_station_line,station_name+line:道南いさりび鉄道線,Wikidata CC0
0,33,214,札苅,사쓰카리역,Q5360674,matched_station_line,station_name+line:道南いさりび鉄道線,Wikidata CC0
0,33,216,木古内,기코나이역,Q59510,matched_station_line,station_name+line:道南いさりび鉄道線,Wikidata CC0
0,33,218,江差,에사시역,Q5396743,matched_station_line,station_name+line:江差線,Wikidata CC0
0,34,2,荒尾,아라오역,Q871805,matched_station_line,station_name+line:東海道本線,Wikidata CC0
0,34,3,美濃赤坂,미노아카사카역,Q841558,matched_station_line,station_name_only,Wikidata CC0
0,34,65,郡家,고게역,Q6455118,matched_station_line,station_name+line:若桜線,Wikidata CC0
0,34,129,西若松,니시와카마쓰역,Q7040449,matched_station_line,station_name+line:会津鉄道会津線,Wikidata CC0
0,34,131,南若松,미나미와카마쓰역,Q6862983,matched_station_line,station_name+line:会津鉄道会津線,Wikidata CC0
0,34,165,会津高原尾瀬口,아이즈코겐오제구치역,Q4699473,matched_station_line,station_name+line:会津鉄道会津線,Wikidata CC0
0,35,1,尼崎,아마가사키역,Q1151109,matched_station_line,station_name+line:JR東西線,Wikidata CC0
0,35,3,加島,가시마역,Q1037092,matched_station_line,station_name+line:JR東西線,Wikidata CC0
0,35,5,御幣島,미테지마역,Q1037111,matched_station_line,station_name+line:JR東西線,Wikidata CC0
0,35,7,海老江,에비에역,Q1073347,matched_station_line,station_name+line:JR東西線,Wikidata CC0
0,35,8,新福島,신후쿠시마역,Q1073002,matched_station_line,station_name+line:JR東西線,Wikidata CC0
0,35,9,北新地,기타신치역,Q1073390,matched_station_line,station_name+line:JR東西線,Wikidata CC0
0,35,11,大阪天満宮,오사카텐만구역,Q1073324,matched_station_line,station_name+line:JR東西線,Wikidata CC0
0,35,13,大阪城北詰,오사카조키타즈메역,Q585132,matched_station_line,station_name+line:JR東西線,Wikidata CC0
0,35,66,清音,기요네역,Q4445051,matched_station_line,station_name+line:伯備線,Wikidata CC0
0,35,67,総社,소자역,Q844657,matched_station_line,station_name+line:伯備線,Wikidata CC0
0,35,68,豪渓,고케이역,Q5627757,matched_station_line,station_name+line:伯備線,Wikidata CC0
0,35,70,日羽,히와역,Q11510266,matched_station_line,station_name+line:伯備線,Wikidata CC0
0,35,71,美袋,미나기역,Q6862773,matched_station_line,station_name+line:伯備線,Wikidata CC0
0,35,72,備中広瀬,빗추히로세역,Q3661679,matched_station_line,station_name+line:伯備線,Wikidata CC0
0,35,73,備中高梁,빗추타카하시역,Q4918796,matched_station_line,station_name+line:伯備線,Wikidata CC0
0,35,75,木野山,기노야마역,Q6414211,matched_station_line,station_name+line:伯備線,Wikidata CC0
0,35,76,備中川面,빗추카와모역,Q3661752,matched_station_line,station_name+line:伯備線,Wikidata CC0
0,35,77,方谷,호코쿠역,Q5965221,matched_station_line,station_name+line:伯備線,Wikidata CC0
0,35,78,井倉,이쿠라역,Q5996374,matched_station_line,station_name+line:伯備線,Wikidata CC0
0,35,80,石蟹,이시가역,Q3661620,matched_station_line,station_name+line:伯備線,Wikidata CC0
0,35,81,新見,니미역,Q844674,matched_station_line,station_name+line:伯備線,Wikidata CC0
0,35,82,布原,누노하라역,Q7069904,matched_station_line,station_name+line:伯備線,Wikidata CC0
0,35,83,備中神代,빗추코지로역,Q3610943,matched_station_line,station_name+line:伯備線,Wikidata CC0
0,35,84,足立,아시다치역,Q3661687,matched_station_line,station_name+line:伯備線,Wikidata CC0
0,35,86,新郷,니자토역,Q7034513,matched_station_line,station_name+line:伯備線,Wikidata CC0
0,35,87,上石見,가미이와미역,Q6357148,matched_station_line,station_name+line:伯備線,Wikidata CC0
0,35,88,生山,쇼야마역,Q7506251,matched_station_line,station_name+line:伯備線,Wikidata CC0
0,35,89,上菅,가미스게역,Q11360080,matched_station_line,station_name+line:伯備線,Wikidata CC0
0,35,91,黒坂,구로사카역,Q6446375,matched_station_line,station_name+line:伯備線,Wikidata CC0
0,35,92,根雨,네우역,Q7001376,matched_station_line,station_name+line:伯備線,Wikidata CC0
0,35,93,武庫,무코역,Q6933568,matched_station_line,station_name+line:伯備線,Wikidata CC0
0,35,94,江尾,에비역,Q5331850,matched_station_line,station_name+line:伯備線,Wikidata CC0
0,35,96,伯耆溝口,호키미조구치역,Q5965218,matched_station_line,station_name+line:伯備線,Wikidata CC0
0,35,97,岸本,기시모토역,Q6416594,matched_station_line,station_name+line:伯備線,Wikidata CC0
0,35,130,榴ケ岡,쓰쓰지가오카역,Q7850350,matched_station_line,station_name+line:仙石線,Wikidata CC0
0,35,131,宮城野原,미야기노하라역,Q11454015,matched_station_line,station_name+line:仙石線,Wikidata CC0
0,35,132,陸前原ノ町,리쿠젠하라노마치역,Q7334128,matched_station_line,station_name+line:仙石線,Wikidata CC0
0,35,133,苦竹,니가타케역,Q7032190,matched_station_line,station_name+line:仙石線,Wikidata CC0
0,35,134,小鶴新田,고즈루신덴역,Q6435392,matched_station_line,station_name+line:仙石線,Wikidata CC0
0,35,135,福田町,후쿠다마치역,Q284608,matched_station_line,station_name+line:仙石線,Wikidata CC0
0,35,136,陸前高砂,리쿠젠타카사고역,Q7334137,matched_station_line,station_name+line:仙石線,Wikidata CC0
0,35,137,中野栄,나카노사카에역,Q6960283,matched_station_line,station_name+line:仙石線,Wikidata CC0
0,35,138,多賀城,다가조역,Q7675127,matched_station_line,station_name+line:仙石線,Wikidata CC0
0,35,139,下馬,게바역,Q5529542,matched_station_line,station_name+line:仙石線,Wikidata CC0
0,35,140,西塩釜,니시시오가마역,Q11627532,matched_station_line,station_name+line:仙石線,Wikidata CC0
0,35,141,本塩釜,혼시오가마역,Q5891927,matched_station_line,station_name+line:仙石線,Wikidata CC0
0,35,142,東塩釜,히가시시오가마역,Q11526434,matched_station_line,station_name+line:仙石線,Wikidata CC0
0,35,144,陸前浜田,리쿠젠하마다역,Q7334126,matched_station_line,station_name+line:仙石線,Wikidata CC0
0,35,145,松島海岸,마쓰시마카이간역,Q6788203,matched_station_line,station_name+line:仙石線,Wikidata CC0
0,35,146,高城町,다카기마치역,Q7677017,matched_station_line,station_name+line:仙石線,Wikidata CC0
0,35,147,手樽,데타루역,Q7706029,matched_station_line,station_name+line:仙石線,Wikidata CC0
0,35,149,陸前富山,리쿠젠토미야마역,Q7334140,matched_station_line,station_name+line:仙石線,Wikidata CC0
0,35,150,陸前大塚,리쿠젠오쓰카역,Q7334147,matched_station_line,station_name+line:仙石線,Wikidata CC0
0,35,151,東名,도나역,Q7862703,matched_station_line,station_name+line:仙石線,Wikidata CC0
0,35,152,野蒜,노비루역,Q7045673,matched_station_line,station_name+line:仙石線,Wikidata CC0
0,35,153,陸前小野,리쿠젠오노역,Q7334135,matched_station_line,station_name+line:仙石線,Wikidata CC0
0,35,154,鹿妻,가즈마역,Q6381548,matched_station_line,station_name+line:仙石線,Wikidata CC0
0,35,155,矢本,야모토역,Q8048091,matched_station_line,station_name+line:仙石線,Wikidata CC0
0,35,156,東矢本,히가시야모토역,Q5753902,matched_station_line,station_name+line:仙石線,Wikidata CC0
0,35,157,陸前赤井,리쿠젠아카이역,Q7334125,matched_station_line,station_name+line:仙石線,Wikidata CC0
0,35,158,石巻あゆみ野,이시노마키아유미노역,Q18990335,matched_station_line,station_name+line:仙石線,Wikidata CC0
0,35,159,蛇田,헤비타역,Q5695790,matched_station_line,station_name+line:仙石線,Wikidata CC0
0,35,160,陸前山下,리쿠젠야마시타역,Q7334146,matched_station_line,station_name+line:仙石線,Wikidata CC0
0,35,161,石巻,이시노마키역,Q11586500,matched_station_line,station_name+line:仙石線,Wikidata CC0
0,36,2,熊川,구마가와역,Q6443378,matched_station_line,station_name+line:五日市線,Wikidata CC0
0,36,3,東秋留,히가시아키루역,Q5753453,matched_station_line,station_name+line:五日市線,Wikidata CC0
0,36,4,秋川,아키가와역,Q4700907,matched_station_line,station_name+line:五日市線,Wikidata CC0
0,36,6,武蔵引田,무사시히키다역,Q6940130,matched_station_line,station_name+line:五日市線,Wikidata CC0
0,36,7,武蔵増戸,무사시마스코역,Q6940139,matched_station_line,station_name+line:五日市線,Wikidata CC0
0,36,8,武蔵五日市,무사시이쓰카이치역,Q6940131,matched_station_line,station_name+line:五日市線,Wikidata CC0
0,36,66,坂根,사카네역,Q7402819,matched_station_line,station_name+line:芸備線,Wikidata CC0
0,36,67,市岡,이치오카역,Q5986277,matched_station_line,station_name+line:芸備線,Wikidata CC0
0,36,68,矢神,야가미역,Q8046683,matched_station_line,station_name+line:芸備線,Wikidata CC0
0,36,70,野馳,노치역,Q3610922,matched_station_line,station_name+line:芸備線,Wikidata CC0
0,36,71,東城,도조역,Q253483,matched_station_line,station_name+line:芸備線,Wikidata CC0
0,36,72,備後八幡,빈고야와타역,Q3610929,matched_station_line,station_name+line:芸備線,Wikidata CC0
0,36,73,内名,우치나역,Q7876730,matched_station_line,station_name+line:芸備線,Wikidata CC0
0,36,75,小奴可,오누카역,Q7095091,matched_station_line,station_name+line:芸備線,Wikidata CC0
0,36,76,道後山,도고야마역,Q5321254,matched_station_line,station_name+line:芸備線,Wikidata CC0
0,36,77,備後落合,빈고오치아이역,Q4914292,matched_station_line,station_name+line:芸備線,Wikidata CC0
0,36,78,比婆山,히바야마역,Q5750609,matched_station_line,station_name+line:芸備線,Wikidata CC0
0,36,80,備後西城,빈고사이조역,Q3611018,matched_station_line,station_name+line:芸備線,Wikidata CC0
0,36,81,平子,히라코역,Q5768966,matched_station_line,station_name+line:芸備線,Wikidata CC0
0,36,82,高,다카역,Q7676973,matched_station_line,station_name+line:芸備線,Wikidata CC0
0,36,83,備後庄原,빈고쇼바라역,Q3611166,matched_station_line,station_name+line:芸備線,Wikidata CC0
0,36,85,備後三日市,빈고밋카이치역,Q4914291,matched_station_line,station_name+line:芸備線,Wikidata CC0
0,36,86,七塚,나나쓰카역,Q6962441,matched_station_line,station_name+line:芸備線,Wikidata CC0
0,36,87,山ノ内,야마노우치역,Q8047907,matched_station_line,station_name+line:芸備線,Wikidata CC0
0,36,88,下和知,시모와치역,Q7497022,matched_station_line,station_name+line:芸備線,Wikidata CC0
0,36,90,塩町,시오마치역,Q7497877,matched_station_line,station_name+line:芸備線,Wikidata CC0
0,36,91,神杉,가미스기역,Q11590345,matched_station_line,station_name+line:芸備線,Wikidata CC0
0,36,92,八次,야쓰기역,Q3661764,matched_station_line,station_name+line:芸備線,Wikidata CC0
0,36,93,三次,미요시역,Q6884517,matched_station_line,station_name+line:芸備線,Wikidata CC0
0,36,95,西三次,니시미요시역,Q7040376,matched_station_line,station_name+line:芸備線,Wikidata CC0
0,36,96,志和地,시와치역,Q7499442,matched_station_line,station_name+line:芸備線,Wikidata CC0
0,36,97,上川立,가미카와다치역,Q11358961,matched_station_line,station_name+line:芸備線,Wikidata CC0
0,36,98,甲立,고타치역,Q6455309,matched_station_line,station_name+line:芸備線,Wikidata CC0
0,36,100,吉田口,요시다구치역,Q3611312,matched_station_line,station_name+line:芸備線,Wikidata CC0
0,36,101,向原,무카이하라역,Q6933382,matched_station_line,station_name+line:芸備線,Wikidata CC0
0,36,102,井原市,이바라이치역,Q5983705,matched_station_line,station_name+line:芸備線,Wikidata CC0
0,36,103,志和口,시와구치역,Q3611249,matched_station_line,station_name+line:芸備線,Wikidata CC0
0,36,105,上三田,가미미타역,Q11358390,matched_station_line,station_name+line:芸備線,Wikidata CC0
0,36,106,中三田,나카미타역,Q6960220,matched_station_line,station_name+line:芸備線,Wikidata CC0
0,36,107,白木山,시라키야마역,Q3611230,matched_station_line,station_name+line:芸備線,Wikidata CC0
0,36,108,狩留家,가루가역,Q6373606,matched_station_line,station_name+line:芸備線,Wikidata CC0
0,36,110,上深川,가미후카와역,Q6357755,matched_station_line,station_name+line:芸備線,Wikidata CC0
0,36,111,中深川,나카후카와역,Q6960115,matched_station_line,station_name+line:芸備線,Wikidata CC0
0,36,112,下深川,시모후카와역,Q7496951,matched_station_line,station_name+line:芸備線,Wikidata CC0
0,36,113,玖村,구무라역,Q6444088,matched_station_line,station_name+line:芸備線,Wikidata CC0
0,36,115,安芸矢口,아키야구치역,Q4701274,matched_station_line,station_name+line:芸備線,Wikidata CC0
0,36,116,戸坂,헤사카역,Q5745295,matched_station_line,station_name+line:芸備線,Wikidata CC0
0,36,117,矢賀,야가역,Q8046677,matched_station_line,station_name+line:芸備線,Wikidata CC0
0,36,129,小牛田,고고타역,Q899134,matched_station_line,station_name+line:石巻線,Wikidata CC0
0,36,130,上涌谷,가미와쿠야역,Q8192019,matched_station_line,station_name+line:石巻線,Wikidata CC0
0,36,131,涌谷,와쿠야역,Q7961231,matched_station_line,station_name+line:石巻線,Wikidata CC0
0,36,133,前谷地,마에야치역,Q6729414,matched_station_line,station_name+line:石巻線,Wikidata CC0
0,36,134,佳景山,가케야마역,Q6349376,matched_station_line,station_name+line:石巻線,Wikidata CC0
0,36,135,鹿又,가노마타역,Q7936805,matched_station_line,station_name+line:石巻線,Wikidata CC0
0,36,136,曽波神,소바노카미역,Q7549897,matched_station_line,station_name+line:石巻線,Wikidata CC0
0,36,139,陸前稲井,리쿠젠이나이역,Q7334129,matched_station_line,station_name+line:石巻線,Wikidata CC0
0,36,140,渡波,와타노하역,Q7972997,matched_station_line,station_name+line:石巻線,Wikidata CC0
0,36,141,万石浦,만고쿠우라역,Q6749091,matched_station_line,station_name+line:石巻線,Wikidata CC0
0,36,142,沢田,사와다역,Q7428529,matched_station_line,station_name+line:石巻線,Wikidata CC0
0,36,143,浦宿,우라슈쿠역,Q7899793,matched_station_line,station_name+line:石巻線,Wikidata CC0
0,36,144,女川,오나가와역,Q7091663,matched_station_line,station_name+line:石巻線,Wikidata CC0
0,36,193,桑園,소엔역,Q589441,matched_station_line,station_name+line:札沼線,Wikidata CC0
0,36,194,八軒,하치켄역,Q128199,matched_station_line,station_name+line:札沼線,Wikidata CC0
0,36,195,新川,신카와역,Q128203,matched_station_line,station_name+line:札沼線,Wikidata CC0
0,36,197,新琴似,신코토니역,Q128201,matched_station_line,station_name+line:札沼線,Wikidata CC0
0,36,198,太平,다이헤이역,Q429490,matched_station_line,station_name+line:札沼線,Wikidata CC0
0,36,200,百合が原,유리가하라역,Q2490240,matched_station_line,station_name+line:札沼線,Wikidata CC0
0,36,201,篠路,시노로역,Q2491059,matched_station_line,station_name+line:札沼線,Wikidata CC0
0,36,203,拓北,다쿠호쿠역,Q2490360,matched_station_line,station_name+line:札沼線,Wikidata CC0
0,36,205,あいの里教育大,아이노사토쿄이쿠다이역,Q2490286,matched_station_line,station_name+line:札沼線,Wikidata CC0
0,36,206,あいの里公園,아이노사토코엔역,Q2490245,matched_station_line,station_name+line:札沼線,Wikidata CC0
0,36,207,ロイズタウン,ROYCE' Town역,Q106491365,matched_station_line,station_name+line:札沼線,Wikidata CC0
0,36,208,太美,후토미역,Q2490277,matched_station_line,station_name+line:札沼線,Wikidata CC0
0,36,210,当別,도베쓰역,Q2490291,matched_station_line,station_name+line:札沼線,Wikidata CC0
0,36,212,北海道医療大学,홋카이도이료다이가쿠역,Q2490271,matched_station_line,station_name+line:札沼線,Wikidata CC0
0,36,213,石狩金沢,이시카리카나자와역,Q5362915,matched_station_line,station_name+line:札沼線,Wikidata CC0
0,36,214,本中小屋,모토나카고야역,Q5362926,matched_station_line,station_name+line:札沼線,Wikidata CC0
0,36,215,中小屋,나카고야역,Q6960153,matched_station_line,station_name+line:札沼線,Wikidata CC0
0,36,217,月ヶ岡,쓰키가오카역,Q7850058,matched_station_line,station_name+line:札沼線,Wikidata CC0
0,36,218,知来乙,지라이오쓰역,Q5101807,matched_station_line,station_name+line:札沼線,Wikidata CC0
0,36,219,石狩月形,이시카리쓰키가타역,Q11586870,matched_station_line,station_name+line:札沼線,Wikidata CC0
0,36,220,豊ヶ岡,도요가오카역,Q7830650,matched_station_line,station_name+line:札沼線,Wikidata CC0
0,36,222,札比内,삿피나이역,Q7421079,matched_station_line,station_name+line:札沼線,Wikidata CC0
0,36,223,晩生内,오소키나이역,Q7107305,matched_station_line,station_name+line:札沼線,Wikidata CC0
0,36,224,札的,삿테키역,Q7426525,matched_station_line,station_name+line:札沼線,Wikidata CC0
0,36,225,浦臼,우라우스역,Q7899801,matched_station_line,station_name+line:札沼線,Wikidata CC0
0,36,227,鶴沼,쓰루누마역,Q7850295,matched_station_line,station_name+line:札沼線,Wikidata CC0
0,36,228,於札内,오사쓰나이역,Q7105717,matched_station_line,station_name+line:札沼線,Wikidata CC0
0,36,229,南下徳富,미나미시모톳푸역,Q6862969,matched_station_line,station_name+line:札沼線,Wikidata CC0
0,36,230,下徳富,시모톳푸역,Q367967,matched_station_line,station_name+line:札沼線,Wikidata CC0
0,36,232,新十津川,신토쓰카와역,Q7497138,matched_station_line,station_name+line:札沼線,Wikidata CC0
0,37,1,品川,시나가와역,Q801442,matched_station_line,station_name_only,Wikidata CC0
0,37,2,大崎,오사키역,Q801695,matched_station_line,station_name+line:山手線,Wikidata CC0
0,37,3,五反田,고탄다역,Q736018,matched_station_line,station_name_only,Wikidata CC0
0,37,4,目黒,메구로역,Q678461,matched_station_line,station_name_only,Wikidata CC0
0,37,6,恵比寿,에비스역,Q800715,matched_station_line,station_name_only,Wikidata CC0
0,37,7,渋谷,시부야역,Q428811,matched_station_line,station_name_only,Wikidata CC0
0,37,8,原宿,하라주쿠역,Q800894,matched_station_line,station_name+line:山手線,Wikidata CC0
0,37,9,代々木,요요기역,Q590162,matched_station_line,station_name+line:山手線,Wikidata CC0
0,37,10,新宿,신주쿠역,Q801447,matched_station_line,station_name_only,Wikidata CC0
0,37,12,新大久保,신오쿠보역,Q589599,matched_station_line,station_name+line:山手線,Wikidata CC0
0,37,13,高田馬場,다카다노바바역,Q801506,matched_station_line,station_name_only,Wikidata CC0
0,37,14,目白,메지로역,Q375154,matched_station_line,station_name+line:山手線,Wikidata CC0
0,37,15,池袋,이케부쿠로역,Q173919,matched_station_line,station_name_only,Wikidata CC0
0,37,17,大塚,오쓰카역,Q801696,matched_station_line,station_name+line:山手線,Wikidata CC0
0,37,18,巣鴨,스가모역,Q801500,matched_station_line,station_name_only,Wikidata CC0
0,37,19,駒込,고마고메역,Q801032,matched_station_line,station_name+line:山手線,Wikidata CC0
0,37,66,備後本庄,빈고혼조역,Q4914288,matched_station_line,station_name+line:福塩線,Wikidata CC0
0,37,67,横尾,요코오역,Q8054665,matched_station_line,station_name+line:福塩線,Wikidata CC0
0,37,68,神辺,간나베역,Q6363862,matched_station_line,station_name+line:福塩線,Wikidata CC0
0,37,70,湯田村,유다무라역,Q8060210,matched_station_line,station_name+line:福塩線,Wikidata CC0
0,37,71,道上,미치노우에역,Q6837913,matched_station_line,station_name+line:福塩線,Wikidata CC0
0,37,72,万能倉,마나구라역,Q6746761,matched_station_line,station_name+line:福塩線,Wikidata CC0
0,37,73,駅家,에키야역,Q5350450,matched_station_line,station_name+line:福塩線,Wikidata CC0
0,37,75,近田,지카타역,Q5097393,matched_station_line,station_name+line:福塩線,Wikidata CC0
0,37,76,戸手,도데역,Q7812762,matched_station_line,station_name+line:福塩線,Wikidata CC0
0,37,77,上戸手,가미토데역,Q6358582,matched_station_line,station_name+line:福塩線,Wikidata CC0
0,37,78,新市,신이치역,Q7497149,matched_station_line,station_name+line:福塩線,Wikidata CC0
0,37,80,高木,다카기역,Q7677012,matched_station_line,station_name+line:福塩線,Wikidata CC0
0,37,81,鵜飼,우카이역,Q7878258,matched_station_line,station_name+line:福塩線,Wikidata CC0
0,37,82,府中,후추역,Q5506963,matched_station_line,station_name+line:福塩線,Wikidata CC0
0,37,83,下川辺,시모카와베역,Q7496925,matched_station_line,station_name+line:福塩線,Wikidata CC0
0,37,85,中畑,나카하타역,Q11366807,matched_station_line,station_name+line:福塩線,Wikidata CC0
0,37,86,河佐,가와사역,Q6379714,matched_station_line,station_name+line:福塩線,Wikidata CC0
0,37,88,備後三川,빈고미카와역,Q4914290,matched_station_line,station_name+line:福塩線,Wikidata CC0
0,37,90,備後矢野,빈고야노역,Q4914293,matched_station_line,station_name+line:福塩線,Wikidata CC0
0,37,91,上下,조게역,Q6322190,matched_station_line,station_name+line:福塩線,Wikidata CC0
0,37,92,甲奴,고누역,Q6455250,matched_station_line,station_name+line:福塩線,Wikidata CC0
0,37,93,梶田,가지타역,Q6349005,matched_station_line,station_name+line:福塩線,Wikidata CC0
0,37,95,備後安田,빈고야스다역,Q4914295,matched_station_line,station_name+line:福塩線,Wikidata CC0
0,37,96,吉舎,기사역,Q6416371,matched_station_line,station_name+line:福塩線,Wikidata CC0
0,37,97,三良坂,미라사카역,Q11356971,matched_station_line,station_name+line:福塩線,Wikidata CC0
0,37,129,前谷地,마에야치역,Q6729414,matched_station_line,station_name+line:気仙沼線,Wikidata CC0
0,37,130,和渕,와부치역,Q7958714,matched_station_line,station_name+line:気仙沼線,Wikidata CC0
0,37,131,のの岳,노노다케역,Q7049528,matched_station_line,station_name+line:気仙沼線,Wikidata CC0
0,37,132,陸前豊里,리쿠젠토요사토역,Q8191256,matched_station_line,station_name+line:気仙沼線,Wikidata CC0
0,37,134,御岳堂,미타케도역,Q1305797,matched_station_line,station_name+line:気仙沼線,Wikidata CC0
0,37,135,柳津,야나이즈역,Q8048252,matched_station_line,station_name+line:気仙沼線,Wikidata CC0
0,37,194,平和,헤이와역,Q3969779,matched_station_line,station_name+line:千歳線,Wikidata CC0
0,37,195,新札幌,신삿포로역,Q17217417,matched_station_line,station_name+line:千歳線,Wikidata CC0
0,37,197,上野幌,가미놋포로역,Q3969847,matched_station_line,station_name+line:千歳線,Wikidata CC0
0,37,199,北広島,기타히로시마역,Q3969871,matched_station_line,station_name+line:千歳線,Wikidata CC0
0,37,201,島松,시마마쓰역,Q59338,matched_station_line,station_name+line:千歳線,Wikidata CC0
0,37,202,恵み野,메구미노역,Q59340,matched_station_line,station_name+line:千歳線,Wikidata CC0
0,37,203,恵庭,에니와역,Q59452,matched_station_line,station_name+line:千歳線,Wikidata CC0
0,37,204,サッポロビール庭園,삿포로비루테이엔역,Q3601222,matched_station_line,station_name+line:千歳線,Wikidata CC0
0,37,205,長都,오사쓰역,Q3601213,matched_station_line,station_name+line:千歳線,Wikidata CC0
0,37,207,千歳,지토세역,Q5102290,matched_station_line,station_name+line:千歳線,Wikidata CC0
0,37,208,南千歳,미나미치토세역,Q3601198,matched_station_line,station_name+line:千歳線,Wikidata CC0
0,37,212,植苗,우에나에역,Q3601205,matched_station_line,station_name+line:千歳線,Wikidata CC0
0,38,3,尾久,오쿠역,Q845113,matched_station_line,station_name+line:東北本線,Wikidata CC0
0,38,6,十条,주조 역 (도쿄 도),Q800975,matched_station_line,station_name+line:赤羽線,Wikidata CC0
0,38,7,板橋,이타바시역,Q800966,matched_station_line,station_name+line:赤羽線,Wikidata CC0
0,38,65,三原,미하라역,Q1136514,matched_station_line,station_name+line:呉線,Wikidata CC0
0,38,66,須波,스나미역,Q11664604,matched_station_line,station_name+line:呉線,Wikidata CC0
0,38,67,安芸幸崎,아키사이자키역,Q4701218,matched_station_line,station_name+line:呉線,Wikidata CC0
0,38,68,忠海,다다노우미역,Q7674326,matched_station_line,station_name+line:呉線,Wikidata CC0
0,38,69,安芸長浜,아키나가하마역,Q4701056,matched_station_line,station_name+line:呉線,Wikidata CC0
0,38,70,大乗,오노리역,Q8081672,matched_station_line,station_name+line:呉線,Wikidata CC0
0,38,71,竹原,다케하라역,Q7677972,matched_station_line,station_name+line:呉線,Wikidata CC0
0,38,72,吉名,요시나역,Q8056180,matched_station_line,station_name+line:呉線,Wikidata CC0
0,38,73,安芸津,아키쓰역,Q4701251,matched_station_line,station_name+line:呉線,Wikidata CC0
0,38,75,風早,가자하야역,Q6380770,matched_station_line,station_name+line:呉線,Wikidata CC0
0,38,76,安浦,야스우라역,Q8050123,matched_station_line,station_name+line:呉線,Wikidata CC0
0,38,77,安登,아토역,Q4817155,matched_station_line,station_name+line:呉線,Wikidata CC0
0,38,78,安芸川尻,아키카와지리역,Q4700962,matched_station_line,station_name+line:呉線,Wikidata CC0
0,38,79,仁方,니가타역,Q7032188,matched_station_line,station_name+line:呉線,Wikidata CC0
0,38,80,広,히로역,Q5769956,matched_station_line,station_name+line:呉線,Wikidata CC0
0,38,81,新広,신히로역,Q7497092,matched_station_line,station_name+line:呉線,Wikidata CC0
0,38,82,安芸阿賀,아키아카역,Q4700871,matched_station_line,station_name+line:呉線,Wikidata CC0
0,38,83,呉,구레역,Q6445843,matched_station_line,station_name+line:呉線,Wikidata CC0
0,38,84,川原石,가와라이시역,Q6379682,matched_station_line,station_name+line:呉線,Wikidata CC0
0,38,85,吉浦,요시우라역,Q8056323,matched_station_line,station_name+line:呉線,Wikidata CC0
0,38,86,かるが浜,가루가하마역,Q6373607,matched_station_line,station_name+line:呉線,Wikidata CC0
0,38,87,天応,덴노역,Q7700531,matched_station_line,station_name+line:呉線,Wikidata CC0
0,38,88,呉ポートピア,구레 포트피어역,Q6445833,matched_station_line,station_name+line:呉線,Wikidata CC0
0,38,89,小屋浦,고야우라역,Q6435148,matched_station_line,station_name+line:呉線,Wikidata CC0
0,38,90,水尻,미즈시리역,Q6884904,matched_station_line,station_name+line:呉線,Wikidata CC0
0,38,91,坂,사카역,Q7402725,matched_station_line,station_name+line:呉線,Wikidata CC0
0,38,92,矢野,야노역,Q11584457,matched_station_line,station_name+line:呉線,Wikidata CC0
0,38,131,真滝,마타키역,Q6786016,matched_station_line,station_name+line:大船渡線,Wikidata CC0
0,38,133,陸中門崎,리쿠추칸자키역,Q7334117,matched_station_line,station_name+line:大船渡線,Wikidata CC0
0,38,134,岩ノ下,이와노시타역,Q6100640,matched_station_line,station_name+line:大船渡線,Wikidata CC0
0,38,135,陸中松川,리쿠추마쓰카와역,Q7334118,matched_station_line,station_name+line:大船渡線,Wikidata CC0
0,38,136,猊鼻渓,게이비케역,Q5530099,matched_station_line,station_name+line:大船渡線,Wikidata CC0
0,38,137,柴宿,시바주쿠역,Q7496014,matched_station_line,station_name+line:大船渡線,Wikidata CC0
0,38,138,摺沢,스리사와역,Q7646374,matched_station_line,station_name+line:大船渡線,Wikidata CC0
0,38,139,千厩,센마야역,Q8189420,matched_station_line,station_name+line:大船渡線,Wikidata CC0
0,38,140,小梨,고나시역,Q6428886,matched_station_line,station_name+line:大船渡線,Wikidata CC0
0,38,141,矢越,야고시역,Q8046746,matched_station_line,station_name+line:大船渡線,Wikidata CC0
0,38,143,折壁,오리카베역,Q7102664,matched_station_line,station_name+line:大船渡線,Wikidata CC0
0,38,144,新月,니쓰키역,Q7034492,matched_station_line,station_name+line:大船渡線,Wikidata CC0
0,38,146,気仙沼,게센누마역,Q6394927,matched_station_line,station_name+line:大船渡線,Wikidata CC0
0,38,194,新千歳空港,신치토세쿠코 역,Q872759,matched_station_line,station_name+line:千歳線,Wikidata CC0
0,39,3,日進,닛신역,Q844375,matched_station_line,station_name+line:川越線,Wikidata CC0
0,39,4,西大宮,니시오미야역,Q849342,matched_station_line,station_name+line:川越線,Wikidata CC0
0,39,5,指扇,사시오기역,Q844454,matched_station_line,station_name+line:川越線,Wikidata CC0
0,39,7,南古谷,미나미후루야역,Q844387,matched_station_line,station_name+line:川越線,Wikidata CC0
0,39,9,川越,가와고에역,Q800995,matched_station_line,station_name+line:川越線,Wikidata CC0
0,39,10,西川越,니시카와고에역,Q844431,matched_station_line,station_name+line:川越線,Wikidata CC0
0,39,11,的場,마토바역,Q844395,matched_station_line,station_name+line:川越線,Wikidata CC0
0,39,12,笠幡,가사하타역,Q844363,matched_station_line,station_name+line:川越線,Wikidata CC0
0,39,13,武蔵高萩,무사시타카하기역,Q1129108,matched_station_line,station_name+line:川越線,Wikidata CC0
0,39,65,岩国,이와쿠니역,Q5358387,matched_station_line,station_name+line:岩徳線,Wikidata CC0
0,39,66,西岩国,니시이와쿠니역,Q7040351,matched_station_line,station_name+line:岩徳線,Wikidata CC0
0,39,67,川西,가와니시역,Q8192994,matched_station_line,station_name+line:岩徳線,Wikidata CC0
0,39,68,柱野,하시라노역,Q5679043,matched_station_line,station_name+line:岩徳線,Wikidata CC0
0,39,69,欽明路,긴메이지역,Q6410169,matched_station_line,station_name+line:岩徳線,Wikidata CC0
0,39,70,玖珂,구가역,Q6441933,matched_station_line,station_name+line:岩徳線,Wikidata CC0
0,39,71,周防高森,스오타카모리역,Q7651563,matched_station_line,station_name+line:岩徳線,Wikidata CC0
0,39,72,米川,요네카와역,Q8054925,matched_station_line,station_name+line:岩徳線,Wikidata CC0
0,39,73,高水,다카미즈역,Q7677151,matched_station_line,station_name+line:岩徳線,Wikidata CC0
0,39,75,勝間,가쓰마역,Q6378126,matched_station_line,station_name+line:岩徳線,Wikidata CC0
0,39,76,大河内,오카와치역,Q8081555,matched_station_line,station_name+line:岩徳線,Wikidata CC0
0,39,77,周防久保,스오쿠보역,Q7651558,matched_station_line,station_name+line:岩徳線,Wikidata CC0
0,39,78,生野屋,이쿠노야역,Q5996344,matched_station_line,station_name+line:岩徳線,Wikidata CC0
0,39,80,周防花岡,스오하나오카역,Q7651556,matched_station_line,station_name+line:岩徳線,Wikidata CC0
0,39,129,花巻,하나마키역,Q1057662,matched_station_line,station_name+line:釜石線,Wikidata CC0
0,39,130,似内,니타나이역,Q4968676,matched_station_line,station_name+line:釜石線,Wikidata CC0
0,39,131,新花巻,신하나마키역,Q1187840,matched_station_line,station_name+line:釜石線,Wikidata CC0
0,39,132,小山田,오야마다역,Q4968685,matched_station_line,station_name+line:釜石線,Wikidata CC0
0,39,134,土沢,쓰치자와역,Q3888323,matched_station_line,station_name+line:釜石線,Wikidata CC0
0,39,135,晴山,하루야마역,Q3888002,matched_station_line,station_name+line:釜石線,Wikidata CC0
0,39,136,岩根橋,이와네바시역,Q3890063,matched_station_line,station_name+line:釜石線,Wikidata CC0
0,39,137,宮守,미야모리역,Q3888989,matched_station_line,station_name+line:釜石線,Wikidata CC0
0,39,139,柏木平,가시와기다이라역,Q3888982,matched_station_line,station_name+line:釜石線,Wikidata CC0
0,39,140,鱒沢,마스자와역,Q3889752,matched_station_line,station_name+line:釜石線,Wikidata CC0
0,39,141,荒谷前,아라야마에역,Q3889764,matched_station_line,station_name+line:釜石線,Wikidata CC0
0,39,142,岩手二日町,이와테후쓰카마치역,Q3889726,matched_station_line,station_name+line:釜石線,Wikidata CC0
0,39,144,綾織,아야오리역,Q3890053,matched_station_line,station_name+line:釜石線,Wikidata CC0
0,39,145,遠野,도노역,Q3890045,matched_station_line,station_name+line:釜石線,Wikidata CC0
0,39,146,青笹,아오자사역,Q1112611,matched_station_line,station_name+line:釜石線,Wikidata CC0
0,39,147,岩手上郷,이와테카미고역,Q3890386,matched_station_line,station_name+line:釜石線,Wikidata CC0
0,39,149,平倉,히라쿠라역,Q3890826,matched_station_line,station_name+line:釜石線,Wikidata CC0
0,39,150,足ケ瀬,아시가세역,Q3890814,matched_station_line,station_name+line:釜石線,Wikidata CC0
0,39,151,上有住,가미아리스역,Q3893013,matched_station_line,station_name+line:釜石線,Wikidata CC0
0,39,152,陸中大橋,리쿠추오하시역,Q3892975,matched_station_line,station_name+line:釜石線,Wikidata CC0
0,39,154,洞泉,도센역,Q3893001,matched_station_line,station_name+line:釜石線,Wikidata CC0
0,39,155,松倉,마쓰쿠라역,Q3892966,matched_station_line,station_name+line:釜石線,Wikidata CC0
0,39,156,小佐野,고사노역,Q3893007,matched_station_line,station_name+line:釜石線,Wikidata CC0
0,39,157,釜石,가마이시역,Q3892979,matched_station_line,station_name+line:釜石線,Wikidata CC0
0,39,194,あおば通,아오바도리역,Q4778563,matched_station_line,station_name+line:仙石線,Wikidata CC0
0,40,3,東我孫子,히가시아비코역,Q5753445,matched_station_line,station_name+line:成田線我孫子支線,Wikidata CC0
0,40,4,湖北,고호쿠역,Q5366305,matched_station_line,station_name+line:成田線我孫子支線,Wikidata CC0
0,40,5,新木,아라키 역 (지바 현),Q4783839,matched_station_line,station_name+line:成田線我孫子支線,Wikidata CC0
0,40,7,布佐,후사역,Q5366552,matched_station_line,station_name+line:成田線我孫子支線,Wikidata CC0
0,40,8,木下,기오로시역,Q6414520,matched_station_line,station_name+line:成田線我孫子支線,Wikidata CC0
0,40,10,小林,고바야시역,Q5363656,matched_station_line,station_name+line:成田線我孫子支線,Wikidata CC0
0,40,12,安食,아지키역,Q864215,matched_station_line,station_name+line:成田線我孫子支線,Wikidata CC0
0,40,14,下総松崎,시모사만자키역,Q5363815,matched_station_line,station_name+line:成田線我孫子支線,Wikidata CC0
0,40,16,成田,나리타역,Q845243,matched_station_line,station_name+line:成田線,Wikidata CC0
0,40,18,酒々井,시스이역,Q7499126,matched_station_line,station_name+line:成田線,Wikidata CC0
0,40,65,川西,가와니시역,Q8192994,matched_station_line,station_name+line:錦川鉄道錦川清流線,Wikidata CC0
0,40,71,北河内,기타가와치역,Q6417705,matched_station_line,station_name_only,Wikidata CC0
0,40,130,上盛岡,가미모리오카역,Q6357177,matched_station_line,station_name+line:山田線,Wikidata CC0
0,40,131,山岸,야마기시역,Q11467906,matched_station_line,station_name+line:山田線,Wikidata CC0
0,40,132,上米内,가미요나이역,Q11360015,matched_station_line,station_name+line:山田線,Wikidata CC0
0,40,136,区界,구자카이역,Q6449153,matched_station_line,station_name+line:山田線,Wikidata CC0
0,40,137,松草,마쓰쿠사역,Q6788120,matched_station_line,station_name+line:山田線,Wikidata CC0
0,40,140,川内,가와우치역,Q6379890,matched_station_line,station_name+line:山田線,Wikidata CC0
0,40,141,箱石,하코이시역,Q5640585,matched_station_line,station_name+line:山田線,Wikidata CC0
0,40,142,陸中川井,리쿠추카와이역,Q7334116,matched_station_line,station_name+line:山田線,Wikidata CC0
0,40,143,腹帯,하라타이역,Q5654293,matched_station_line,station_name+line:山田線,Wikidata CC0
0,40,145,茂市,모이치역,Q6894570,matched_station_line,station_name+line:山田線,Wikidata CC0
0,40,146,蟇目,히키메역,Q5760565,matched_station_line,station_name+line:山田線,Wikidata CC0
0,40,147,花原市,게바라이치역,Q6382382,matched_station_line,station_name+line:山田線,Wikidata CC0
0,40,149,千徳,센토쿠역,Q7451363,matched_station_line,station_name+line:山田線,Wikidata CC0
0,40,150,宮古,미야코역,Q6884271,matched_station_line,station_name+line:山田線,Wikidata CC0
0,40,151,磯鶏,소케이역,Q7555091,matched_station_line,station_name_only,Wikidata CC0
0,40,162,鵜住居,우노스마이역,Q7897271,matched_station_line,station_name_only,Wikidata CC0
0,41,12,北府中,기타후추역,Q6417528,matched_station_line,station_name+line:武蔵野線,Wikidata CC0
0,41,15,新小平,신코다이라역,Q7497112,matched_station_line,station_name+line:武蔵野線,Wikidata CC0
0,41,17,新秋津,신아키쓰역,Q7497083,matched_station_line,station_name+line:武蔵野線,Wikidata CC0
0,41,18,東所沢,히가시토코로자와역,Q5753886,matched_station_line,station_name+line:武蔵野線,Wikidata CC0
0,41,20,新座,니자역,Q7034510,matched_station_line,station_name+line:武蔵野線,Wikidata CC0
0,41,22,北朝霞,기타아사카역,Q6417515,matched_station_line,station_name+line:武蔵野線,Wikidata CC0
0,41,24,西浦和,니시우라와역,Q7040446,matched_station_line,station_name+line:武蔵野線,Wikidata CC0
0,41,25,武蔵浦和,무사시우라와역,Q801208,matched_station_line,station_name+line:武蔵野線,Wikidata CC0
0,41,28,東浦和,히가시우라와역,Q5753897,matched_station_line,station_name+line:武蔵野線,Wikidata CC0
0,41,30,東川口,히가시카와구치역,Q8015281,matched_station_line,station_name+line:武蔵野線,Wikidata CC0
0,41,31,南越谷,미나미코시가야역,Q842469,matched_station_line,station_name+line:武蔵野線,Wikidata CC0
0,41,32,越谷レイクタウン,고시가야 레이크타운역,Q6433119,matched_station_line,station_name+line:武蔵野線,Wikidata CC0
0,41,33,吉川,요시카와역,Q8013280,matched_station_line,station_name+line:武蔵野線,Wikidata CC0
0,41,34,吉川美南,요시카와미나미역,Q8056102,matched_station_line,station_name+line:武蔵野線,Wikidata CC0
0,41,35,新三郷,신미사토역,Q6139591,matched_station_line,station_name+line:武蔵野線,Wikidata CC0
0,41,36,三郷,미사토역,Q6875181,matched_station_line,station_name+line:武蔵野線,Wikidata CC0
0,41,37,南流山,미나미나가레야마역,Q267770,matched_station_line,station_name+line:武蔵野線,Wikidata CC0
0,41,39,新八柱,신야하시라역,Q3525564,matched_station_line,station_name+line:武蔵野線,Wikidata CC0
0,41,40,東松戸,히가시마쓰도역,Q3467990,matched_station_line,station_name+line:武蔵野線,Wikidata CC0
0,41,41,市川大野,이치카와오노역,Q2783576,matched_station_line,station_name+line:武蔵野線,Wikidata CC0
0,41,42,船橋法典,후나바시호텐역,Q2743695,matched_station_line,station_name+line:武蔵野線,Wikidata CC0
0,41,64,上嘉川,가미카가와역,Q6357150,matched_station_line,station_name+line:宇部線,Wikidata CC0
0,41,67,深溝,후카미조역,Q5507576,matched_station_line,station_name+line:宇部線,Wikidata CC0
0,41,68,周防佐山,스오사야마역,Q7651560,matched_station_line,station_name+line:宇部線,Wikidata CC0
0,41,70,岩倉,이와쿠라역,Q6100445,matched_station_line,station_name+line:宇部線,Wikidata CC0
0,41,71,阿知須,아지스역,Q4699770,matched_station_line,station_name+line:宇部線,Wikidata CC0
0,41,72,岐波,기와역,Q6418840,matched_station_line,station_name+line:宇部線,Wikidata CC0
0,41,73,丸尾,마루오역,Q6777981,matched_station_line,station_name+line:宇部線,Wikidata CC0
0,41,75,床波,도코나미역,Q7813676,matched_station_line,station_name+line:宇部線,Wikidata CC0
0,41,76,常盤,도키와역,Q7813625,matched_station_line,station_name+line:宇部線,Wikidata CC0
0,41,77,草江,구사에역,Q6447740,matched_station_line,station_name+line:宇部線,Wikidata CC0
0,41,78,宇部岬,우베미사키역,Q7876464,matched_station_line,station_name+line:宇部線,Wikidata CC0
0,41,80,東新川,히가시신카와역,Q5753829,matched_station_line,station_name+line:宇部線,Wikidata CC0
0,41,81,琴芝,고토시바역,Q6434203,matched_station_line,station_name+line:宇部線,Wikidata CC0
0,41,82,宇部新川,우베신카와역,Q7876457,matched_station_line,station_name+line:宇部線,Wikidata CC0
0,41,83,居能,이노역,Q6061694,matched_station_line,station_name+line:宇部線,Wikidata CC0
0,41,85,岩鼻,이와하나역,Q11475717,matched_station_line,station_name+line:宇部線,Wikidata CC0
0,42,11,新川崎,신카와사키역,Q801434,matched_station_line,station_name_only,Wikidata CC0
0,42,12,武蔵小杉,무사시코스기역,Q801207,matched_station_line,station_name_only,Wikidata CC0
0,42,13,西大井,니시오이역,Q844193,matched_station_line,station_name_only,Wikidata CC0
0,42,21,新日本橋,신니혼바시역,Q844148,matched_station_line,station_name+line:総武本線,Wikidata CC0
0,42,22,馬喰町,바쿠로초역,Q844182,matched_station_line,station_name+line:総武本線,Wikidata CC0
0,42,67,妻崎,쓰마자키역,Q7850124,matched_station_line,station_name+line:小野田線,Wikidata CC0
0,42,68,長門長沢,나가토나가사와역,Q6958686,matched_station_line,station_name+line:小野田線,Wikidata CC0
0,42,70,雀田,스즈메다역,Q7651388,matched_station_line,station_name+line:小野田線,Wikidata CC0
0,42,71,小野田港,오노다코역,Q7094443,matched_station_line,station_name+line:小野田線,Wikidata CC0
0,42,72,南小野田,미나미오노다역,Q6862955,matched_station_line,station_name+line:小野田線,Wikidata CC0
0,42,73,南中川,미나미나카가와역,Q6862954,matched_station_line,station_name+line:小野田線,Wikidata CC0
0,42,75,目出,메데역,Q6805205,matched_station_line,station_name+line:小野田線,Wikidata CC0
0,42,130,長苗代,나가나와시로역,Q6393619,matched_station_line,station_name+line:八戸線,Wikidata CC0
0,42,131,本八戸,혼하치노헤역,Q5891918,matched_station_line,station_name+line:八戸線,Wikidata CC0
0,42,132,小中野,고나카노역,Q6393603,matched_station_line,station_name+line:八戸線,Wikidata CC0
0,42,134,陸奥湊,무쓰미나토역,Q6378996,matched_station_line,station_name+line:八戸線,Wikidata CC0
0,42,135,白銀,시로가네역,Q6378968,matched_station_line,station_name+line:八戸線,Wikidata CC0
0,42,136,鮫,사메역,Q6378987,matched_station_line,station_name+line:八戸線,Wikidata CC0
0,42,138,陸奥白浜,무쓰시라하마역,Q6944035,matched_station_line,station_name+line:八戸線,Wikidata CC0
0,42,139,種差海岸,다네사시카이간역,Q6543173,matched_station_line,station_name+line:八戸線,Wikidata CC0
0,42,140,大久喜,오쿠키역,Q6543357,matched_station_line,station_name+line:八戸線,Wikidata CC0
0,42,141,金浜,가네하마역,Q6543331,matched_station_line,station_name+line:八戸線,Wikidata CC0
0,42,142,大蛇,오자역,Q8081543,matched_station_line,station_name+line:八戸線,Wikidata CC0
0,42,144,階上,하시카미역,Q6543378,matched_station_line,station_name+line:八戸線,Wikidata CC0
0,42,145,角の浜,가도노하마역,Q6543295,matched_station_line,station_name+line:八戸線,Wikidata CC0
0,42,146,平内,히라나이역,Q5769402,matched_station_line,station_name+line:八戸線,Wikidata CC0
0,42,147,種市,다네이치역,Q6543151,matched_station_line,station_name+line:八戸線,Wikidata CC0
0,42,150,玉川,다마가와역,Q6543322,matched_station_line,station_name+line:八戸線,Wikidata CC0
0,42,151,宿戸,슈쿠노헤역,Q6543349,matched_station_line,station_name+line:八戸線,Wikidata CC0
0,42,152,陸中八木,리쿠추야기역,Q6543180,matched_station_line,station_name+line:八戸線,Wikidata CC0
0,42,153,有家,우게역,Q6543308,matched_station_line,station_name+line:八戸線,Wikidata CC0
0,42,154,陸中中野,리쿠추나카노역,Q6543365,matched_station_line,station_name+line:八戸線,Wikidata CC0
0,42,155,侍浜,사무라이하마역,Q6543142,matched_station_line,station_name+line:八戸線,Wikidata CC0
0,42,156,陸中夏井,리쿠추나쓰이역,Q6543167,matched_station_line,station_name+line:八戸線,Wikidata CC0
0,42,157,久慈,구지역,Q6442347,matched_station_line,station_name+line:八戸線,Wikidata CC0
0,42,193,長万部,오샤만베역,Q848232,matched_station_line,station_name+line:室蘭本線,Wikidata CC0
0,42,195,静狩,시즈카리역,Q7499486,matched_station_line,station_name+line:室蘭本線,Wikidata CC0
0,42,196,小幌,고보로역,Q5370732,matched_station_line,station_name+line:室蘭本線,Wikidata CC0
0,42,197,礼文,레분역,Q7302234,matched_station_line,station_name+line:室蘭本線,Wikidata CC0
0,42,199,大岸,오키시역,Q8081565,matched_station_line,station_name+line:室蘭本線,Wikidata CC0
0,42,200,豊浦,도요우라역,Q7830938,matched_station_line,station_name+line:室蘭本線,Wikidata CC0
0,42,201,洞爺,도야 역 (이부리 지청),Q7862746,matched_station_line,station_name+line:室蘭本線,Wikidata CC0
0,42,202,有珠,우스역,Q7902234,matched_station_line,station_name+line:室蘭本線,Wikidata CC0
0,42,203,長和,나가와역,Q6958713,matched_station_line,station_name+line:室蘭本線,Wikidata CC0
0,42,205,伊達紋別,다테몬베쓰역,Q5227640,matched_station_line,station_name+line:室蘭本線,Wikidata CC0
0,42,206,北舟岡,기타후나오카역,Q6417529,matched_station_line,station_name+line:室蘭本線,Wikidata CC0
0,42,207,稀府,마렛푸역,Q6758989,matched_station_line,station_name+line:室蘭本線,Wikidata CC0
0,42,208,黄金,고가네역,Q6425765,matched_station_line,station_name+line:室蘭本線,Wikidata CC0
0,42,210,崎守,사키모리역,Q7402984,matched_station_line,station_name+line:室蘭本線,Wikidata CC0
0,42,211,本輪西,모토와니시역,Q6917941,matched_station_line,station_name+line:室蘭本線,Wikidata CC0
0,42,212,東室蘭,히가시무로란역,Q5753732,matched_station_line,station_name+line:室蘭本線,Wikidata CC0
0,42,213,鷲別,와시베쓰역,Q7971497,matched_station_line,station_name+line:室蘭本線,Wikidata CC0
0,42,215,幌別,호로베쓰역,Q5904684,matched_station_line,station_name+line:室蘭本線,Wikidata CC0
0,42,217,富浦,도미우라역,Q7818982,matched_station_line,station_name+line:室蘭本線,Wikidata CC0
0,42,218,登別,노보리베쓰역,Q7046034,matched_station_line,station_name+line:室蘭本線,Wikidata CC0
0,42,219,虎杖浜,고조하마역,Q6426517,matched_station_line,station_name+line:室蘭本線,Wikidata CC0
0,42,220,竹浦,다케우라역,Q7678178,matched_station_line,station_name+line:室蘭本線,Wikidata CC0
0,42,222,北吉原,기타요시하라역,Q6417625,matched_station_line,station_name+line:室蘭本線,Wikidata CC0
0,42,223,萩野,하기노역,Q5638740,matched_station_line,station_name+line:室蘭本線,Wikidata CC0
0,42,224,白老,시라오이역,Q3701542,matched_station_line,station_name+line:室蘭本線,Wikidata CC0
0,42,225,社台,샤다이역,Q7460232,matched_station_line,station_name+line:室蘭本線,Wikidata CC0
0,42,227,錦岡,니시키오카역,Q7040602,matched_station_line,station_name+line:室蘭本線,Wikidata CC0
0,42,229,糸井,이토이역,Q6094820,matched_station_line,station_name+line:室蘭本線,Wikidata CC0
0,42,231,青葉,아오바역,Q4778571,matched_station_line,station_name+line:室蘭本線,Wikidata CC0
0,42,233,苫小牧,도마코마이역,Q3601182,matched_station_line,station_name+line:室蘭本線,Wikidata CC0
0,42,235,沼ノ端,누마노하타역,Q3601228,matched_station_line,station_name+line:室蘭本線,Wikidata CC0
0,42,236,遠浅,도아사역,Q7811407,matched_station_line,station_name+line:室蘭本線,Wikidata CC0
0,42,237,早来,하야키타역,Q5685978,matched_station_line,station_name+line:室蘭本線,Wikidata CC0
0,42,238,安平,아비라역,Q4667910,matched_station_line,station_name+line:室蘭本線,Wikidata CC0
0,42,239,追分,오이와케역,Q7081573,matched_station_line,station_name+line:室蘭本線,Wikidata CC0
0,42,241,三川,미카와역,Q6845746,matched_station_line,station_name+line:室蘭本線,Wikidata CC0
0,42,242,古山,후루산역,Q5509812,matched_station_line,station_name+line:室蘭本線,Wikidata CC0
0,42,243,由仁,유니역,Q8061286,matched_station_line,station_name+line:室蘭本線,Wikidata CC0
0,42,244,栗山,구리야마역,Q6446103,matched_station_line,station_name+line:室蘭本線,Wikidata CC0
0,42,246,栗丘,구리오카역,Q6446065,matched_station_line,station_name+line:室蘭本線,Wikidata CC0
0,42,247,栗沢,구리사와역,Q6446072,matched_station_line,station_name+line:室蘭本線,Wikidata CC0
0,42,248,志文,시분역,Q7496085,matched_station_line,station_name+line:室蘭本線,Wikidata CC0
0,43,66,湯ノ峠,유노토역,Q8061375,matched_station_line,station_name+line:美祢線,Wikidata CC0
0,43,67,厚保,아쓰역,Q4817754,matched_station_line,station_name+line:美祢線,Wikidata CC0
0,43,68,四郎ケ原,시로가하라역,Q11420157,matched_station_line,station_name+line:美祢線,Wikidata CC0
0,43,70,南大嶺,미나미오미네역,Q11407672,matched_station_line,station_name+line:美祢線,Wikidata CC0
0,43,71,美祢,미네역,Q11609314,matched_station_line,station_name+line:美祢線,Wikidata CC0
0,43,72,重安,시게야스역,Q7496414,matched_station_line,station_name+line:美祢線,Wikidata CC0
0,43,73,於福,오후쿠역,Q11504403,matched_station_line,station_name+line:美祢線,Wikidata CC0
0,43,75,渋木,시부키역,Q7496084,matched_station_line,station_name+line:美祢線,Wikidata CC0
0,43,76,長門湯本,나가토유모토역,Q11654892,matched_station_line,station_name+line:美祢線,Wikidata CC0
0,43,77,板持,이타모치역,Q6093959,matched_station_line,station_name+line:美祢線,Wikidata CC0
0,43,79,仙崎,센자키역,Q7451433,matched_station_line,station_name+line:山陰本線,Wikidata CC0
0,43,129,野辺地,노헤지역,Q6393634,matched_station_line,station_name+line:大湊線,Wikidata CC0
0,43,130,北野辺地,기타노헤지역,Q6417582,matched_station_line,station_name+line:大湊線,Wikidata CC0
0,43,131,有戸,아리토역,Q4791144,matched_station_line,station_name+line:大湊線,Wikidata CC0
0,43,132,吹越,훗코시역,Q5507606,matched_station_line,station_name+line:大湊線,Wikidata CC0
0,43,134,陸奥横浜,무쓰요코하마역,Q6944033,matched_station_line,station_name+line:大湊線,Wikidata CC0
0,43,135,有畑,아리하타역,Q4790598,matched_station_line,station_name+line:大湊線,Wikidata CC0
0,43,136,近川,지카가와역,Q5097352,matched_station_line,station_name+line:大湊線,Wikidata CC0
0,43,137,金谷沢,가나야사와역,Q6360862,matched_station_line,station_name+line:大湊線,Wikidata CC0
0,43,139,赤川,아카가와역,Q4700139,matched_station_line,station_name+line:大湊線,Wikidata CC0
0,43,140,下北,시모키타역,Q7496973,matched_station_line,station_name+line:大湊線,Wikidata CC0
0,43,141,大湊,오미나토역,Q8081617,matched_station_line,station_name+line:大湊線,Wikidata CC0
0,43,164,羽沢横浜国大,하자와요코하마코쿠다이역,Q48755701,matched_station_line,station_name+line:東海道貨物線,Wikidata CC0
0,43,194,輪西,와니시역,Q7967945,matched_station_line,station_name+line:室蘭本線,Wikidata CC0
0,43,195,御崎,미사키역,Q6875090,matched_station_line,station_name+line:室蘭本線,Wikidata CC0
0,43,196,母恋,보코이역,Q4938806,matched_station_line,station_name+line:室蘭本線,Wikidata CC0
0,43,198,室蘭,무로란역,Q6938861,matched_station_line,station_name+line:室蘭本線,Wikidata CC0
0,44,2,金島,가나시마역,Q6360686,matched_station_line,station_name+line:吾妻線,Wikidata CC0
0,44,3,祖母島,우바시마역,Q7876424,matched_station_line,station_name+line:吾妻線,Wikidata CC0
0,44,4,小野上,오노가미역,Q7094460,matched_station_line,station_name+line:吾妻線,Wikidata CC0
0,44,5,小野上温泉,오노가미온센역,Q7094463,matched_station_line,station_name+line:吾妻線,Wikidata CC0
0,44,6,市城,이치시로역,Q5986324,matched_station_line,station_name+line:吾妻線,Wikidata CC0
0,44,7,中之条,나카노조역,Q6960282,matched_station_line,station_name+line:吾妻線,Wikidata CC0
0,44,8,群馬原町,군마하라마치역,Q5618867,matched_station_line,station_name+line:吾妻線,Wikidata CC0
0,44,9,郷原,고바라역,Q5627747,matched_station_line,station_name+line:吾妻線,Wikidata CC0
0,44,11,矢倉,야구라역,Q8046763,matched_station_line,station_name+line:吾妻線,Wikidata CC0
0,44,12,岩島,이와시마역,Q6100736,matched_station_line,station_name+line:吾妻線,Wikidata CC0
0,44,13,川原湯温泉,가와라유온센역,Q6379693,matched_station_line,station_name+line:吾妻線,Wikidata CC0
0,44,14,長野原草津口,나가노하라쿠사쓰구치역,Q6958449,matched_station_line,station_name+line:吾妻線,Wikidata CC0
0,44,16,群馬大津,군마오쓰역,Q5618868,matched_station_line,station_name+line:吾妻線,Wikidata CC0
0,44,17,羽根尾,하네오역,Q11610220,matched_station_line,station_name+line:吾妻線,Wikidata CC0
0,44,18,袋倉,후쿠로구라역,Q5507710,matched_station_line,station_name+line:吾妻線,Wikidata CC0
0,44,19,万座・鹿沢口,만자 · 카자와구치역,Q6753421,matched_station_line,station_name+line:吾妻線,Wikidata CC0
0,44,21,大前,오마에역,Q3971398,matched_station_line,station_name+line:吾妻線,Wikidata CC0
0,44,65,周防下郷,스오시모고역,Q7651565,matched_station_line,station_name+line:山口線,Wikidata CC0
0,44,66,上郷,가미고역,Q11360228,matched_station_line,station_name+line:山口線,Wikidata CC0
0,44,67,仁保津,니호즈역,Q11376321,matched_station_line,station_name+line:山口線,Wikidata CC0
0,44,68,大歳,오토시역,Q8081774,matched_station_line,station_name+line:山口線,Wikidata CC0
0,44,70,矢原,야바라역,Q8046358,matched_station_line,station_name+line:山口線,Wikidata CC0
0,44,71,湯田温泉,유다온센역,Q8060214,matched_station_line,station_name+line:山口線,Wikidata CC0
0,44,72,山口,야마구치역,Q8192374,matched_station_line,station_name+line:山口線,Wikidata CC0
0,44,73,上山口,가미야마구치역,Q858463,matched_station_line,station_name+line:山口線,Wikidata CC0
0,44,75,宮野,미야노역,Q6884378,matched_station_line,station_name+line:山口線,Wikidata CC0
0,44,76,仁保,니호역,Q7034269,matched_station_line,station_name+line:山口線,Wikidata CC0
0,44,77,篠目,시노메역,Q7497729,matched_station_line,station_name+line:山口線,Wikidata CC0
0,44,78,長門峡,조몬쿄역,Q5118997,matched_station_line,station_name+line:山口線,Wikidata CC0
0,44,80,渡川,와타리가와역,Q7973003,matched_station_line,station_name+line:山口線,Wikidata CC0
0,44,81,三谷,미타니 역 (야마구치 현),Q6880766,matched_station_line,station_name+line:山口線,Wikidata CC0
0,44,82,名草,나구사역,Q6959087,matched_station_line,station_name+line:山口線,Wikidata CC0
0,44,83,地福,지후쿠역,Q6192262,matched_station_line,station_name+line:山口線,Wikidata CC0
0,44,85,鍋倉,나베쿠라역,Q6956814,matched_station_line,station_name+line:山口線,Wikidata CC0
0,44,86,徳佐,도쿠사역,Q7813756,matched_station_line,station_name+line:山口線,Wikidata CC0
0,44,87,船平山,후나히라야마역,Q5508716,matched_station_line,station_name+line:山口線,Wikidata CC0
0,44,88,津和野,쓰와노역,Q7850356,matched_station_line,station_name+line:山口線,Wikidata CC0
0,44,90,青野山,아오노야마역,Q4778712,matched_station_line,station_name+line:山口線,Wikidata CC0
0,44,91,日原,니치하라역,Q7024834,matched_station_line,station_name+line:山口線,Wikidata CC0
0,44,92,青原,아오하라역,Q4778611,matched_station_line,station_name+line:山口線,Wikidata CC0
0,44,93,東青原,히가시아오하라역,Q5753468,matched_station_line,station_name+line:山口線,Wikidata CC0
0,44,95,石見横田,이와미요코타역,Q6100474,matched_station_line,station_name+line:山口線,Wikidata CC0
0,44,96,本俣賀,혼마타가역,Q5896554,matched_station_line,station_name+line:山口線,Wikidata CC0
0,45,3,前橋,마에바시역,Q1062416,matched_station_line,station_name+line:両毛線,Wikidata CC0
0,45,5,前橋大島,마에바시오시마역,Q6729071,matched_station_line,station_name+line:両毛線,Wikidata CC0
0,45,6,駒形,고마가타역,Q6428058,matched_station_line,station_name+line:両毛線,Wikidata CC0
0,45,8,伊勢崎,이세사키역,Q5963232,matched_station_line,station_name+line:両毛線,Wikidata CC0
0,45,11,国定,구니사다역,Q426096,matched_station_line,station_name+line:両毛線,Wikidata CC0
0,45,13,岩宿,이와주쿠역,Q6100339,matched_station_line,station_name+line:両毛線,Wikidata CC0
0,45,16,桐生,기류역,Q6416343,matched_station_line,station_name+line:両毛線,Wikidata CC0
0,45,18,小俣,오마타역,Q7089903,matched_station_line,station_name+line:両毛線,Wikidata CC0
0,45,21,山前,야마마에역,Q8047852,matched_station_line,station_name+line:両毛線,Wikidata CC0
0,45,24,足利,아시카가역,Q1004362,matched_station_line,station_name+line:両毛線,Wikidata CC0
0,45,26,あしかがフラワーパーク,아시카가 플라워파크역,Q45875891,matched_station_line,station_name+line:両毛線,Wikidata CC0
0,45,27,富田,도미타역,Q7818979,matched_station_line,station_name+line:両毛線,Wikidata CC0
0,45,28,佐野,사노역,Q7418881,matched_station_line,station_name+line:両毛線,Wikidata CC0
0,45,32,岩舟,이와후네역,Q11475586,matched_station_line,station_name+line:両毛線,Wikidata CC0
0,45,33,大平下,오히라시타역,Q8081496,matched_station_line,station_name+line:両毛線,Wikidata CC0
0,45,34,栃木,도치기역,Q7811990,matched_station_line,station_name+line:両毛線,Wikidata CC0
0,45,36,思川,오모이가와역,Q7090612,matched_station_line,station_name+line:両毛線,Wikidata CC0
0,45,39,小田林,오타바야시역,Q7108331,matched_station_line,station_name+line:水戸線,Wikidata CC0
0,45,40,結城,유키역,Q8062742,matched_station_line,station_name+line:水戸線,Wikidata CC0
0,45,41,東結城,히가시유키역,Q11528183,matched_station_line,station_name+line:水戸線,Wikidata CC0
0,45,42,川島,가와시마역,Q6379871,matched_station_line,station_name+line:水戸線,Wikidata CC0
0,45,43,玉戸,다마도역,Q7680526,matched_station_line,station_name+line:水戸線,Wikidata CC0
0,45,44,下館,시모다테역,Q7496954,matched_station_line,station_name+line:水戸線,Wikidata CC0
0,45,45,新治,니하리역,Q7034411,matched_station_line,station_name+line:水戸線,Wikidata CC0
0,45,46,大和,야마토역,Q8047989,matched_station_line,station_name+line:水戸線,Wikidata CC0
0,45,47,岩瀬,이와세역,Q6100731,matched_station_line,station_name+line:水戸線,Wikidata CC0
0,45,48,羽黒,하구로역,Q5638843,matched_station_line,station_name+line:水戸線,Wikidata CC0
0,45,49,福原,후쿠하라역,Q5507632,matched_station_line,station_name+line:水戸線,Wikidata CC0
0,45,50,稲田,이나다역,Q6013353,matched_station_line,station_name+line:水戸線,Wikidata CC0
0,45,51,笠間,가사마역,Q6373988,matched_station_line,station_name+line:水戸線,Wikidata CC0
0,45,52,宍戸,시시도역,Q7499075,matched_station_line,station_name+line:水戸線,Wikidata CC0
0,45,66,三滝,미타키역,Q11356618,matched_station_line,station_name+line:可部線,Wikidata CC0
0,45,67,安芸長束,아키나가쓰카역,Q4700843,matched_station_line,station_name+line:可部線,Wikidata CC0
0,45,68,下祇園,시모기온역,Q7496916,matched_station_line,station_name+line:可部線,Wikidata CC0
0,45,70,古市橋,후루이치바시역,Q5509799,matched_station_line,station_name+line:可部線,Wikidata CC0
0,45,71,大町,오마치역,Q8081603,matched_station_line,station_name+line:可部線,Wikidata CC0
0,45,72,緑井,미도리이역,Q6842940,matched_station_line,station_name+line:可部線,Wikidata CC0
0,45,73,七軒茶屋,시치켄자야역,Q7496103,matched_station_line,station_name+line:可部線,Wikidata CC0
0,45,74,梅林,바이린역,Q4848638,matched_station_line,station_name+line:可部線,Wikidata CC0
0,45,75,上八木,가미야기역,Q6357209,matched_station_line,station_name+line:可部線,Wikidata CC0
0,45,76,中島,나카시마역,Q6960325,matched_station_line,station_name+line:可部線,Wikidata CC0
0,45,77,可部,가베역,Q6344009,matched_station_line,station_name+line:可部線,Wikidata CC0
0,45,129,槻木,쓰키노키역,Q899014,matched_station_line,station_name+line:阿武隈急行線,Wikidata CC0
0,45,131,東船岡,히가시후나오카역,Q5753506,matched_station_line,station_name+line:阿武隈急行線,Wikidata CC0
0,45,133,岡,오카역,Q7081704,matched_station_line,station_name+line:阿武隈急行線,Wikidata CC0
0,45,135,横倉,요코쿠라역,Q8054658,matched_station_line,station_name+line:阿武隈急行線,Wikidata CC0
0,45,137,角田,가쿠다역,Q6349678,matched_station_line,station_name+line:阿武隈急行線,Wikidata CC0
0,45,139,南角田,미나미카쿠다역,Q6862925,matched_station_line,station_name+line:阿武隈急行線,Wikidata CC0
0,45,141,北丸森,기타마루모리역,Q6417565,matched_station_line,station_name+line:阿武隈急行線,Wikidata CC0
0,45,143,丸森,마루모리역,Q11368365,matched_station_line,station_name+line:阿武隈急行線,Wikidata CC0
0,45,145,あぶくま,아부쿠마역,Q4670568,matched_station_line,station_name+line:阿武隈急行線,Wikidata CC0
0,45,147,兜,가부토역,Q11388846,matched_station_line,station_name+line:阿武隈急行線,Wikidata CC0
0,45,149,富野,도미노역,Q11457343,matched_station_line,station_name+line:阿武隈急行線,Wikidata CC0
0,45,151,やながわ希望の森公園前,야나가와키보노모리코엔마에역,Q11280402,matched_station_line,station_name+line:阿武隈急行線,Wikidata CC0
0,45,153,梁川,야나가와역,Q11538344,matched_station_line,station_name+line:阿武隈急行線,Wikidata CC0
0,45,155,新田,닛타역,Q11503785,matched_station_line,station_name+line:阿武隈急行線,Wikidata CC0
0,45,157,二井田,니다역,Q11371290,matched_station_line,station_name+line:阿武隈急行線,Wikidata CC0
0,45,159,大泉,오이즈미역,Q11437196,matched_station_line,station_name+line:阿武隈急行線,Wikidata CC0
0,45,161,保原,호바라역,Q11385694,matched_station_line,station_name+line:阿武隈急行線,Wikidata CC0
0,45,163,上保原,가미호바라역,Q11358471,matched_station_line,station_name+line:阿武隈急行線,Wikidata CC0
0,45,165,高子,다카코역,Q11669124,matched_station_line,station_name+line:阿武隈急行線,Wikidata CC0
0,45,167,向瀬上,무카이세노우에역,Q11416019,matched_station_line,station_name+line:阿武隈急行線,Wikidata CC0
0,45,169,瀬上,세노우에역,Q11566373,matched_station_line,station_name+line:阿武隈急行線,Wikidata CC0
0,45,170,福島学院前,후쿠시마가쿠인마에역,Q11593074,matched_station_line,station_name+line:阿武隈急行線,Wikidata CC0
0,45,171,卸町,오로시마치역,Q11409194,matched_station_line,station_name+line:阿武隈急行線,Wikidata CC0
0,45,173,福島,후쿠시마 역 (후쿠시마 현),Q800799,matched_station_line,station_name+line:阿武隈急行線,Wikidata CC0
0,46,1,桐生,기류역,Q6416343,matched_station_line,station_name+line:わたらせ渓谷鐵道わたらせ渓谷線,Wikidata CC0
0,46,2,下新田,시모신덴역,Q7496933,matched_station_line,station_name+line:わたらせ渓谷鐵道わたらせ渓谷線,Wikidata CC0
0,46,3,相老,아이오이역,Q4697556,matched_station_line,station_name+line:わたらせ渓谷鐵道わたらせ渓谷線,Wikidata CC0
0,46,4,運動公園,운도코엔역,Q11640412,matched_station_line,station_name+line:わたらせ渓谷鐵道わたらせ渓谷線,Wikidata CC0
0,46,5,大間々,오마마역,Q8081605,matched_station_line,station_name+line:わたらせ渓谷鐵道わたらせ渓谷線,Wikidata CC0
0,46,6,上神梅,가미칸바이역,Q6357152,matched_station_line,station_name+line:わたらせ渓谷鐵道わたらせ渓谷線,Wikidata CC0
0,46,7,本宿,모토주쿠역,Q6918021,matched_station_line,station_name+line:わたらせ渓谷鐵道わたらせ渓谷線,Wikidata CC0
0,46,8,水沼,미즈누마역,Q6884893,matched_station_line,station_name+line:わたらせ渓谷鐵道わたらせ渓谷線,Wikidata CC0
0,46,9,花輪,하나와역,Q5646950,matched_station_line,station_name+line:わたらせ渓谷鐵道わたらせ渓谷線,Wikidata CC0
0,46,10,中野,나카노역,Q6960274,matched_station_line,station_name+line:わたらせ渓谷鐵道わたらせ渓谷線,Wikidata CC0
0,46,11,小中,고나카역,Q6428729,matched_station_line,station_name+line:わたらせ渓谷鐵道わたらせ渓谷線,Wikidata CC0
0,46,12,神戸,고도역,Q5627753,matched_station_line,station_name+line:わたらせ渓谷鐵道わたらせ渓谷線,Wikidata CC0
0,46,13,沢入,소리역,Q7667614,matched_station_line,station_name+line:わたらせ渓谷鐵道わたらせ渓谷線,Wikidata CC0
0,46,14,原向,하라무코역,Q5654104,matched_station_line,station_name+line:わたらせ渓谷鐵道わたらせ渓谷線,Wikidata CC0
0,46,15,通洞,쓰도역,Q7850448,matched_station_line,station_name+line:わたらせ渓谷鐵道わたらせ渓谷線,Wikidata CC0
0,46,16,足尾,아시오역,Q4805122,matched_station_line,station_name+line:わたらせ渓谷鐵道わたらせ渓谷線,Wikidata CC0
0,46,75,加賀温泉,가가온센역,Q5359613,matched_station_line,station_name+line:IRいしかわ鉄道線,Wikidata CC0
0,46,84,小松,고마쓰역,Q5359990,matched_station_line,station_name+line:IRいしかわ鉄道線,Wikidata CC0
0,46,90,能美根上,노미네아가리역,Q5359868,matched_station_line,station_name+line:IRいしかわ鉄道線,Wikidata CC0
0,46,105,松任,맛토역,Q5359660,matched_station_line,station_name+line:IRいしかわ鉄道線,Wikidata CC0
0,46,108,野々市,노노이치역,Q3701479,matched_station_line,station_name+line:IRいしかわ鉄道線,Wikidata CC0
0,46,111,西金沢,니시카나자와역,Q5359940,matched_station_line,station_name+line:IRいしかわ鉄道線,Wikidata CC0
0,46,114,金沢,가나자와역,Q1136378,matched_station_line,station_name+line:IRいしかわ鉄道線,Wikidata CC0
0,46,117,東金沢,히가시카나자와역,Q3611192,matched_station_line,station_name+line:IRいしかわ鉄道線,Wikidata CC0
0,46,120,森本,모리모토역,Q5359635,matched_station_line,station_name+line:IRいしかわ鉄道線,Wikidata CC0
0,46,123,津幡,쓰바타역,Q3701490,matched_station_line,station_name+line:IRいしかわ鉄道線,Wikidata CC0
0,46,126,倶利伽羅,구리카라역,Q5360002,matched_station_line,station_name+line:IRいしかわ鉄道線,Wikidata CC0
0,46,130,東照宮,도쇼구역,Q5359740,matched_station_line,station_name+line:仙山線,Wikidata CC0
0,46,131,北仙台,기타센다이역,Q6417601,matched_station_line,station_name+line:仙山線,Wikidata CC0
0,46,132,北山,기타야마역,Q6417935,matched_station_line,station_name+line:仙山線,Wikidata CC0
0,46,133,東北福祉大前,도호쿠후쿠시다이마에역,Q7862658,matched_station_line,station_name+line:仙山線,Wikidata CC0
0,46,134,国見,구니미역,Q6444706,matched_station_line,station_name+line:仙山線,Wikidata CC0
0,46,135,葛岡,구즈오카역,Q6449313,matched_station_line,station_name+line:仙山線,Wikidata CC0
0,46,136,陸前落合,리쿠젠오치아이역,Q7334133,matched_station_line,station_name+line:仙山線,Wikidata CC0
0,46,137,愛子,아야시역,Q4830973,matched_station_line,station_name+line:仙山線,Wikidata CC0
0,46,140,陸前白沢,리쿠젠시라사와역,Q7334136,matched_station_line,station_name+line:仙山線,Wikidata CC0
0,46,141,熊ケ根,구마가네역,Q6443373,matched_station_line,station_name+line:仙山線,Wikidata CC0
0,46,143,作並,사쿠나미역,Q7403152,matched_station_line,station_name+line:仙山線,Wikidata CC0
0,46,145,奥新川,오쿠닛카와역,Q7082754,matched_station_line,station_name+line:仙山線,Wikidata CC0
0,46,146,面白山高原,오모시로야마코겐역,Q7090658,matched_station_line,station_name+line:仙山線,Wikidata CC0
0,46,148,山寺,야마데라역,Q8047609,matched_station_line,station_name+line:仙山線,Wikidata CC0
0,46,150,高瀬,다카세역,Q7677303,matched_station_line,station_name+line:仙山線,Wikidata CC0
0,46,151,楯山,다테야마역,Q7688025,matched_station_line,station_name+line:仙山線,Wikidata CC0
0,46,197,川端,가와바타역,Q6379418,matched_station_line,station_name+line:石勝線,Wikidata CC0
0,46,201,新夕張,신유바리역,Q7497148,matched_station_line,station_name+line:石勝線,Wikidata CC0
0,46,204,占冠,시무캇푸역,Q7497051,matched_station_line,station_name+line:石勝線,Wikidata CC0
0,46,205,トマム,도마무역,Q8190718,matched_station_line,station_name+line:石勝線,Wikidata CC0
0,47,2,鶴田,쓰루타역,Q1305535,matched_station_line,station_name+line:日光線,Wikidata CC0
0,47,3,鹿沼,가누마역,Q6365667,matched_station_line,station_name+line:日光線,Wikidata CC0
0,47,6,下野大沢,시모쓰케오사와역,Q7497018,matched_station_line,station_name+line:日光線,Wikidata CC0
0,47,7,今市,이마이치역,Q8190599,matched_station_line,station_name+line:日光線,Wikidata CC0
0,47,8,日光,닛코역,Q1048777,matched_station_line,station_name+line:日光線,Wikidata CC0
0,47,66,南宍道,미나미신지역,Q6863049,matched_station_line,station_name+line:木次線,Wikidata CC0
0,47,67,加茂中,가모나카역,Q11398828,matched_station_line,station_name+line:木次線,Wikidata CC0
0,47,68,幡屋,하타야역,Q5680995,matched_station_line,station_name+line:木次線,Wikidata CC0
0,47,70,出雲大東,이즈모다이토역,Q11395862,matched_station_line,station_name+line:木次線,Wikidata CC0
0,47,71,南大東,미나미다이토역,Q6863040,matched_station_line,station_name+line:木次線,Wikidata CC0
0,47,72,木次,기스키역,Q6417340,matched_station_line,station_name+line:木次線,Wikidata CC0
0,47,73,日登,히노보리역,Q5767403,matched_station_line,station_name+line:木次線,Wikidata CC0
0,47,75,下久野,시모쿠노역,Q7496977,matched_station_line,station_name+line:木次線,Wikidata CC0
0,47,76,出雲八代,이즈모야시로역,Q6102418,matched_station_line,station_name+line:木次線,Wikidata CC0
0,47,77,出雲三成,이즈모미나리역,Q6102396,matched_station_line,station_name+line:木次線,Wikidata CC0
0,47,78,亀嵩,가메다케역,Q11370946,matched_station_line,station_name+line:木次線,Wikidata CC0
0,47,80,出雲横田,이즈모요코타역,Q11395894,matched_station_line,station_name+line:木次線,Wikidata CC0
0,47,81,八川,야카와역,Q8047057,matched_station_line,station_name+line:木次線,Wikidata CC0
0,47,82,出雲坂根,이즈모사카네역,Q6102403,matched_station_line,station_name+line:木次線,Wikidata CC0
0,47,83,三井野原,미노하라역,Q6845439,matched_station_line,station_name+line:木次線,Wikidata CC0
0,47,85,油木,유키역,Q8060667,matched_station_line,station_name+line:木次線,Wikidata CC0
0,47,130,北浦,기타우라역,Q8192774,matched_station_line,station_name+line:陸羽東線,Wikidata CC0
0,47,131,陸前谷地,리쿠젠야치역,Q7334144,matched_station_line,station_name+line:陸羽東線,Wikidata CC0
0,47,133,古川,후루카와역,Q1136520,matched_station_line,station_name+line:陸羽東線,Wikidata CC0
0,47,134,塚目,쓰카노메역,Q7850038,matched_station_line,station_name+line:陸羽東線,Wikidata CC0
0,47,135,西古川,니시후루카와역,Q7040334,matched_station_line,station_name+line:陸羽東線,Wikidata CC0
0,47,136,東大崎,히가시오사키역,Q247576,matched_station_line,station_name+line:陸羽東線,Wikidata CC0
0,47,137,西大崎,니시오사키역,Q247570,matched_station_line,station_name+line:陸羽東線,Wikidata CC0
0,47,138,岩出山,이와데야마역,Q247559,matched_station_line,station_name+line:陸羽東線,Wikidata CC0
0,47,139,有備館,유비칸역,Q247618,matched_station_line,station_name+line:陸羽東線,Wikidata CC0
0,47,140,上野目,가미노메역,Q642242,matched_station_line,station_name+line:陸羽東線,Wikidata CC0
0,47,141,池月,이케즈키역,Q642558,matched_station_line,station_name+line:陸羽東線,Wikidata CC0
0,47,143,川渡温泉,가와타비온센역,Q642583,matched_station_line,station_name+line:陸羽東線,Wikidata CC0
0,47,144,鳴子御殿湯,나루코고텐유역,Q1092587,matched_station_line,station_name+line:陸羽東線,Wikidata CC0
0,47,145,鳴子温泉,나루코온센역,Q6966446,matched_station_line,station_name+line:陸羽東線,Wikidata CC0
0,47,147,中山平温泉,나카야마다이라온센역,Q1092594,matched_station_line,station_name+line:陸羽東線,Wikidata CC0
0,47,149,堺田,사카이다역,Q1151505,matched_station_line,station_name+line:陸羽東線,Wikidata CC0
0,47,151,赤倉温泉,아카쿠라온센역,Q1756866,matched_station_line,station_name+line:陸羽東線,Wikidata CC0
0,47,152,立小路,다치코지역,Q1826273,matched_station_line,station_name+line:陸羽東線,Wikidata CC0
0,47,154,最上,모가미역,Q2027908,matched_station_line,station_name+line:陸羽東線,Wikidata CC0
0,47,155,大堀,오호리역,Q2027869,matched_station_line,station_name+line:陸羽東線,Wikidata CC0
0,47,156,鵜杉,우스기역,Q2026791,matched_station_line,station_name+line:陸羽東線,Wikidata CC0
0,47,157,瀬見温泉,세미온센역,Q2095056,matched_station_line,station_name+line:陸羽東線,Wikidata CC0
0,47,159,東長沢,히가시나가사와역,Q2101432,matched_station_line,station_name+line:陸羽東線,Wikidata CC0
0,47,160,長沢,나가사와역,Q2099810,matched_station_line,station_name+line:陸羽東線,Wikidata CC0
0,47,161,南新庄,미나미신조역,Q2102225,matched_station_line,station_name+line:陸羽東線,Wikidata CC0
0,47,163,升形,마스카타역,Q6785676,matched_station_line,station_name+line:陸羽西線,Wikidata CC0
0,47,164,羽前前波,우젠젠나미역,Q11610051,matched_station_line,station_name+line:陸羽西線,Wikidata CC0
0,47,165,津谷,쓰야역,Q7850358,matched_station_line,station_name+line:陸羽西線,Wikidata CC0
0,47,167,古口,후루쿠치역,Q5509803,matched_station_line,station_name+line:陸羽西線,Wikidata CC0
0,47,168,高屋,다카야역,Q7677459,matched_station_line,station_name+line:陸羽西線,Wikidata CC0
0,47,169,清川,기요카와역,Q6419011,matched_station_line,station_name+line:陸羽西線,Wikidata CC0
0,47,170,狩川,가리카와역,Q6370520,matched_station_line,station_name+line:陸羽西線,Wikidata CC0
0,47,172,南野,미나미노역,Q11408687,matched_station_line,station_name+line:陸羽西線,Wikidata CC0
0,47,198,鹿ノ谷,시카노타니역,Q7496539,matched_station_line,station_name+line:石勝線,Wikidata CC0
0,47,199,夕張,유바리역,Q8062709,matched_station_line,station_name+line:石勝線,Wikidata CC0
0,48,2,下野花岡,시모쓰케하나오카역,Q7497017,matched_station_line,station_name_only,Wikidata CC0
0,48,3,仁井田,니타역,Q7034487,matched_station_line,station_name+line:烏山線,Wikidata CC0
0,48,4,鴻野山,고노야마역,Q6455244,matched_station_line,station_name+line:烏山線,Wikidata CC0
0,48,5,大金,오가네역,Q8081465,matched_station_line,station_name+line:烏山線,Wikidata CC0
0,48,6,小塙,고바나역,Q6424264,matched_station_line,station_name+line:烏山線,Wikidata CC0
0,48,8,滝,다키역,Q7678283,matched_station_line,station_name+line:烏山線,Wikidata CC0
0,48,9,烏山,가라스야마역,Q6368662,matched_station_line,station_name+line:烏山線,Wikidata CC0
0,48,68,石動,이스루기역,Q5359671,matched_station_line,station_name+line:あいの風とやま鉄道線,Wikidata CC0
0,48,72,福岡,후쿠오카역,Q5361592,matched_station_line,station_name+line:あいの風とやま鉄道線,Wikidata CC0
0,48,75,西高岡,니시타카오카역,Q5359705,matched_station_line,station_name+line:あいの風とやま鉄道線,Wikidata CC0
0,48,76,高岡やぶなみ,다카오카야부나미역,Q28805225,matched_station_line,station_name+line:あいの風とやま鉄道線,Wikidata CC0
0,48,78,高岡,다카오카역,Q871547,matched_station_line,station_name+line:あいの風とやま鉄道線,Wikidata CC0
0,48,81,越中大門,엣추다이몬역,Q5359830,matched_station_line,station_name+line:あいの風とやま鉄道線,Wikidata CC0
0,48,84,小杉,고스기역,Q5359711,matched_station_line,station_name+line:あいの風とやま鉄道線,Wikidata CC0
0,48,88,呉羽,구레하역,Q5359643,matched_station_line,station_name+line:あいの風とやま鉄道線,Wikidata CC0
0,48,91,富山,도야마역,Q1053070,matched_station_line,station_name+line:あいの風とやま鉄道線,Wikidata CC0
0,48,93,新富山口,신토야마구치역,Q105545827,matched_station_line,station_name+line:あいの風とやま鉄道線,Wikidata CC0
0,48,95,東富山,히가시토야마역,Q5359944,matched_station_line,station_name+line:あいの風とやま鉄道線,Wikidata CC0
0,48,98,水橋,미즈하시역,Q5359616,matched_station_line,station_name+line:あいの風とやま鉄道線,Wikidata CC0
0,48,101,滑川,나메리카와역,Q5359984,matched_station_line,station_name+line:あいの風とやま鉄道線,Wikidata CC0
0,48,104,東滑川,히가시나메리카와역,Q5359850,matched_station_line,station_name+line:あいの風とやま鉄道線,Wikidata CC0
0,48,107,魚津,우오즈역,Q5359637,matched_station_line,station_name+line:あいの風とやま鉄道線,Wikidata CC0
0,48,110,黒部,구로베역,Q5359624,matched_station_line,station_name+line:あいの風とやま鉄道線,Wikidata CC0
0,48,113,生地,이쿠지역,Q5359690,matched_station_line,station_name+line:あいの風とやま鉄道線,Wikidata CC0
0,48,116,西入善,니시뉴젠역,Q5359656,matched_station_line,station_name+line:あいの風とやま鉄道線,Wikidata CC0
0,48,119,入善,뉴젠역,Q3701521,matched_station_line,station_name+line:あいの風とやま鉄道線,Wikidata CC0
0,48,122,泊,도마리역,Q5359691,matched_station_line,station_name+line:あいの風とやま鉄道線,Wikidata CC0
0,48,125,越中宮崎,엣추미야자키역,Q3701462,matched_station_line,station_name+line:あいの風とやま鉄道線,Wikidata CC0
0,48,129,北上,기타카미역,Q1136531,matched_station_line,station_name+line:北上線,Wikidata CC0
0,48,130,柳原,야나기하라역,Q8192546,matched_station_line,station_name+line:北上線,Wikidata CC0
0,48,131,江釣子,에즈리코역,Q5423449,matched_station_line,station_name+line:北上線,Wikidata CC0
0,48,132,藤根,후지네역,Q5507454,matched_station_line,station_name+line:北上線,Wikidata CC0
0,48,134,立川目,다테카와메역,Q7687999,matched_station_line,station_name+line:北上線,Wikidata CC0
0,48,135,横川目,요코카와메역,Q8054660,matched_station_line,station_name+line:北上線,Wikidata CC0
0,48,136,岩沢,이와사와역,Q6100712,matched_station_line,station_name+line:北上線,Wikidata CC0
0,48,137,和賀仙人,와카센닌역,Q7960735,matched_station_line,station_name+line:北上線,Wikidata CC0
0,48,139,ゆだ錦秋湖,유다킨슈코역,Q8192723,matched_station_line,station_name+line:北上線,Wikidata CC0
0,48,140,ほっとゆだ,홋토유다역,Q8193573,matched_station_line,station_name+line:北上線,Wikidata CC0
0,48,141,ゆだ高原,유다코겐역,Q8060216,matched_station_line,station_name+line:北上線,Wikidata CC0
0,48,142,黒沢,구로사와역,Q8192361,matched_station_line,station_name+line:北上線,Wikidata CC0
0,48,144,小松川,고마쓰카와역,Q6428220,matched_station_line,station_name+line:北上線,Wikidata CC0
0,48,145,平石,히라이시역,Q8193525,matched_station_line,station_name+line:北上線,Wikidata CC0
0,48,146,相野々,아이노노역,Q4697472,matched_station_line,station_name+line:北上線,Wikidata CC0
0,48,196,勇払,유후쓰역,Q11399956,matched_station_line,station_name+line:日高本線,Wikidata CC0
0,48,197,浜厚真,하마아쓰마역,Q5643908,matched_station_line,station_name+line:日高本線,Wikidata CC0
0,48,198,浜田浦,하마타우라역,Q5643913,matched_station_line,station_name+line:日高本線,Wikidata CC0
0,48,200,鵡川,무카와역,Q11675789,matched_station_line,station_name+line:日高本線,Wikidata CC0
0,48,228,西様似,니시사마니역,Q7040395,matched_station_line,station_name+line:日高本線,Wikidata CC0
0,48,229,様似,사마니역,Q7408595,matched_station_line,station_name+line:日高本線,Wikidata CC0
0,49,65,米子,요나고역,Q1139558,matched_station_line,station_name+line:境線,Wikidata CC0
0,49,66,博労町,바쿠로마치역,Q4207571,matched_station_line,station_name+line:境線,Wikidata CC0
0,49,67,富士見町,후지미초역,Q4207957,matched_station_line,station_name+line:境線,Wikidata CC0
0,49,68,後藤,고토역,Q4207591,matched_station_line,station_name+line:境線,Wikidata CC0
0,49,70,三本松口,산본마쓰구치역,Q4208015,matched_station_line,station_name+line:境線,Wikidata CC0
0,49,72,河崎口,가와사키구치역,Q4207940,matched_station_line,station_name+line:境線,Wikidata CC0
0,49,73,弓ケ浜,유미가하마역,Q4207618,matched_station_line,station_name+line:境線,Wikidata CC0
0,49,75,和田浜,와다하마역,Q4207602,matched_station_line,station_name+line:境線,Wikidata CC0
0,49,76,大篠津町,오시노즈초역,Q4207645,matched_station_line,station_name+line:境線,Wikidata CC0
0,49,77,米子空港,요나고쿠코 역,Q4207667,matched_station_line,station_name+line:境線,Wikidata CC0
0,49,79,中浜,나카하마역,Q4251606,matched_station_line,station_name+line:境線,Wikidata CC0
0,49,80,高松町,다카마쓰초역,Q4207615,matched_station_line,station_name+line:境線,Wikidata CC0
0,49,81,余子,아마리코역,Q4207986,matched_station_line,station_name+line:境線,Wikidata CC0
0,49,83,上道,아가리미치역,Q1107037,matched_station_line,station_name+line:境線,Wikidata CC0
0,49,84,馬場崎町,바바사키초역,Q4207950,matched_station_line,station_name+line:境線,Wikidata CC0
0,49,85,境港,사카이미나토역,Q7402786,matched_station_line,station_name+line:境線,Wikidata CC0
0,49,131,大釜,오카마역,Q8081544,matched_station_line,station_name+line:田沢湖線,Wikidata CC0
0,49,132,小岩井,고이와이역,Q6426387,matched_station_line,station_name+line:田沢湖線,Wikidata CC0
0,49,133,雫石,시즈쿠이시역,Q1137479,matched_station_line,station_name+line:田沢湖線,Wikidata CC0
0,49,134,春木場,하루키바역,Q5675737,matched_station_line,station_name+line:田沢湖線,Wikidata CC0
0,49,135,赤渕,아카부치역,Q4700066,matched_station_line,station_name+line:田沢湖線,Wikidata CC0
0,49,136,田沢湖,다자와코역,Q692529,matched_station_line,station_name+line:田沢湖線,Wikidata CC0
0,49,137,刺巻,사시마키역,Q7425133,matched_station_line,station_name+line:田沢湖線,Wikidata CC0
0,49,139,神代,진다이역,Q6202081,matched_station_line,station_name+line:田沢湖線,Wikidata CC0
0,49,140,生田,쇼덴역,Q7506095,matched_station_line,station_name+line:田沢湖線,Wikidata CC0
0,49,141,角館,가쿠노다테역,Q1137025,matched_station_line,station_name+line:田沢湖線,Wikidata CC0
0,49,142,鶯野,우구이스노역,Q7877931,matched_station_line,station_name+line:田沢湖線,Wikidata CC0
0,49,144,羽後長野,우고나가노역,Q8192219,matched_station_line,station_name+line:田沢湖線,Wikidata CC0
0,49,145,鑓見内,야리미나이역,Q8049341,matched_station_line,station_name+line:田沢湖線,Wikidata CC0
0,49,146,羽後四ツ屋,우고요쓰야역,Q7877845,matched_station_line,station_name+line:田沢湖線,Wikidata CC0
0,49,147,北大曲,기타오마가리역,Q6417640,matched_station_line,station_name+line:田沢湖線,Wikidata CC0
0,50,2,常陸青柳,히타치아오야기역,Q5871587,matched_station_line,station_name+line:水郡線,Wikidata CC0
0,50,3,常陸津田,히타치쓰다역,Q5871609,matched_station_line,station_name+line:水郡線,Wikidata CC0
0,50,4,後台,고다이역,Q5576119,matched_station_line,station_name+line:水郡線,Wikidata CC0
0,50,6,下菅谷,시모스가야역,Q7496935,matched_station_line,station_name+line:水郡線,Wikidata CC0
0,50,7,中菅谷,나카스가야역,Q6960095,matched_station_line,station_name+line:水郡線,Wikidata CC0
0,50,8,上菅谷,가미스가야역,Q6357196,matched_station_line,station_name+line:水郡線,Wikidata CC0
0,50,9,常陸鴻巣,히타치코노스역,Q5871600,matched_station_line,station_name+line:水郡線,Wikidata CC0
0,50,11,瓜連,우리즈라역,Q7900656,matched_station_line,station_name+line:水郡線,Wikidata CC0
0,50,12,静,시즈역,Q7499473,matched_station_line,station_name+line:水郡線,Wikidata CC0
0,50,13,常陸大宮,히타치오미야역,Q5871607,matched_station_line,station_name+line:水郡線,Wikidata CC0
0,50,14,玉川村,다마가와무라역,Q7680541,matched_station_line,station_name+line:水郡線,Wikidata CC0
0,50,16,野上原,노가미하라역,Q11644956,matched_station_line,station_name+line:水郡線,Wikidata CC0
0,50,17,山方宿,야마가타주쿠역,Q8047626,matched_station_line,station_name+line:水郡線,Wikidata CC0
0,50,18,中舟生,나카후뉴역,Q6960079,matched_station_line,station_name+line:水郡線,Wikidata CC0
0,50,19,下小川,시모오가와역,Q7496929,matched_station_line,station_name+line:水郡線,Wikidata CC0
0,50,21,西金,사이가네역,Q7400054,matched_station_line,station_name+line:水郡線,Wikidata CC0
0,50,22,上小川,가미오가와역,Q6357184,matched_station_line,station_name+line:水郡線,Wikidata CC0
0,50,23,袋田,후쿠로다역,Q5507709,matched_station_line,station_name+line:水郡線,Wikidata CC0
0,50,24,常陸大子,히타치다이고역,Q11481693,matched_station_line,station_name+line:水郡線,Wikidata CC0
0,50,26,下野宮,시모노미야역,Q7497007,matched_station_line,station_name+line:水郡線,Wikidata CC0
0,50,27,矢祭山,야마쓰리야마역,Q8048000,matched_station_line,station_name+line:水郡線,Wikidata CC0
0,50,28,東館,히가시다테역,Q5753994,matched_station_line,station_name+line:水郡線,Wikidata CC0
0,50,29,南石井,미나미이시이역,Q11408311,matched_station_line,station_name+line:水郡線,Wikidata CC0
0,50,31,磐城石井,이와키이시이역,Q6100359,matched_station_line,station_name+line:水郡線,Wikidata CC0
0,50,32,磐城塙,이와키하나와역,Q11587867,matched_station_line,station_name+line:水郡線,Wikidata CC0
0,50,33,近津,지카쓰역,Q5097397,matched_station_line,station_name+line:水郡線,Wikidata CC0
0,50,34,中豊,나카토요역,Q6960351,matched_station_line,station_name+line:水郡線,Wikidata CC0
0,50,36,磐城棚倉,이와키타나쿠라역,Q11587870,matched_station_line,station_name+line:水郡線,Wikidata CC0
0,50,37,磐城浅川,이와키아사카와역,Q6100351,matched_station_line,station_name+line:水郡線,Wikidata CC0
0,50,38,里白石,사토시라이시역,Q7426430,matched_station_line,station_name+line:水郡線,Wikidata CC0
0,50,39,磐城石川,이와키이시카와역,Q11587873,matched_station_line,station_name+line:水郡線,Wikidata CC0
0,50,41,野木沢,노기사와역,Q7047495,matched_station_line,station_name+line:水郡線,Wikidata CC0
0,50,42,川辺沖,가와베오키역,Q6379436,matched_station_line,station_name+line:水郡線,Wikidata CC0
0,50,43,泉郷,이즈미고역,Q11554944,matched_station_line,station_name+line:水郡線,Wikidata CC0
0,50,44,川東,가와히가시역,Q11478848,matched_station_line,station_name+line:水郡線,Wikidata CC0
0,50,46,小塩江,오시오에역,Q11459562,matched_station_line,station_name+line:水郡線,Wikidata CC0
0,50,47,谷田川,야타가와역,Q11633047,matched_station_line,station_name+line:水郡線,Wikidata CC0
0,50,48,磐城守山,이와키모리야마역,Q11587868,matched_station_line,station_name+line:水郡線,Wikidata CC0
0,50,102,船佐,후나사역,Q3661633,matched_station_line,station_name+line:三江線,Wikidata CC0
0,50,103,長谷,나가타니역,Q6958673,matched_station_line,station_name+line:三江線,Wikidata CC0
0,50,193,深川,후카가와역,Q1057370,matched_station_line,station_name+line:留萌本線,Wikidata CC0
0,50,194,北一已,기타이치얀역,Q11400832,matched_station_line,station_name+line:留萌本線,Wikidata CC0
0,50,195,秩父別,짓푸베쓰역,Q5101718,matched_station_line,station_name+line:留萌本線,Wikidata CC0
0,50,196,北秩父別,기타칫푸베쓰역,Q11403908,matched_station_line,station_name+line:留萌本線,Wikidata CC0
0,50,198,石狩沼田,이시카리누마타역,Q6080238,matched_station_line,station_name+line:留萌本線,Wikidata CC0
0,50,199,真布,맛푸역,Q6754195,matched_station_line,station_name+line:留萌本線,Wikidata CC0
0,50,200,恵比島,에비시마역,Q5331866,matched_station_line,station_name+line:留萌本線,Wikidata CC0
0,50,201,峠下,도게시타역,Q11476057,matched_station_line,station_name+line:留萌本線,Wikidata CC0
0,50,204,幌糠,호로누카역,Q5904880,matched_station_line,station_name+line:留萌本線,Wikidata CC0
0,50,206,藤山,후지야마역,Q5507552,matched_station_line,station_name+line:留萌本線,Wikidata CC0
0,50,209,留萌,루모이역,Q1590680,matched_station_line,station_name+line:留萌本線,Wikidata CC0
0,50,218,箸別,하시베쓰역,Q5678956,matched_station_line,station_name_only,Wikidata CC0
0,50,219,増毛,마시케역,Q6783152,matched_station_line,station_name+line:留萌本線,Wikidata CC0
0,51,2,南酒出,미나미사카이데역,Q6862962,matched_station_line,station_name+line:水郡線,Wikidata CC0
0,51,3,額田,누카다역,Q7068845,matched_station_line,station_name+line:水郡線,Wikidata CC0
0,51,4,河合,가와이역,Q6379532,matched_station_line,station_name+line:水郡線,Wikidata CC0
0,51,6,谷河原,야가와라역,Q8046691,matched_station_line,station_name+line:水郡線,Wikidata CC0
0,51,7,常陸太田,히타치오타역,Q1305575,matched_station_line,station_name+line:水郡線,Wikidata CC0
0,51,66,浜河内,하마고치역,Q5643995,matched_station_line,station_name+line:小野田線,Wikidata CC0
0,51,67,長門本山,나가토모토야마역,Q6958683,matched_station_line,station_name+line:小野田線,Wikidata CC0
0,51,129,好摩,고마역,Q6455207,matched_station_line,station_name+line:花輪線,Wikidata CC0
0,51,130,東大更,히가시오부케역,Q11526488,matched_station_line,station_name+line:花輪線,Wikidata CC0
0,51,131,大更,오부케역,Q8081429,matched_station_line,station_name+line:花輪線,Wikidata CC0
0,51,132,平館,다이라다테역,Q7676369,matched_station_line,station_name+line:花輪線,Wikidata CC0
0,51,134,北森,기타모리역,Q11402267,matched_station_line,station_name+line:花輪線,Wikidata CC0
0,51,135,松尾八幡平,마쓰오하치만타이역,Q6788180,matched_station_line,station_name+line:花輪線,Wikidata CC0
0,51,136,安比高原,앗피코겐역,Q4781066,matched_station_line,station_name+line:花輪線,Wikidata CC0
0,51,137,赤坂田,아카사카타역,Q4700320,matched_station_line,station_name+line:花輪線,Wikidata CC0
0,51,139,小屋の畑,고야노하타역,Q6435143,matched_station_line,station_name+line:花輪線,Wikidata CC0
0,51,140,荒屋新町,아라야신마치역,Q4784558,matched_station_line,station_name+line:花輪線,Wikidata CC0
0,51,141,横間,요코마역,Q8054663,matched_station_line,station_name+line:花輪線,Wikidata CC0
0,51,142,田山,다야마역,Q7689750,matched_station_line,station_name+line:花輪線,Wikidata CC0
0,51,144,兄畑,아니하타역,Q4764591,matched_station_line,station_name+line:花輪線,Wikidata CC0
0,51,145,湯瀬温泉,유제온센역,Q8062247,matched_station_line,station_name+line:花輪線,Wikidata CC0
0,51,146,八幡平,하치만타이역,Q5637061,matched_station_line,station_name+line:花輪線,Wikidata CC0
0,51,147,陸中大里,리쿠추오사토역,Q7334122,matched_station_line,station_name+line:花輪線,Wikidata CC0
0,51,149,鹿角花輪,가즈노하나와역,Q6381606,matched_station_line,station_name+line:花輪線,Wikidata CC0
0,51,150,柴平,시바히라역,Q7496012,matched_station_line,station_name+line:花輪線,Wikidata CC0
0,51,151,十和田南,도와다미나미역,Q7829526,matched_station_line,station_name+line:花輪線,Wikidata CC0
0,51,152,末広,스에히로역,Q7634367,matched_station_line,station_name+line:花輪線,Wikidata CC0
0,51,154,土深井,도부카이역,Q5286980,matched_station_line,station_name+line:花輪線,Wikidata CC0
0,51,155,沢尻,사와지리역,Q7428554,matched_station_line,station_name+line:花輪線,Wikidata CC0
0,51,156,十二所,주니쇼역,Q11404801,matched_station_line,station_name+line:花輪線,Wikidata CC0
0,51,157,大滝温泉,오타키온센역,Q8081751,matched_station_line,station_name+line:花輪線,Wikidata CC0
0,51,159,扇田,오기타역,Q8081473,matched_station_line,station_name+line:花輪線,Wikidata CC0
0,51,160,東大館,히가시오다테역,Q5753940,matched_station_line,station_name+line:花輪線,Wikidata CC0
0,52,1,下館,시모다테역,Q7496954,matched_station_line,station_name+line:真岡鐵道真岡線,Wikidata CC0
0,52,2,下館二高前,시모다테니코마에역,Q7496950,matched_station_line,station_name+line:真岡鐵道真岡線,Wikidata CC0
0,52,3,折本,오리모토역,Q7102680,matched_station_line,station_name+line:真岡鐵道真岡線,Wikidata CC0
0,52,4,ひぐち,히구치역,Q5760181,matched_station_line,station_name+line:真岡鐵道真岡線,Wikidata CC0
0,52,5,久下田,구게타역,Q6441968,matched_station_line,station_name+line:真岡鐵道真岡線,Wikidata CC0
0,52,6,寺内,데라우치역,Q7701643,matched_station_line,station_name+line:真岡鐵道真岡線,Wikidata CC0
0,52,7,真岡,모카역,Q6907305,matched_station_line,station_name+line:真岡鐵道真岡線,Wikidata CC0
0,52,8,北真岡,기타모카역,Q6417569,matched_station_line,station_name+line:真岡鐵道真岡線,Wikidata CC0
0,52,9,西田井,니시다이역,Q337972,matched_station_line,station_name+line:真岡鐵道真岡線,Wikidata CC0
0,52,10,北山,기타야마역,Q6417936,matched_station_line,station_name+line:真岡鐵道真岡線,Wikidata CC0
0,52,11,益子,마시코역,Q6783153,matched_station_line,station_name+line:真岡鐵道真岡線,Wikidata CC0
0,52,12,七井,나나이역,Q6962361,matched_station_line,station_name+line:真岡鐵道真岡線,Wikidata CC0
0,52,13,多田羅,다타라역,Q7687886,matched_station_line,station_name+line:真岡鐵道真岡線,Wikidata CC0
0,52,14,市塙,이치하나역,Q5986130,matched_station_line,station_name+line:真岡鐵道真岡線,Wikidata CC0
0,52,15,笹原田,사사하라다역,Q7424980,matched_station_line,station_name+line:真岡鐵道真岡線,Wikidata CC0
0,52,16,天矢場,덴야바역,Q7699102,matched_station_line,station_name+line:真岡鐵道真岡線,Wikidata CC0
0,52,17,茂木,모테기역,Q6917169,matched_station_line,station_name+line:真岡鐵道真岡線,Wikidata CC0
0,52,93,敦賀,쓰루가역,Q5364670,matched_station_line,station_name+line:ハピラインふくい線,Wikidata CC0
0,52,95,南今庄,미나미이마조역,Q5359879,matched_station_line,station_name+line:ハピラインふくい線,Wikidata CC0
0,52,97,今庄,이마조역,Q5359962,matched_station_line,station_name+line:ハピラインふくい線,Wikidata CC0
0,52,99,湯尾,유노오역,Q5359995,matched_station_line,station_name+line:ハピラインふくい線,Wikidata CC0
0,52,101,南条,난조역,Q5360318,matched_station_line,station_name+line:ハピラインふくい線,Wikidata CC0
0,52,103,王子保,오시오역,Q5359890,matched_station_line,station_name+line:ハピラインふくい線,Wikidata CC0
0,52,104,しきぶ,시키부역,Q124466758,matched_station_line,station_name+line:ハピラインふくい線,Wikidata CC0
0,52,105,武生,다케후역,Q2815926,matched_station_line,station_name+line:ハピラインふくい線,Wikidata CC0
0,52,107,鯖江,사바에역,Q5359863,matched_station_line,station_name+line:ハピラインふくい線,Wikidata CC0
0,52,109,北鯖江,기타사바에역,Q5359902,matched_station_line,station_name+line:ハピラインふくい線,Wikidata CC0
0,52,111,大土呂,오도로역,Q5359873,matched_station_line,station_name+line:ハピラインふくい線,Wikidata CC0
0,52,113,越前花堂,에치젠하난도역,Q898457,matched_station_line,station_name+line:ハピラインふくい線,Wikidata CC0
0,52,115,福井,후쿠이역,Q867992,matched_station_line,station_name+line:ハピラインふくい線,Wikidata CC0
0,52,117,森田,모리타역,Q5359882,matched_station_line,station_name+line:ハピラインふくい線,Wikidata CC0
0,52,119,春江,하루에역,Q5359897,matched_station_line,station_name+line:ハピラインふくい線,Wikidata CC0
0,52,121,丸岡,마루오카역,Q5359723,matched_station_line,station_name+line:ハピラインふくい線,Wikidata CC0
0,52,123,芦原温泉,아와라온센역,Q4829830,matched_station_line,station_name+line:ハピラインふくい線,Wikidata CC0
0,52,125,細呂木,호소로기역,Q5359908,matched_station_line,station_name+line:ハピラインふくい線,Wikidata CC0
0,52,127,牛ノ谷,우시노야역,Q5359834,matched_station_line,station_name+line:ハピラインふくい線,Wikidata CC0
0,52,128,大聖寺,다이쇼지역,Q3701465,matched_station_line,station_name+line:ハピラインふくい線,Wikidata CC0
0,52,193,富良野,후라노역,Q898913,matched_station_line,station_name+line:富良野線,Wikidata CC0
0,52,194,学田,가쿠덴역,Q1305576,matched_station_line,station_name+line:富良野線,Wikidata CC0
0,52,195,鹿討,시카우치역,Q7496569,matched_station_line,station_name+line:富良野線,Wikidata CC0
0,52,196,中富良野,나카후라노역,Q6960084,matched_station_line,station_name+line:富良野線,Wikidata CC0
0,52,197,ラベンダー畑,라벤더바타케역,Q6502520,matched_station_line,station_name+line:富良野線,Wikidata CC0
0,52,198,西中,니시나카역,Q7040640,matched_station_line,station_name+line:富良野線,Wikidata CC0
0,52,199,上富良野,가미후라노역,Q6357110,matched_station_line,station_name+line:富良野線,Wikidata CC0
0,52,200,美馬牛,비바우시역,Q4902965,matched_station_line,station_name+line:富良野線,Wikidata CC0
0,52,201,美瑛,비에이역,Q867979,matched_station_line,station_name+line:富良野線,Wikidata CC0
0,52,203,北美瑛,기타비에이역,Q6417520,matched_station_line,station_name+line:富良野線,Wikidata CC0
0,52,204,千代ヶ岡,지요가오카역,Q5102629,matched_station_line,station_name+line:富良野線,Wikidata CC0
0,52,205,西聖和,니시세이와역,Q7040398,matched_station_line,station_name+line:富良野線,Wikidata CC0
0,52,206,西神楽,니시카구라역,Q8191113,matched_station_line,station_name+line:富良野線,Wikidata CC0
0,52,208,西瑞穂,니시미즈호역,Q7040380,matched_station_line,station_name+line:富良野線,Wikidata CC0
0,52,209,西御料,니시고료역,Q7040338,matched_station_line,station_name+line:富良野線,Wikidata CC0
0,52,210,緑が丘,미도리가오카역,Q8192222,matched_station_line,station_name+line:富良野線,Wikidata CC0
0,52,211,神楽岡,가구라오카역,Q864424,matched_station_line,station_name+line:富良野線,Wikidata CC0
0,53,2,川岸,가와기시역,Q843948,matched_station_line,station_name+line:中央本線,Wikidata CC0
0,53,4,辰野,다쓰노역,Q843973,matched_station_line,station_name+line:中央本線,Wikidata CC0
0,53,5,信濃川島,시나노카와시마역,Q7497262,matched_station_line,station_name+line:中央本線,Wikidata CC0
0,53,6,小野,오노 역 (나가노 현),Q7094422,matched_station_line,station_name+line:中央本線,Wikidata CC0
0,53,11,北与野,기타요노역,Q844444,matched_station_line,station_name+line:東北本線,Wikidata CC0
0,53,13,与野本町,요노혼마치역,Q844390,matched_station_line,station_name+line:東北本線,Wikidata CC0
0,53,15,南与野,미나미요노역,Q844368,matched_station_line,station_name+line:東北本線,Wikidata CC0
0,53,17,中浦和,나카우라와역,Q844419,matched_station_line,station_name+line:東北本線,Wikidata CC0
0,53,21,北戸田,기타토다역,Q844358,matched_station_line,station_name+line:東北本線,Wikidata CC0
0,53,23,戸田,도다역,Q844437,matched_station_line,station_name+line:東北本線,Wikidata CC0
0,53,25,戸田公園,도다코엔역,Q844571,matched_station_line,station_name+line:東北本線,Wikidata CC0
0,53,27,浮間舟渡,우키마후나도역,Q844434,matched_station_line,station_name+line:東北本線,Wikidata CC0
0,53,29,北赤羽,기타아카바네역,Q844401,matched_station_line,station_name+line:東北本線,Wikidata CC0
0,53,66,植松,우에마쓰역,Q7877451,matched_station_line,station_name+line:本四備讃線,Wikidata CC0
0,53,67,木見,기미역,Q6410088,matched_station_line,station_name+line:本四備讃線,Wikidata CC0
0,53,69,上の町,가미노초역,Q6799185,matched_station_line,station_name+line:本四備讃線,Wikidata CC0
0,53,71,児島,고지마역,Q4981057,matched_station_line,station_name+line:本四備讃線,Wikidata CC0
0,54,2,本千葉,혼치바역,Q4389608,matched_station_line,station_name+line:外房線,Wikidata CC0
0,54,3,蘇我,소가역,Q844422,matched_station_line,station_name+line:外房線,Wikidata CC0
0,54,5,鎌取,가마토리역,Q5353463,matched_station_line,station_name+line:外房線,Wikidata CC0
0,54,7,誉田,혼다역,Q5353370,matched_station_line,station_name+line:外房線,Wikidata CC0
0,54,9,土気,도케역,Q5353420,matched_station_line,station_name+line:外房線,Wikidata CC0
0,54,10,大網,오아미역,Q5353488,matched_station_line,station_name+line:外房線,Wikidata CC0
0,54,11,永田,나가타역,Q564453,matched_station_line,station_name+line:外房線,Wikidata CC0
0,54,12,本納,혼노역,Q564470,matched_station_line,station_name+line:外房線,Wikidata CC0
0,54,14,新茂原,신모바라역,Q564465,matched_station_line,station_name+line:外房線,Wikidata CC0
0,54,15,茂原,모바라역,Q564427,matched_station_line,station_name+line:外房線,Wikidata CC0
0,54,16,八積,야쓰미역,Q564445,matched_station_line,station_name+line:外房線,Wikidata CC0
0,54,17,上総一ノ宮,가즈사이치노미야역,Q564483,matched_station_line,station_name+line:外房線,Wikidata CC0
0,54,19,東浪見,도라미역,Q564474,matched_station_line,station_name+line:外房線,Wikidata CC0
0,54,20,太東,다이토역,Q564210,matched_station_line,station_name+line:外房線,Wikidata CC0
0,54,21,長者町,조자마치역,Q564439,matched_station_line,station_name+line:外房線,Wikidata CC0
0,54,22,三門,미카도역,Q564431,matched_station_line,station_name+line:外房線,Wikidata CC0
0,54,24,大原,오하라역,Q552811,matched_station_line,station_name+line:外房線,Wikidata CC0
0,54,25,浪花,나미하나역,Q552791,matched_station_line,station_name+line:外房線,Wikidata CC0
0,54,26,御宿,온주쿠역,Q552783,matched_station_line,station_name+line:外房線,Wikidata CC0
0,54,27,勝浦,가쓰우라역,Q553034,matched_station_line,station_name+line:外房線,Wikidata CC0
0,54,28,鵜原,우바라역,Q553006,matched_station_line,station_name+line:外房線,Wikidata CC0
0,54,30,上総興津,가즈사오키쓰역,Q553023,matched_station_line,station_name+line:外房線,Wikidata CC0
0,54,31,行川アイランド,나메가와 아일랜드역,Q552818,matched_station_line,station_name+line:外房線,Wikidata CC0
0,54,32,安房小湊,아와코미나토역,Q552825,matched_station_line,station_name+line:外房線,Wikidata CC0
0,54,33,安房天津,아와아마쓰역,Q553048,matched_station_line,station_name+line:外房線,Wikidata CC0
0,54,34,安房鴨川,아와카모가와역,Q552842,matched_station_line,station_name+line:外房線,Wikidata CC0
0,54,129,米沢,요네자와역,Q1137040,matched_station_line,station_name+line:米坂線,Wikidata CC0
0,54,130,南米沢,미나미요네자와역,Q11408340,matched_station_line,station_name+line:米坂線,Wikidata CC0
0,54,131,西米沢,니시요네자와역,Q11629372,matched_station_line,station_name+line:米坂線,Wikidata CC0
0,54,132,成島,나루시마역,Q6966476,matched_station_line,station_name+line:米坂線,Wikidata CC0
0,54,134,中郡,주군역,Q5119017,matched_station_line,station_name+line:米坂線,Wikidata CC0
0,54,135,羽前小松,우젠코마쓰역,Q7904818,matched_station_line,station_name+line:米坂線,Wikidata CC0
0,54,136,犬川,이누카와역,Q6059280,matched_station_line,station_name+line:米坂線,Wikidata CC0
0,54,137,今泉,이마이즈미역,Q6002988,matched_station_line,station_name+line:米坂線,Wikidata CC0
0,54,141,手ノ子,데노코역,Q7700549,matched_station_line,station_name+line:米坂線,Wikidata CC0
0,54,142,羽前沼沢,우젠누마자와역,Q7904862,matched_station_line,station_name+line:米坂線,Wikidata CC0
0,54,144,伊佐領,이사료역,Q6078999,matched_station_line,station_name+line:米坂線,Wikidata CC0
0,54,145,羽前松岡,우젠마쓰오카역,Q7904826,matched_station_line,station_name+line:米坂線,Wikidata CC0
0,54,146,小国,오구니역,Q7080290,matched_station_line,station_name+line:米坂線,Wikidata CC0
0,54,149,越後金丸,에치고카나마루역,Q5332413,matched_station_line,station_name+line:米坂線,Wikidata CC0
0,54,150,越後片貝,에치고카타카이역,Q5332417,matched_station_line,station_name+line:米坂線,Wikidata CC0
0,54,151,越後下関,에치고시모세키역,Q5332420,matched_station_line,station_name+line:米坂線,Wikidata CC0
0,54,152,越後大島,에치고오시마역,Q5332428,matched_station_line,station_name+line:米坂線,Wikidata CC0
0,55,5,浜野,하마노역,Q571740,matched_station_line,station_name+line:内房線,Wikidata CC0
0,55,6,八幡宿,야와타주쿠역,Q573497,matched_station_line,station_name+line:内房線,Wikidata CC0
0,55,7,五井,고이역,Q573427,matched_station_line,station_name+line:内房線,Wikidata CC0
0,55,9,姉ケ崎,아네가사키역,Q573432,matched_station_line,station_name+line:内房線,Wikidata CC0
0,55,11,長浦,나가우라역,Q573425,matched_station_line,station_name+line:内房線,Wikidata CC0
0,55,12,袖ケ浦,소데가우라역,Q573413,matched_station_line,station_name+line:内房線,Wikidata CC0
0,55,13,巌根,이와네역,Q573420,matched_station_line,station_name+line:内房線,Wikidata CC0
0,55,14,木更津,기사라즈역,Q575433,matched_station_line,station_name+line:内房線,Wikidata CC0
0,55,16,君津,기미쓰역,Q575422,matched_station_line,station_name+line:内房線,Wikidata CC0
0,55,17,青堀,아오호리역,Q558935,matched_station_line,station_name+line:内房線,Wikidata CC0
0,55,18,大貫,오누키역,Q558903,matched_station_line,station_name+line:内房線,Wikidata CC0
0,55,19,佐貫町,사누키마치역,Q558870,matched_station_line,station_name+line:内房線,Wikidata CC0
0,55,21,上総湊,가즈사미나토역,Q558554,matched_station_line,station_name+line:内房線,Wikidata CC0
0,55,22,竹岡,다케오카역,Q558883,matched_station_line,station_name+line:内房線,Wikidata CC0
0,55,23,浜金谷,하마카나야역,Q558560,matched_station_line,station_name+line:内房線,Wikidata CC0
0,55,24,保田,호타역,Q558549,matched_station_line,station_name+line:内房線,Wikidata CC0
0,55,26,安房勝山,아와카쓰야마역,Q558545,matched_station_line,station_name+line:内房線,Wikidata CC0
0,55,27,岩井,이와이역,Q556710,matched_station_line,station_name+line:内房線,Wikidata CC0
0,55,28,富浦,도미우라역,Q556722,matched_station_line,station_name+line:内房線,Wikidata CC0
0,55,29,那古船形,나코후나카타역,Q556700,matched_station_line,station_name+line:内房線,Wikidata CC0
0,55,31,館山,다테야마역,Q553883,matched_station_line,station_name+line:内房線,Wikidata CC0
0,55,32,九重,고코노에역,Q553860,matched_station_line,station_name+line:内房線,Wikidata CC0
0,55,33,千倉,지쿠라역,Q553855,matched_station_line,station_name+line:内房線,Wikidata CC0
0,55,34,千歳,지토세역,Q553875,matched_station_line,station_name+line:内房線,Wikidata CC0
0,55,36,南三原,미나미하라역,Q553865,matched_station_line,station_name+line:内房線,Wikidata CC0
0,55,37,和田浦,와다우라역,Q553736,matched_station_line,station_name+line:内房線,Wikidata CC0
0,55,38,江見,에미역,Q553871,matched_station_line,station_name+line:内房線,Wikidata CC0
0,55,39,太海,후토미역,Q553805,matched_station_line,station_name+line:内房線,Wikidata CC0
0,55,129,赤湯,아카유역,Q1137103,matched_station_line,station_name+line:フラワー長井線,Wikidata CC0
0,55,138,今泉,이마이즈미역,Q6002988,matched_station_line,station_name+line:フラワー長井線,Wikidata CC0
0,56,65,盛岡,모리오카역,Q785390,matched_station_line,station_name+line:いわて銀河鉄道線,Wikidata CC0
0,56,72,好摩,고마역,Q6455207,matched_station_line,station_name+line:いわて銀河鉄道線,Wikidata CC0
0,56,76,御堂,미도역,Q6843506,matched_station_line,station_name+line:いわて銀河鉄道線,Wikidata CC0
0,56,86,目時,메토키역,Q6824222,matched_station_line,station_name+line:いわて銀河鉄道線,Wikidata CC0
0,57,3,久住,구즈미역,Q6449307,matched_station_line,station_name+line:成田線,Wikidata CC0
0,57,5,滑河,나메가와역,Q6961565,matched_station_line,station_name+line:成田線,Wikidata CC0
0,57,7,下総神崎,시모사코자키역,Q7497064,matched_station_line,station_name+line:成田線,Wikidata CC0
0,57,8,大戸,오토역,Q8081763,matched_station_line,station_name+line:成田線,Wikidata CC0
0,57,9,佐原,사와라역,Q5359841,matched_station_line,station_name+line:成田線,Wikidata CC0
0,57,10,香取,가토리역,Q6377809,matched_station_line,station_name+line:成田線,Wikidata CC0
0,57,12,水郷,스이고역,Q7635422,matched_station_line,station_name+line:成田線,Wikidata CC0
0,57,13,小見川,오미가와역,Q7090185,matched_station_line,station_name+line:成田線,Wikidata CC0
0,57,14,笹川,사사가와역,Q7424969,matched_station_line,station_name+line:成田線,Wikidata CC0
0,57,15,下総橘,시모사타치바나역,Q7497065,matched_station_line,station_name+line:成田線,Wikidata CC0
0,57,16,下総豊里,시모사토요사토역,Q7497068,matched_station_line,station_name+line:成田線,Wikidata CC0
0,57,17,椎柴,시시바역,Q7496496,matched_station_line,station_name+line:成田線,Wikidata CC0
0,57,65,目時,메토키역,Q6824222,matched_station_line,station_name+line:青い森鉄道線,Wikidata CC0
0,57,71,北高岩,기타타카이와역,Q5357135,matched_station_line,station_name+line:青い森鉄道線,Wikidata CC0
0,57,72,八戸,하치노헤역,Q800866,matched_station_line,station_name+line:青い森鉄道線,Wikidata CC0
0,57,73,陸奥市川,무쓰이치카와역,Q5356831,matched_station_line,station_name+line:青い森鉄道線,Wikidata CC0
0,57,79,三沢,미사와역,Q5924504,matched_station_line,station_name+line:青い森鉄道線,Wikidata CC0
0,57,89,野辺地,노헤지역,Q6393634,matched_station_line,station_name+line:青い森鉄道線,Wikidata CC0
0,57,91,狩場沢,가리바사와역,Q6370477,matched_station_line,station_name+line:青い森鉄道線,Wikidata CC0
0,57,107,東青森,히가시아오모리역,Q5753477,matched_station_line,station_name+line:青い森鉄道線,Wikidata CC0
0,57,110,青森,아오모리역,Q59516,matched_station_line,station_name+line:青い森鉄道線,Wikidata CC0
0,57,130,油川,아부라카와역,Q4670655,matched_station_line,station_name+line:津軽線,Wikidata CC0
0,57,131,津軽宮田,쓰가루미야타역,Q7849959,matched_station_line,station_name+line:津軽線,Wikidata CC0
0,57,132,奥内,오쿠나이역,Q7082749,matched_station_line,station_name+line:津軽線,Wikidata CC0
0,57,134,左堰,히다리세키역,Q5751637,matched_station_line,station_name+line:津軽線,Wikidata CC0
0,57,135,後潟,우시로가타역,Q7901961,matched_station_line,station_name+line:津軽線,Wikidata CC0
0,57,136,中沢,나카사와역,Q11366389,matched_station_line,station_name+line:津軽線,Wikidata CC0
0,57,137,蓬田,요모기타역,Q8054868,matched_station_line,station_name+line:津軽線,Wikidata CC0
0,57,139,郷沢,고사와역,Q5627759,matched_station_line,station_name+line:津軽線,Wikidata CC0
0,57,140,瀬辺地,세헤지역,Q7446505,matched_station_line,station_name+line:津軽線,Wikidata CC0
0,57,141,蟹田,가니타역,Q6363288,matched_station_line,station_name+line:津軽線,Wikidata CC0
0,57,142,中小国,나카오구니역,Q4528111,matched_station_line,station_name+line:津軽線,Wikidata CC0
0,57,144,大平,오다이역,Q8081435,matched_station_line,station_name+line:津軽線,Wikidata CC0
0,57,145,津軽二股,쓰가루후타마타역,Q7849955,matched_station_line,station_name+line:津軽線,Wikidata CC0
0,57,146,大川平,오카와다이역,Q8081557,matched_station_line,station_name+line:津軽線,Wikidata CC0
0,57,147,今別,이마베쓰역,Q6001932,matched_station_line,station_name+line:津軽線,Wikidata CC0
0,57,149,津軽浜名,쓰가루하마나역,Q7849957,matched_station_line,station_name+line:津軽線,Wikidata CC0
0,57,150,三厩,민마야역,Q6867880,matched_station_line,station_name+line:津軽線,Wikidata CC0
0,58,1,木更津,기사라즈역,Q575433,matched_station_line,station_name+line:久留里線,Wikidata CC0
0,58,2,祇園,기온역,Q5563370,matched_station_line,station_name+line:久留里線,Wikidata CC0
0,58,3,上総清川,가즈사키요카와역,Q11360046,matched_station_line,station_name+line:久留里線,Wikidata CC0
0,58,4,東清川,히가시키요카와역,Q11527993,matched_station_line,station_name+line:久留里線,Wikidata CC0
0,58,5,横田,요코타역,Q8054678,matched_station_line,station_name+line:久留里線,Wikidata CC0
0,58,6,東横田,히가시요코타역,Q5753915,matched_station_line,station_name+line:久留里線,Wikidata CC0
0,58,7,馬来田,마쿠타역,Q6740491,matched_station_line,station_name+line:久留里線,Wikidata CC0
0,58,8,下郡,시모고리역,Q7496964,matched_station_line,station_name+line:久留里線,Wikidata CC0
0,58,10,小櫃,오비쓰역,Q7074984,matched_station_line,station_name+line:久留里線,Wikidata CC0
0,58,11,俵田,다와라다역,Q7689221,matched_station_line,station_name+line:久留里線,Wikidata CC0
0,58,12,久留里,구루리역,Q6447492,matched_station_line,station_name+line:久留里線,Wikidata CC0
0,58,13,平山,히라야마역,Q11482566,matched_station_line,station_name+line:久留里線,Wikidata CC0
0,58,15,上総松丘,가즈사마쓰오카역,Q6381711,matched_station_line,station_name+line:久留里線,Wikidata CC0
0,58,16,上総亀山,가즈사카메야마역,Q6381705,matched_station_line,station_name+line:久留里線,Wikidata CC0
0,58,20,空港第2ビル,공항 제2빌딩역,Q841454,matched_station_line,station_name+line:京成成田空港線,Wikidata CC0
0,58,22,成田空港,나리타 공항역,Q906732,matched_station_line,station_name+line:京成成田空港線,Wikidata CC0
0,58,80,上越妙高,조에쓰묘코역,Q15629351,matched_station_line,station_name+line:妙高はねうまライン,Wikidata CC0
0,58,92,直江津,나오에쓰역,Q130065,matched_station_line,station_name+line:妙高はねうまライン,Wikidata CC0
0,58,115,えちご押上ひすい海岸,에치고오시아게히스이카이간역,Q98196090,matched_station_line,station_name+line:日本海ひすいライン,Wikidata CC0
0,58,116,糸魚川,이토이가와역,Q871596,matched_station_line,station_name+line:日本海ひすいライン,Wikidata CC0
0,59,2,福俵,후쿠타와라역,Q5353408,matched_station_line,station_name+line:東金線,Wikidata CC0
0,59,3,東金,도가네역,Q5353531,matched_station_line,station_name+line:東金線,Wikidata CC0
0,59,4,求名,구묘역,Q5353413,matched_station_line,station_name+line:東金線,Wikidata CC0
0,59,130,能代,노시로역,Q7061813,matched_station_line,station_name+line:五能線,Wikidata CC0
0,59,131,向能代,무카이노시로역,Q6933381,matched_station_line,station_name+line:五能線,Wikidata CC0
0,59,132,北能代,기타노시로역,Q6417585,matched_station_line,station_name+line:五能線,Wikidata CC0
0,59,134,鳥形,도리가타역,Q7825785,matched_station_line,station_name+line:五能線,Wikidata CC0
0,59,135,沢目,사와메역,Q7428565,matched_station_line,station_name+line:五能線,Wikidata CC0
0,59,136,東八森,히가시하치모리역,Q5753529,matched_station_line,station_name+line:五能線,Wikidata CC0
0,59,137,八森,하치모리역,Q11391474,matched_station_line,station_name+line:五能線,Wikidata CC0
0,59,138,滝ノ間,다키노마역,Q7678387,matched_station_line,station_name+line:五能線,Wikidata CC0
0,59,139,あきた白神,아키타시라카미역,Q4701221,matched_station_line,station_name+line:五能線,Wikidata CC0
0,59,140,岩館,이와다테역,Q6100271,matched_station_line,station_name+line:五能線,Wikidata CC0
0,59,141,大間越,오마고시역,Q8081604,matched_station_line,station_name+line:五能線,Wikidata CC0
0,59,142,白神岳登山口,시라카미다케토잔구치역,Q7498243,matched_station_line,station_name+line:五能線,Wikidata CC0
0,59,144,松神,마쓰카미역,Q6788107,matched_station_line,station_name+line:五能線,Wikidata CC0
0,59,145,十二湖,주니코역,Q6322342,matched_station_line,station_name+line:五能線,Wikidata CC0
0,59,146,陸奥岩崎,무쓰이와사키역,Q6944024,matched_station_line,station_name+line:五能線,Wikidata CC0
0,59,147,陸奥沢辺,무쓰사와베역,Q6944026,matched_station_line,station_name+line:五能線,Wikidata CC0
0,59,148,ウェスパ椿山,웨스파쓰바키야마역,Q7977214,matched_station_line,station_name+line:五能線,Wikidata CC0
0,59,149,艫作,헤나시역,Q5713066,matched_station_line,station_name+line:五能線,Wikidata CC0
0,59,150,横磯,요코이소역,Q8054652,matched_station_line,station_name+line:五能線,Wikidata CC0
0,59,151,深浦,후카우라역,Q5507586,matched_station_line,station_name+line:五能線,Wikidata CC0
0,59,152,広戸,히로토역,Q5771381,matched_station_line,station_name+line:五能線,Wikidata CC0
0,59,154,追良瀬,오이라세역,Q7081521,matched_station_line,station_name+line:五能線,Wikidata CC0
0,59,155,驫木,도도로키역,Q7812853,matched_station_line,station_name+line:五能線,Wikidata CC0
0,59,156,風合瀬,가소세역,Q6374623,matched_station_line,station_name+line:五能線,Wikidata CC0
0,59,157,大戸瀬,오도세역,Q8081442,matched_station_line,station_name+line:五能線,Wikidata CC0
0,59,159,千畳敷,센조지키역,Q11405761,matched_station_line,station_name+line:五能線,Wikidata CC0
0,59,160,北金ケ沢,기타카네가사와역,Q6417555,matched_station_line,station_name+line:五能線,Wikidata CC0
0,59,161,陸奥柳田,무쓰야나기타역,Q11658602,matched_station_line,station_name+line:五能線,Wikidata CC0
0,59,162,陸奥赤石,무쓰아카이시역,Q11658608,matched_station_line,station_name+line:五能線,Wikidata CC0
0,59,164,鰺ケ沢,아지가사와역,Q4699731,matched_station_line,station_name+line:五能線,Wikidata CC0
0,59,165,鳴沢,나루사와역,Q6966470,matched_station_line,station_name+line:五能線,Wikidata CC0
0,59,166,越水,고시미즈역,Q6433130,matched_station_line,station_name+line:五能線,Wikidata CC0
0,59,167,陸奥森田,무쓰모리타역,Q6944025,matched_station_line,station_name+line:五能線,Wikidata CC0
0,59,169,中田,나카타역,Q6960342,matched_station_line,station_name+line:五能線,Wikidata CC0
0,59,170,木造,기즈쿠리역,Q11519398,matched_station_line,station_name+line:五能線,Wikidata CC0
0,59,171,五所川原,고쇼가와라역,Q5587319,matched_station_line,station_name+line:五能線,Wikidata CC0
0,59,172,陸奥鶴田,무쓰쓰루다역,Q6944031,matched_station_line,station_name+line:五能線,Wikidata CC0
0,59,174,鶴泊,쓰루도마리역,Q7850261,matched_station_line,station_name+line:五能線,Wikidata CC0
0,59,175,板柳,이타야나기역,Q6094184,matched_station_line,station_name+line:五能線,Wikidata CC0
0,59,176,林崎,하야시자키역,Q5686071,matched_station_line,station_name+line:五能線,Wikidata CC0
0,59,177,藤崎,후지사키역,Q5507474,matched_station_line,station_name+line:五能線,Wikidata CC0
0,60,12,鹿島サッカースタジアム,가시마 사커 스타디움역,Q6374316,matched_station_line,station_name+line:鹿島臨海鉄道大洗鹿島線,Wikidata CC0
0,60,13,鹿島神宮,가시마진구역,Q5359650,matched_station_line,station_name+line:鹿島線,Wikidata CC0
0,60,14,延方,노부카타역,Q11486582,matched_station_line,station_name+line:鹿島線,Wikidata CC0
0,60,16,潮来,이타코역,Q11565715,matched_station_line,station_name+line:鹿島線,Wikidata CC0
0,60,17,十二橋,주니쿄역,Q6322340,matched_station_line,station_name+line:鹿島線,Wikidata CC0
0,60,129,追分,오이와케역,Q7081568,matched_station_line,station_name+line:男鹿線,Wikidata CC0
0,60,130,出戸浜,데토하마역,Q11395640,matched_station_line,station_name+line:男鹿線,Wikidata CC0
0,60,131,上二田,가미후타다역,Q6357116,matched_station_line,station_name+line:男鹿線,Wikidata CC0
0,60,132,二田,후타다역,Q5510446,matched_station_line,station_name+line:男鹿線,Wikidata CC0
0,60,134,天王,덴노역,Q7700530,matched_station_line,station_name+line:男鹿線,Wikidata CC0
0,60,135,船越,후나코시역,Q5508727,matched_station_line,station_name+line:男鹿線,Wikidata CC0
0,60,136,脇本,와키모토역,Q7961150,matched_station_line,station_name+line:男鹿線,Wikidata CC0
0,60,137,羽立,하다치역,Q5637554,matched_station_line,station_name+line:男鹿線,Wikidata CC0
0,60,139,男鹿,오가역,Q7079797,matched_station_line,station_name+line:男鹿線,Wikidata CC0
0,61,2,下曽我,시모소가역,Q5357301,matched_station_line,station_name+line:御殿場線,Wikidata CC0
0,61,3,上大井,가미오이역,Q5357556,matched_station_line,station_name+line:御殿場線,Wikidata CC0
0,61,4,相模金子,사가미카네코역,Q5357284,matched_station_line,station_name+line:御殿場線,Wikidata CC0
0,61,6,松田,마쓰다역,Q5357522,matched_station_line,station_name+line:御殿場線,Wikidata CC0
0,61,7,東山北,히가시야마키타역,Q5357345,matched_station_line,station_name+line:御殿場線,Wikidata CC0
0,61,8,山北,야마키타역,Q5357538,matched_station_line,station_name+line:御殿場線,Wikidata CC0
0,61,9,谷峨,야가역,Q5357267,matched_station_line,station_name+line:御殿場線,Wikidata CC0
0,61,11,駿河小山,스루가오야마역,Q5357361,matched_station_line,station_name+line:御殿場線,Wikidata CC0
0,61,12,足柄,아시가라역,Q900390,matched_station_line,station_name+line:御殿場線,Wikidata CC0
0,61,13,御殿場,고텐바역,Q899797,matched_station_line,station_name+line:御殿場線,Wikidata CC0
0,61,14,南御殿場,미나미고텐바역,Q5357375,matched_station_line,station_name+line:御殿場線,Wikidata CC0
0,61,16,富士岡,후지오카역,Q5357596,matched_station_line,station_name+line:御殿場線,Wikidata CC0
0,61,17,岩波,이와나미역,Q5357457,matched_station_line,station_name+line:御殿場線,Wikidata CC0
0,61,18,裾野,스소노역,Q5357490,matched_station_line,station_name+line:御殿場線,Wikidata CC0
0,61,19,長泉なめり,나가이즈미나메리역,Q5357393,matched_station_line,station_name+line:御殿場線,Wikidata CC0
0,61,20,下土狩,시모토가리역,Q5357624,matched_station_line,station_name+line:御殿場線,Wikidata CC0
0,61,21,大岡,오오카역,Q900307,matched_station_line,station_name+line:御殿場線,Wikidata CC0
0,61,200,奥津軽いまべつ,쓰가루이마베쓰 역,Q4546298,matched_station_line,station_name+line:海峡線,Wikidata CC0
0,62,2,柚木,유노키역,Q8009579,matched_station_line,station_name+line:身延線,Wikidata CC0
0,62,3,竪堀,다테보리역,Q7687989,matched_station_line,station_name+line:身延線,Wikidata CC0
0,62,4,入山瀬,이리야마세역,Q5356726,matched_station_line,station_name+line:身延線,Wikidata CC0
0,62,6,富士根,후지네역,Q5356707,matched_station_line,station_name+line:身延線,Wikidata CC0
0,62,7,源道寺,겐도지역,Q5356028,matched_station_line,station_name+line:身延線,Wikidata CC0
0,62,8,富士宮,후지노미야역,Q5356094,matched_station_line,station_name+line:身延線,Wikidata CC0
0,62,9,西富士宮,니시후지노미야역,Q7040330,matched_station_line,station_name+line:身延線,Wikidata CC0
0,62,11,沼久保,누마쿠보역,Q7069039,matched_station_line,station_name+line:身延線,Wikidata CC0
0,62,12,芝川,시바카와역,Q5356141,matched_station_line,station_name+line:身延線,Wikidata CC0
0,62,13,稲子,이나코역,Q5355742,matched_station_line,station_name+line:身延線,Wikidata CC0
0,62,14,十島,도시마역,Q7862731,matched_station_line,station_name+line:身延線,Wikidata CC0
0,62,16,井出,이데역,Q5355744,matched_station_line,station_name+line:身延線,Wikidata CC0
0,62,17,寄畑,요리하타역,Q5355769,matched_station_line,station_name+line:身延線,Wikidata CC0
0,62,18,内船,우쓰부나역,Q7903273,matched_station_line,station_name+line:身延線,Wikidata CC0
0,62,19,甲斐大島,가이오시마역,Q5355357,matched_station_line,station_name+line:身延線,Wikidata CC0
0,62,21,身延,미노부역,Q5356755,matched_station_line,station_name+line:身延線,Wikidata CC0
0,62,22,塩之沢,시오노사와역,Q5356207,matched_station_line,station_name+line:身延線,Wikidata CC0
0,62,23,波高島,하다카지마역,Q5355524,matched_station_line,station_name+line:身延線,Wikidata CC0
0,62,24,下部温泉,시모베온센역,Q7496943,matched_station_line,station_name+line:身延線,Wikidata CC0
0,62,26,甲斐常葉,가이토키와역,Q6347331,matched_station_line,station_name+line:身延線,Wikidata CC0
0,62,27,市ノ瀬,이치노세역,Q11479975,matched_station_line,station_name+line:身延線,Wikidata CC0
0,62,28,久那土,구나도역,Q6444138,matched_station_line,station_name+line:身延線,Wikidata CC0
0,62,29,甲斐岩間,가이이와마역,Q6347326,matched_station_line,station_name+line:身延線,Wikidata CC0
0,62,31,落居,오치이역,Q7076320,matched_station_line,station_name+line:身延線,Wikidata CC0
0,62,32,鰍沢口,가지카자와구치역,Q6348996,matched_station_line,station_name+line:身延線,Wikidata CC0
0,62,33,市川大門,이치카와다이몬역,Q5986151,matched_station_line,station_name+line:身延線,Wikidata CC0
0,62,34,市川本町,이치카와혼마치역,Q11480328,matched_station_line,station_name+line:身延線,Wikidata CC0
0,62,35,芦川,아시가와역,Q4805063,matched_station_line,station_name+line:身延線,Wikidata CC0
0,62,36,甲斐上野,가이우에노역,Q6347335,matched_station_line,station_name+line:身延線,Wikidata CC0
0,62,37,東花輪,히가시하나와역,Q5753547,matched_station_line,station_name+line:身延線,Wikidata CC0
0,62,38,小井川,고이카와역,Q6426275,matched_station_line,station_name+line:身延線,Wikidata CC0
0,62,39,常永,조에이역,Q6322172,matched_station_line,station_name+line:身延線,Wikidata CC0
0,62,41,国母,고쿠보역,Q6426880,matched_station_line,station_name+line:身延線,Wikidata CC0
0,62,42,甲斐住吉,가이스미요시역,Q11577858,matched_station_line,station_name+line:身延線,Wikidata CC0
0,62,43,南甲府,미나미코후역,Q6862942,matched_station_line,station_name+line:身延線,Wikidata CC0
0,62,44,善光寺,젠코지역,Q8069148,matched_station_line,station_name+line:身延線,Wikidata CC0
0,62,46,金手,가넨테역,Q6362011,matched_station_line,station_name+line:身延線,Wikidata CC0
0,62,130,新利府,신리후역,Q899730,matched_station_line,station_name+line:東北本線,Wikidata CC0
0,62,131,利府,리후역,Q899744,matched_station_line,station_name+line:東北本線,Wikidata CC0
0,63,2,八丁堀,핫초보리역,Q1073008,matched_station_line,station_name+line:京葉線,Wikidata CC0
0,63,3,越中島,엣추지마역,Q844276,matched_station_line,station_name+line:京葉線,Wikidata CC0
0,63,4,潮見,시오미역,Q844315,matched_station_line,station_name+line:京葉線,Wikidata CC0
0,63,5,新木場,신키바역,Q1376066,matched_station_line,station_name+line:京葉線,Wikidata CC0
0,63,7,葛西臨海公園,가사이린카이코엔역,Q844280,matched_station_line,station_name+line:京葉線,Wikidata CC0
0,63,8,舞浜,마이하마역,Q801154,matched_station_line,station_name+line:京葉線,Wikidata CC0
0,63,10,新浦安,신우라야스역,Q844256,matched_station_line,station_name+line:京葉線,Wikidata CC0
0,63,11,市川塩浜,이치카와시오하마역,Q844441,matched_station_line,station_name+line:京葉線,Wikidata CC0
0,63,13,二俣新町,후타마타신마치역,Q2258179,matched_station_line,station_name+line:京葉線,Wikidata CC0
0,63,15,南船橋,미나미후나바시역,Q2259071,matched_station_line,station_name+line:京葉線,Wikidata CC0
0,63,16,新習志野,신나라시노역,Q2370433,matched_station_line,station_name+line:京葉線,Wikidata CC0
0,63,17,幕張豊砂,마쿠하리토요스나역,Q87064803,matched_station_line,station_name+line:京葉線,Wikidata CC0
0,63,18,海浜幕張,가이힌마쿠하리역,Q906715,matched_station_line,station_name+line:京葉線,Wikidata CC0
0,63,19,検見川浜,게미가와하마역,Q2493887,matched_station_line,station_name+line:京葉線,Wikidata CC0
0,63,20,稲毛海岸,이나게카이간역,Q2583249,matched_station_line,station_name+line:京葉線,Wikidata CC0
0,63,22,千葉みなと,지바미나토역,Q2648818,matched_station_line,station_name+line:京葉線,Wikidata CC0
0,63,24,蘇我,소가역,Q844422,matched_station_line,station_name+line:京葉線,Wikidata CC0
0,63,131,東金井,히가시카나이역,Q11528622,matched_station_line,station_name+line:左沢線,Wikidata CC0
0,63,132,羽前山辺,우젠야마베역,Q7904889,matched_station_line,station_name+line:左沢線,Wikidata CC0
0,63,134,羽前金沢,우젠카네자와역,Q7904809,matched_station_line,station_name+line:左沢線,Wikidata CC0
0,63,135,羽前長崎,우젠나가사키역,Q7904841,matched_station_line,station_name+line:左沢線,Wikidata CC0
0,63,136,南寒河江,미나미사가에역,Q11407728,matched_station_line,station_name+line:左沢線,Wikidata CC0
0,63,137,寒河江,사가에역,Q7398936,matched_station_line,station_name+line:左沢線,Wikidata CC0
0,63,139,西寒河江,니시사가에역,Q11627685,matched_station_line,station_name+line:左沢線,Wikidata CC0
0,63,140,羽前高松,우젠타카마쓰역,Q7904869,matched_station_line,station_name+line:左沢線,Wikidata CC0
0,63,141,柴橋,시바하시역,Q7496008,matched_station_line,station_name+line:左沢線,Wikidata CC0
0,63,142,左沢,아테라자와역,Q4813118,matched_station_line,station_name+line:左沢線,Wikidata CC0
0,63,195,安中榛名,안나카하루나역,Q1138259,matched_station_line,station_name+line:北陸新幹線,Wikidata CC0
0,63,197,軽井沢,가루이자와역,Q1064215,matched_station_line,station_name+line:北陸新幹線,Wikidata CC0
0,63,199,佐久平,사쿠다이라역,Q1188565,matched_station_line,station_name+line:北陸新幹線,Wikidata CC0
0,63,201,上田,우에다역,Q1071375,matched_station_line,station_name+line:北陸新幹線,Wikidata CC0
0,63,203,長野,나가노역,Q374916,matched_station_line,station_name+line:北陸新幹線,Wikidata CC0
0,63,205,飯山,이야마역,Q5995045,matched_station_line,station_name+line:北陸新幹線,Wikidata CC0
0,63,207,上越妙高,조에쓰묘코역,Q15629351,matched_station_line,station_name+line:北陸新幹線,Wikidata CC0
0,64,1,掛川,가케가와역,Q800978,matched_station_line,station_name+line:天竜浜名湖鉄道天竜浜名湖線,Wikidata CC0
0,64,2,掛川市役所前,가케가와시야쿠쇼마에역,Q11498218,matched_station_line,station_name+line:天竜浜名湖鉄道天竜浜名湖線,Wikidata CC0
0,64,37,岡地,오카지역,Q11548132,matched_station_line,station_name+line:天竜浜名湖鉄道天竜浜名湖線,Wikidata CC0
0,64,56,大森,오모리역,Q80420,matched_station_line,station_name_only,Wikidata CC0
0,64,59,新所原,신조하라역,Q872044,matched_station_line,station_name+line:天竜浜名湖鉄道天竜浜名湖線,Wikidata CC0
0,65,2,船町,후나마치역,Q771600,matched_station_line,station_name+line:飯田線,Wikidata CC0
0,65,3,下地,시모지역,Q771733,matched_station_line,station_name+line:飯田線,Wikidata CC0
0,65,4,小坂井,고자카이역,Q771874,matched_station_line,station_name+line:飯田線,Wikidata CC0
0,65,6,牛久保,우시쿠보역,Q772016,matched_station_line,station_name+line:飯田線,Wikidata CC0
0,65,7,豊川,도요카와역,Q772133,matched_station_line,station_name+line:飯田線,Wikidata CC0
0,65,8,三河一宮,미카와이치노미야역,Q772219,matched_station_line,station_name+line:飯田線,Wikidata CC0
0,65,9,長山,나가야마역,Q772341,matched_station_line,station_name+line:飯田線,Wikidata CC0
0,65,11,江島,에지마역,Q772390,matched_station_line,station_name+line:飯田線,Wikidata CC0
0,65,12,東上,도조역,Q772472,matched_station_line,station_name+line:飯田線,Wikidata CC0
0,65,13,野田城,노다조역,Q772615,matched_station_line,station_name+line:飯田線,Wikidata CC0
0,65,14,新城,신시로역,Q772724,matched_station_line,station_name+line:飯田線,Wikidata CC0
0,65,16,東新町,히가시신마치역,Q772815,matched_station_line,station_name+line:飯田線,Wikidata CC0
0,65,17,茶臼山,차우스야마 역,Q772936,matched_station_line,station_name+line:飯田線,Wikidata CC0
0,65,18,三河東郷,미카와토고역,Q773025,matched_station_line,station_name+line:飯田線,Wikidata CC0
0,65,19,大海,오미역,Q773149,matched_station_line,station_name+line:飯田線,Wikidata CC0
0,65,21,鳥居,도리이역,Q773265,matched_station_line,station_name+line:飯田線,Wikidata CC0
0,65,22,長篠城,나가시노조역,Q773379,matched_station_line,station_name+line:飯田線,Wikidata CC0
0,65,23,本長篠,혼나가시노역,Q773509,matched_station_line,station_name+line:飯田線,Wikidata CC0
0,65,24,三河大野,미카와오노역,Q773619,matched_station_line,station_name+line:飯田線,Wikidata CC0
0,65,26,湯谷温泉,유야온센역,Q773839,matched_station_line,station_name+line:飯田線,Wikidata CC0
0,65,27,三河槙原,미카와마키하라역,Q774209,matched_station_line,station_name+line:飯田線,Wikidata CC0
0,65,28,柿平,가키다이라역,Q774283,matched_station_line,station_name+line:飯田線,Wikidata CC0
0,65,29,三河川合,미카와카와이역,Q774440,matched_station_line,station_name+line:飯田線,Wikidata CC0
0,65,31,池場,이케바역,Q774526,matched_station_line,station_name+line:飯田線,Wikidata CC0
0,65,32,東栄,도에이역,Q774631,matched_station_line,station_name+line:飯田線,Wikidata CC0
0,65,33,出馬,이즌마역,Q774823,matched_station_line,station_name+line:飯田線,Wikidata CC0
0,65,34,上市場,가미이치바역,Q775018,matched_station_line,station_name+line:飯田線,Wikidata CC0
0,65,36,浦川,우라카와역,Q775264,matched_station_line,station_name+line:飯田線,Wikidata CC0
0,65,37,早瀬,하야세역,Q775420,matched_station_line,station_name+line:飯田線,Wikidata CC0
0,65,38,下川合,시모카와이역,Q775582,matched_station_line,station_name+line:飯田線,Wikidata CC0
0,65,39,中部天竜,주부텐류역,Q775718,matched_station_line,station_name+line:飯田線,Wikidata CC0
0,65,41,佐久間,사쿠마역,Q776591,matched_station_line,station_name+line:飯田線,Wikidata CC0
0,65,42,相月,아이즈키역,Q776777,matched_station_line,station_name+line:飯田線,Wikidata CC0
0,65,43,城西,시로니시역,Q776937,matched_station_line,station_name+line:飯田線,Wikidata CC0
0,65,44,向市場,무카이치바역,Q777155,matched_station_line,station_name+line:飯田線,Wikidata CC0
0,65,46,水窪,미사쿠보역,Q777378,matched_station_line,station_name+line:飯田線,Wikidata CC0
0,65,47,大嵐,오조레역,Q777630,matched_station_line,station_name+line:飯田線,Wikidata CC0
0,65,48,小和田,고와다역,Q778687,matched_station_line,station_name+line:飯田線,Wikidata CC0
0,65,49,中井侍,나카이사무라이역,Q894362,matched_station_line,station_name+line:飯田線,Wikidata CC0
0,65,51,伊那小沢,이나코자와역,Q894419,matched_station_line,station_name+line:飯田線,Wikidata CC0
0,65,52,鶯巣,우구스역,Q894431,matched_station_line,station_name+line:飯田線,Wikidata CC0
0,65,53,平岡,히라오카역,Q894483,matched_station_line,station_name+line:飯田線,Wikidata CC0
0,65,54,為栗,시테구리역,Q894498,matched_station_line,station_name+line:飯田線,Wikidata CC0
0,65,56,温田,누쿠타역,Q894584,matched_station_line,station_name+line:飯田線,Wikidata CC0
0,65,57,田本,다모토역,Q894662,matched_station_line,station_name+line:飯田線,Wikidata CC0
0,65,58,門島,가도시마역,Q894868,matched_station_line,station_name+line:飯田線,Wikidata CC0
0,65,59,唐笠,가라카사역,Q894882,matched_station_line,station_name+line:飯田線,Wikidata CC0
0,65,61,金野,긴노역,Q903011,matched_station_line,station_name+line:飯田線,Wikidata CC0
0,65,62,千代,지요역,Q906058,matched_station_line,station_name+line:飯田線,Wikidata CC0
0,65,63,天竜峡,덴류쿄역,Q906304,matched_station_line,station_name+line:飯田線,Wikidata CC0
0,65,64,川路,가와지역,Q984933,matched_station_line,station_name+line:飯田線,Wikidata CC0
0,65,66,時又,도키마타역,Q984977,matched_station_line,station_name+line:飯田線,Wikidata CC0
0,65,67,駄科,다시나역,Q985055,matched_station_line,station_name+line:飯田線,Wikidata CC0
0,65,68,毛賀,게가역,Q985117,matched_station_line,station_name+line:飯田線,Wikidata CC0
0,65,69,伊那八幡,이나야와타역,Q985174,matched_station_line,station_name+line:飯田線,Wikidata CC0
0,65,71,下山村,시모야마무라역,Q985234,matched_station_line,station_name+line:飯田線,Wikidata CC0
0,65,72,鼎,가나에역,Q985286,matched_station_line,station_name+line:飯田線,Wikidata CC0
0,65,73,切石,기리이시역,Q985307,matched_station_line,station_name+line:飯田線,Wikidata CC0
0,65,74,飯田,이다역,Q985322,matched_station_line,station_name+line:飯田線,Wikidata CC0
0,65,76,桜町,사쿠라마치역,Q985446,matched_station_line,station_name+line:飯田線,Wikidata CC0
0,65,77,伊那上郷,이나카미사토역,Q985474,matched_station_line,station_name+line:飯田線,Wikidata CC0
0,65,78,元善光寺,모토젠코지역,Q986402,matched_station_line,station_name+line:飯田線,Wikidata CC0
0,65,79,下市田,시모이치다역,Q385976,matched_station_line,station_name+line:飯田線,Wikidata CC0
0,65,81,市田,이치다역,Q987632,matched_station_line,station_name+line:飯田線,Wikidata CC0
0,65,82,下平,시모다이라역,Q988164,matched_station_line,station_name+line:飯田線,Wikidata CC0
0,65,83,山吹,야마부키역,Q988643,matched_station_line,station_name+line:飯田線,Wikidata CC0
0,65,84,伊那大島,이나오시마역,Q988687,matched_station_line,station_name+line:飯田線,Wikidata CC0
0,65,86,上片桐,가미카타기리역,Q988745,matched_station_line,station_name+line:飯田線,Wikidata CC0
0,65,87,伊那田島,이나타지마역,Q988853,matched_station_line,station_name+line:飯田線,Wikidata CC0
0,65,88,高遠原,다카토바라역,Q988988,matched_station_line,station_name+line:飯田線,Wikidata CC0
0,65,89,七久保,나나쿠보역,Q989071,matched_station_line,station_name+line:飯田線,Wikidata CC0
0,65,91,伊那本郷,이나혼고역,Q989127,matched_station_line,station_name+line:飯田線,Wikidata CC0
0,65,92,飯島,이지마역,Q989168,matched_station_line,station_name+line:飯田線,Wikidata CC0
0,65,93,田切,다기리역,Q989252,matched_station_line,station_name+line:飯田線,Wikidata CC0
0,65,94,伊那福岡,이나후쿠오카역,Q989483,matched_station_line,station_name+line:飯田線,Wikidata CC0
0,65,96,小町屋,고마치야역,Q989791,matched_station_line,station_name+line:飯田線,Wikidata CC0
0,65,97,駒ケ根,고마가네역,Q989953,matched_station_line,station_name+line:飯田線,Wikidata CC0
0,65,98,大田切,오타기리역,Q990058,matched_station_line,station_name+line:飯田線,Wikidata CC0
0,65,99,宮田,미야다역,Q990102,matched_station_line,station_name+line:飯田線,Wikidata CC0
0,65,101,赤木,아카기역,Q990164,matched_station_line,station_name+line:飯田線,Wikidata CC0
0,65,102,沢渡,사완도역,Q990214,matched_station_line,station_name+line:飯田線,Wikidata CC0
0,65,103,下島,시모지마역,Q990450,matched_station_line,station_name+line:飯田線,Wikidata CC0
0,65,104,伊那市,이나시역,Q990582,matched_station_line,station_name+line:飯田線,Wikidata CC0
0,65,106,伊那北,이나키타역,Q990680,matched_station_line,station_name+line:飯田線,Wikidata CC0
0,65,107,田畑,다바타역,Q990761,matched_station_line,station_name+line:飯田線,Wikidata CC0
0,65,108,北殿,기타토노역,Q990983,matched_station_line,station_name+line:飯田線,Wikidata CC0
0,65,109,木ノ下,기노시타역,Q991125,matched_station_line,station_name+line:飯田線,Wikidata CC0
0,65,111,伊那松島,이나마쓰시마역,Q991320,matched_station_line,station_name+line:飯田線,Wikidata CC0
0,65,112,沢,사와역,Q991380,matched_station_line,station_name+line:飯田線,Wikidata CC0
0,65,113,羽場,하바역,Q991450,matched_station_line,station_name+line:飯田線,Wikidata CC0
0,65,114,伊那新町,이나신마치역,Q991595,matched_station_line,station_name+line:飯田線,Wikidata CC0
0,65,116,宮木,미야키역,Q991664,matched_station_line,station_name+line:飯田線,Wikidata CC0
0,66,1,岡崎,오카자키역,Q872492,matched_station_line,station_name+line:愛知環状鉄道線,Wikidata CC0
0,66,3,六名,무쓰나역,Q6944057,matched_station_line,station_name+line:愛知環状鉄道線,Wikidata CC0
0,66,5,中岡崎,나카오카자키역,Q11364321,matched_station_line,station_name+line:愛知環状鉄道線,Wikidata CC0
0,66,7,北岡崎,기타오카자키역,Q11401501,matched_station_line,station_name+line:愛知環状鉄道線,Wikidata CC0
0,66,9,大門,다이몬역,Q5209452,matched_station_line,station_name+line:愛知環状鉄道線,Wikidata CC0
0,66,11,北野桝塚,기타노마스즈카역,Q6417850,matched_station_line,station_name+line:愛知環状鉄道線,Wikidata CC0
0,66,13,三河上郷,미카와카미고역,Q6845737,matched_station_line,station_name+line:愛知環状鉄道線,Wikidata CC0
0,66,15,永覚,에카쿠역,Q5350274,matched_station_line,station_name+line:愛知環状鉄道線,Wikidata CC0
0,66,17,末野原,스에노하라역,Q7634398,matched_station_line,station_name+line:愛知環状鉄道線,Wikidata CC0
0,66,19,三河豊田,미카와토요타역,Q6845739,matched_station_line,station_name+line:愛知環状鉄道線,Wikidata CC0
0,66,21,新上挙母,신우와고로모역,Q7497144,matched_station_line,station_name+line:愛知環状鉄道線,Wikidata CC0
0,66,23,新豊田,신토요타역,Q3970987,matched_station_line,station_name+line:愛知環状鉄道線,Wikidata CC0
0,66,24,愛環梅坪,아이칸우메쓰보역,Q4696915,matched_station_line,station_name+line:愛知環状鉄道線,Wikidata CC0
0,66,25,四郷,시고역,Q3595062,matched_station_line,station_name+line:愛知環状鉄道線,Wikidata CC0
0,66,26,貝津,가이즈역,Q6348751,matched_station_line,station_name+line:愛知環状鉄道線,Wikidata CC0
0,66,27,保見,호미역,Q5890768,matched_station_line,station_name+line:愛知環状鉄道線,Wikidata CC0
0,66,29,篠原,사사바라역,Q7424957,matched_station_line,station_name+line:愛知環状鉄道線,Wikidata CC0
0,66,31,八草,야쿠사역,Q8047246,matched_station_line,station_name+line:愛知環状鉄道線,Wikidata CC0
0,66,33,山口,야마구치역,Q8047651,matched_station_line,station_name+line:愛知環状鉄道線,Wikidata CC0
0,66,35,瀬戸口,세토구치역,Q7456757,matched_station_line,station_name+line:愛知環状鉄道線,Wikidata CC0
0,66,37,瀬戸市,세토시역,Q7456825,matched_station_line,station_name+line:愛知環状鉄道線,Wikidata CC0
0,66,39,中水野,나카미즈노역,Q6960224,matched_station_line,station_name+line:愛知環状鉄道線,Wikidata CC0
0,66,41,高蔵寺,고조지역,Q5359256,matched_station_line,station_name+line:愛知環状鉄道線,Wikidata CC0
0,66,129,勝川,가치가와역,Q5359249,matched_station_line,station_name+line:JR東海交通事業城北線,Wikidata CC0
0,66,130,味美,아지요시역,Q4699833,matched_station_line,station_name_only,Wikidata CC0
0,66,131,比良,히라역,Q5365241,matched_station_line,station_name_only,Wikidata CC0
0,66,134,枇杷島,비와지마역,Q870976,matched_station_line,station_name+line:JR東海交通事業城北線,Wikidata CC0
0,67,2,尾張森岡,오와리모리오카역,Q7114285,matched_station_line,station_name+line:武豊線,Wikidata CC0
0,67,3,緒川,오가와역,Q7079854,matched_station_line,station_name+line:武豊線,Wikidata CC0
0,67,4,石浜,이시하마역,Q6080197,matched_station_line,station_name+line:武豊線,Wikidata CC0
0,67,6,東浦,히가시우라역,Q5754145,matched_station_line,station_name+line:武豊線,Wikidata CC0
0,67,7,亀崎,가메자키역,Q6357065,matched_station_line,station_name+line:武豊線,Wikidata CC0
0,67,8,乙川,옷카와역,Q7082067,matched_station_line,station_name+line:武豊線,Wikidata CC0
0,67,9,半田,한다역,Q5647224,matched_station_line,station_name+line:武豊線,Wikidata CC0
0,67,11,東成岩,히가시나라와역,Q5753757,matched_station_line,station_name+line:武豊線,Wikidata CC0
0,67,12,武豊,다케토요역,Q7678176,matched_station_line,station_name+line:武豊線,Wikidata CC0
0,68,3,長森,나가모리역,Q871154,matched_station_line,station_name+line:高山本線,Wikidata CC0
0,68,4,那加,나카역,Q873075,matched_station_line,station_name+line:高山本線,Wikidata CC0
0,68,6,蘇原,소하라역,Q873312,matched_station_line,station_name+line:高山本線,Wikidata CC0
0,68,7,各務ケ原,가가미가하라역,Q872845,matched_station_line,station_name+line:高山本線,Wikidata CC0
0,68,9,鵜沼,우누마역,Q5358768,matched_station_line,station_name+line:高山本線,Wikidata CC0
0,68,11,坂祝,사카호기역,Q873142,matched_station_line,station_name+line:高山本線,Wikidata CC0
0,68,12,美濃太田,미노오타역,Q872979,matched_station_line,station_name+line:高山本線,Wikidata CC0
0,68,13,古井,고비역,Q5358523,matched_station_line,station_name+line:高山本線,Wikidata CC0
0,68,14,中川辺,나카카와베역,Q5358732,matched_station_line,station_name+line:高山本線,Wikidata CC0
0,68,16,下麻生,시모아소역,Q5358646,matched_station_line,station_name+line:高山本線,Wikidata CC0
0,68,18,上麻生,가미아소역,Q5359088,matched_station_line,station_name+line:高山本線,Wikidata CC0
0,68,20,白川口,시라카와구치역,Q5358687,matched_station_line,station_name+line:高山本線,Wikidata CC0
0,68,22,下油井,시모유이역,Q7497027,matched_station_line,station_name+line:高山本線,Wikidata CC0
0,68,25,焼石,야케이시역,Q5358578,matched_station_line,station_name+line:高山本線,Wikidata CC0
0,68,26,下呂,게로역,Q873111,matched_station_line,station_name+line:高山本線,Wikidata CC0
0,68,27,禅昌寺,젠쇼지역,Q11270854,matched_station_line,station_name+line:高山本線,Wikidata CC0
0,68,29,上呂,조로역,Q5358767,matched_station_line,station_name+line:高山本線,Wikidata CC0
0,68,33,渚,나기사역,Q5358380,matched_station_line,station_name+line:高山本線,Wikidata CC0
0,68,34,久々野,구구노역,Q5358166,matched_station_line,station_name+line:高山本線,Wikidata CC0
0,68,36,高山,다카야마역,Q874020,matched_station_line,station_name+line:高山本線,Wikidata CC0
0,68,37,上枝,호즈에역,Q5358338,matched_station_line,station_name+line:高山本線,Wikidata CC0
0,68,41,杉崎,스기사키역,Q7635122,matched_station_line,station_name+line:高山本線,Wikidata CC0
0,68,42,飛騨細江,히다호소에역,Q876999,matched_station_line,station_name+line:高山本線,Wikidata CC0
0,68,44,角川,쓰노가와역,Q5358120,matched_station_line,station_name+line:高山本線,Wikidata CC0
0,68,45,坂上,사카카미역,Q5357921,matched_station_line,station_name+line:高山本線,Wikidata CC0
0,68,46,打保,우쓰보역,Q5357898,matched_station_line,station_name+line:高山本線,Wikidata CC0
0,68,47,杉原,스기하라역,Q5358130,matched_station_line,station_name+line:高山本線,Wikidata CC0
0,68,49,猪谷,이노타니역,Q5357888,matched_station_line,station_name+line:高山本線,Wikidata CC0
0,68,50,楡原,니레하라역,Q7039946,matched_station_line,station_name+line:高山本線,Wikidata CC0
0,68,51,笹津,사사즈역,Q7425014,matched_station_line,station_name+line:高山本線,Wikidata CC0
0,68,52,東八尾,히가시야쓰오역,Q5753908,matched_station_line,station_name+line:高山本線,Wikidata CC0
0,68,54,越中八尾,엣추야쓰오역,Q5402530,matched_station_line,station_name+line:高山本線,Wikidata CC0
0,68,55,千里,지사토역,Q5102058,matched_station_line,station_name+line:高山本線,Wikidata CC0
0,68,56,速星,하야호시역,Q5685963,matched_station_line,station_name+line:高山本線,Wikidata CC0
0,68,57,婦中鵜坂,후추우사카역,Q5506961,matched_station_line,station_name+line:高山本線,Wikidata CC0
0,68,58,西富山,니시토야마역,Q11627677,matched_station_line,station_name+line:高山本線,Wikidata CC0
0,70,1,東京,도쿄역,Q283196,matched_station_line,station_name_only,Wikidata CC0
0,70,3,品川,시나가와역,Q801442,matched_station_line,station_name_only,Wikidata CC0
0,70,5,新横浜,신요코하마역,Q801437,matched_station_line,station_name_only,Wikidata CC0
0,70,9,小田原,오다와라역,Q801290,matched_station_line,station_name+line:東海道新幹線,Wikidata CC0
0,70,11,熱海,아타미역,Q800412,matched_station_line,station_name+line:東海道新幹線,Wikidata CC0
0,70,13,三島,미시마역,Q375061,matched_station_line,station_name+line:東海道新幹線,Wikidata CC0
0,70,15,新富士,신후지역,Q1136475,matched_station_line,station_name+line:東海道新幹線,Wikidata CC0
0,70,17,静岡,시즈오카역,Q801440,matched_station_line,station_name+line:東海道新幹線,Wikidata CC0
0,70,21,掛川,가케가와역,Q800978,matched_station_line,station_name+line:東海道新幹線,Wikidata CC0
0,70,23,浜松,하마마쓰역,Q603640,matched_station_line,station_name+line:東海道新幹線,Wikidata CC0
0,70,25,豊橋,도요하시역,Q771465,matched_station_line,station_name+line:東海道新幹線,Wikidata CC0
0,70,27,三河安城,미카와안조역,Q578691,matched_station_line,station_name+line:東海道新幹線,Wikidata CC0
0,70,31,名古屋,나고야역,Q49381,matched_station_line,station_name_only,Wikidata CC0
0,70,33,岐阜羽島,기후하시마역,Q800820,matched_station_line,station_name+line:東海道新幹線,Wikidata CC0
0,70,35,米原,마이바라역,Q801158,matched_station_line,station_name+line:東海道新幹線,Wikidata CC0
0,70,41,京都,교토역,Q801046,matched_station_line,station_name_only,Wikidata CC0
0,70,45,新大阪,신오사카역,Q801438,matched_station_line,station_name_only,Wikidata CC0
0,70,51,新神戸,신코베역,Q801435,matched_station_line,station_name_only,Wikidata CC0
0,70,53,西明石,니시아카시역,Q590272,matched_station_line,station_name+line:山陽新幹線,Wikidata CC0
0,70,55,姫路,히메지역,Q119301,matched_station_line,station_name+line:山陽新幹線,Wikidata CC0
0,70,57,相生,아이오이역,Q1132350,matched_station_line,station_name+line:山陽新幹線,Wikidata CC0
0,70,62,岡山,오카야마역,Q801293,matched_station_line,station_name+line:山陽新幹線,Wikidata CC0
0,70,66,新倉敷,신쿠라시키역,Q1067908,matched_station_line,station_name+line:山陽新幹線,Wikidata CC0
0,70,68,福山,후쿠야마역,Q800797,matched_station_line,station_name+line:山陽新幹線,Wikidata CC0
0,70,70,新尾道,신오노미치역,Q1136506,matched_station_line,station_name+line:山陽新幹線,Wikidata CC0
0,70,72,三原,미하라역,Q1136514,matched_station_line,station_name+line:山陽新幹線,Wikidata CC0
0,70,74,東広島,히가시히로시마역,Q1136538,matched_station_line,station_name+line:山陽新幹線,Wikidata CC0
0,70,78,広島,히로시마역,Q576459,matched_station_line,station_name+line:山陽新幹線,Wikidata CC0
0,70,82,新岩国,신이와쿠니역,Q767197,matched_station_line,station_name+line:山陽新幹線,Wikidata CC0
0,70,84,徳山,도쿠야마역,Q1136709,matched_station_line,station_name+line:山陽新幹線,Wikidata CC0
0,70,86,新山口,신야마구치역,Q1136574,matched_station_line,station_name+line:山陽新幹線,Wikidata CC0
0,70,88,厚狭,아사역,Q1136582,matched_station_line,station_name+line:山陽新幹線,Wikidata CC0
0,70,90,新下関,신시모노세키역,Q1074353,matched_station_line,station_name+line:山陽新幹線,Wikidata CC0
0,70,92,小倉,고쿠라역,Q801027,matched_station_line,station_name+line:山陽新幹線,Wikidata CC0
0,70,100,博多,하카타역,Q800875,matched_station_line,station_name_only,Wikidata CC0
0,71,1,東京,도쿄역,Q283196,matched_station_line,station_name_only,Wikidata CC0
0,71,3,上野,우에노역,Q801551,matched_station_line,station_name_only,Wikidata CC0
0,71,7,小山,오야마역,Q801312,matched_station_line,station_name+line:東北新幹線,Wikidata CC0
0,71,9,宇都宮,우쓰노미야역,Q801549,matched_station_line,station_name+line:東北新幹線,Wikidata CC0
0,71,11,那須塩原,나스시오바라역,Q369523,matched_station_line,station_name+line:東北新幹線,Wikidata CC0
0,71,13,新白河,신시라카와역,Q1136381,matched_station_line,station_name+line:東北新幹線,Wikidata CC0
0,71,15,郡山,고리야마역,Q385879,matched_station_line,station_name+line:東北新幹線,Wikidata CC0
0,71,17,福島,후쿠시마 역 (후쿠시마 현),Q800799,matched_station_line,station_name+line:東北新幹線,Wikidata CC0
0,71,19,白石蔵王,시로이시자오역,Q1136524,matched_station_line,station_name+line:東北新幹線,Wikidata CC0
0,71,21,仙台,센다이 역 (미야기 현),Q801429,matched_station_line,station_name_only,Wikidata CC0
0,71,23,古川,후루카와역,Q1136520,matched_station_line,station_name+line:東北新幹線,Wikidata CC0
0,71,24,くりこま高原,구리코마코겐역,Q1136550,matched_station_line,station_name+line:東北新幹線,Wikidata CC0
0,71,25,一ノ関,이치노세키역,Q800946,matched_station_line,station_name+line:東北新幹線,Wikidata CC0
0,71,26,水沢江刺,미즈사와에사시역,Q1136658,matched_station_line,station_name+line:東北新幹線,Wikidata CC0
0,71,27,北上,기타카미역,Q1136531,matched_station_line,station_name+line:東北新幹線,Wikidata CC0
0,71,28,新花巻,신하나마키역,Q1187840,matched_station_line,station_name+line:東北新幹線,Wikidata CC0
0,71,29,盛岡,모리오카역,Q785390,matched_station_line,station_name+line:東北新幹線,Wikidata CC0
0,71,31,いわて沼宮内,이와테누마쿠나이역,Q1136556,matched_station_line,station_name+line:東北新幹線,Wikidata CC0
0,71,33,二戸,니노헤역,Q385423,matched_station_line,station_name+line:東北新幹線,Wikidata CC0
0,71,35,八戸,하치노헤역,Q800866,matched_station_line,station_name+line:東北新幹線,Wikidata CC0
0,71,37,七戸十和田,시치노헤토와다역,Q1136467,matched_station_line,station_name+line:東北新幹線,Wikidata CC0
0,71,39,新青森,신아오모리역,Q1187835,matched_station_line,station_name+line:東北新幹線,Wikidata CC0
0,71,41,奥津軽いまべつ,쓰가루이마베쓰 역,Q4546298,matched_station_line,station_name+line:北海道新幹線,Wikidata CC0
0,71,43,木古内,기코나이역,Q59510,matched_station_line,station_name+line:北海道新幹線,Wikidata CC0
0,71,45,新函館北斗,신하코다테호쿠토역,Q1039122,matched_station_line,station_name+line:北海道新幹線,Wikidata CC0
0,71,147,新八代,신야쓰시로역,Q1187743,matched_station_line,station_name+line:九州新幹線,Wikidata CC0
0,71,150,新水俣,신미나마타역,Q1136460,matched_station_line,station_name+line:九州新幹線,Wikidata CC0
0,71,153,出水,이즈미역,Q1136682,matched_station_line,station_name+line:九州新幹線,Wikidata CC0
0,71,156,川内,센다이역,Q1136688,matched_station_line,station_name+line:九州新幹線,Wikidata CC0
0,71,159,鹿児島中央,가고시마 중앙역,Q1316913,matched_station_line,station_name+line:九州新幹線,Wikidata CC0
0,72,7,熊谷,구마가야역,Q735594,matched_station_line,station_name+line:上越新幹線,Wikidata CC0
0,72,8,本庄早稲田,혼조와세다역,Q1138362,matched_station_line,station_name+line:上越新幹線,Wikidata CC0
0,72,9,高崎,다카사키역,Q801505,matched_station_line,station_name+line:上越新幹線,Wikidata CC0
0,72,11,上毛高原,조모코겐역,Q1138087,matched_station_line,station_name+line:上越新幹線,Wikidata CC0
0,72,13,越後湯沢,에치고유자와역,Q1188630,matched_station_line,station_name+line:上越新幹線,Wikidata CC0
0,72,15,浦佐,우라사역,Q1138368,matched_station_line,station_name+line:上越新幹線,Wikidata CC0
0,72,17,長岡,나가오카역,Q1138252,matched_station_line,station_name+line:上越新幹線,Wikidata CC0
0,72,19,燕三条,쓰바메산조역,Q1131871,matched_station_line,station_name+line:上越新幹線,Wikidata CC0
0,72,21,新潟,니가타역,Q701753,matched_station_line,station_name+line:上越新幹線,Wikidata CC0
0,73,11,安中榛名,안나카하루나역,Q1138259,matched_station_line,station_name+line:北陸新幹線,Wikidata CC0
0,73,13,軽井沢,가루이자와역,Q1064215,matched_station_line,station_name+line:北陸新幹線,Wikidata CC0
0,73,15,佐久平,사쿠다이라역,Q1188565,matched_station_line,station_name+line:北陸新幹線,Wikidata CC0
0,73,17,上田,우에다역,Q1071375,matched_station_line,station_name+line:北陸新幹線,Wikidata CC0
0,73,19,長野,나가노역,Q374916,matched_station_line,station_name+line:北陸新幹線,Wikidata CC0
0,73,21,飯山,이야마역,Q5995045,matched_station_line,station_name+line:北陸新幹線,Wikidata CC0
0,73,23,上越妙高,조에쓰묘코역,Q15629351,matched_station_line,station_name+line:北陸新幹線,Wikidata CC0
0,73,25,糸魚川,이토이가와역,Q871596,matched_station_line,station_name+line:北陸新幹線,Wikidata CC0
0,73,27,黒部宇奈月温泉,구로베우나즈키온센역,Q7497114,matched_station_line,station_name+line:北陸新幹線,Wikidata CC0
0,73,29,富山,도야마역,Q1053070,matched_station_line,station_name+line:北陸新幹線,Wikidata CC0
0,73,31,新高岡,신타카오카역,Q7497129,matched_station_line,station_name+line:北陸新幹線,Wikidata CC0
0,73,33,金沢,가나자와역,Q1136378,matched_station_line,station_name+line:北陸新幹線,Wikidata CC0
0,75,1,津幡,쓰바타역,Q3701490,matched_station_line,station_name+line:七尾線,Wikidata CC0
0,75,2,中津幡,나카쓰바타역,Q6960100,matched_station_line,station_name+line:七尾線,Wikidata CC0
0,75,3,本津幡,혼쓰바타역,Q5891934,matched_station_line,station_name+line:七尾線,Wikidata CC0
0,75,4,能瀬,노세역,Q11611990,matched_station_line,station_name+line:七尾線,Wikidata CC0
0,75,6,宇野気,우노케역,Q11449891,matched_station_line,station_name+line:七尾線,Wikidata CC0
0,75,7,横山,요코야마역,Q8054695,matched_station_line,station_name+line:七尾線,Wikidata CC0
0,75,8,高松,다카마쓰역,Q7677134,matched_station_line,station_name+line:七尾線,Wikidata CC0
0,75,9,免田,멘덴역,Q6816597,matched_station_line,station_name+line:七尾線,Wikidata CC0
0,75,11,宝達,호다쓰역,Q5965165,matched_station_line,station_name+line:七尾線,Wikidata CC0
0,75,12,敷浪,시키나미역,Q7496593,matched_station_line,station_name+line:七尾線,Wikidata CC0
0,75,13,南羽咋,미나미하쿠이역,Q6862870,matched_station_line,station_name+line:七尾線,Wikidata CC0
0,75,14,羽咋,하쿠이역,Q5640629,matched_station_line,station_name+line:七尾線,Wikidata CC0
0,75,16,千路,지지역,Q5097324,matched_station_line,station_name+line:七尾線,Wikidata CC0
0,75,17,金丸,가네마루역,Q11646313,matched_station_line,station_name+line:七尾線,Wikidata CC0
0,75,18,能登部,노토베역,Q7063127,matched_station_line,station_name+line:七尾線,Wikidata CC0
0,75,19,良川,요시카와역,Q8056106,matched_station_line,station_name+line:七尾線,Wikidata CC0
0,75,21,能登二宮,노토니노미야역,Q7063099,matched_station_line,station_name+line:七尾線,Wikidata CC0
0,75,22,徳田,도쿠다 역 (이시카와 현),Q7813710,matched_station_line,station_name+line:七尾線,Wikidata CC0
0,75,23,七尾,나나오역,Q6962435,matched_station_line,station_name+line:のと鉄道七尾線,Wikidata CC0
0,75,24,和倉温泉,와쿠라온센역,Q6138219,matched_station_line,station_name+line:七尾線,Wikidata CC0
0,75,26,田鶴浜,다쓰루하마역,Q7688336,matched_station_line,station_name+line:のと鉄道七尾線,Wikidata CC0
0,75,27,笠師保,가사시호역,Q6374045,matched_station_line,station_name+line:のと鉄道七尾線,Wikidata CC0
0,75,28,能登中島,노토나카지마역,Q7063098,matched_station_line,station_name+line:のと鉄道七尾線,Wikidata CC0
0,75,29,西岸,니시기시역,Q8189152,matched_station_line,station_name+line:のと鉄道七尾線,Wikidata CC0
0,75,31,能登鹿島,노토카시마역,Q7063096,matched_station_line,station_name+line:のと鉄道七尾線,Wikidata CC0
0,75,32,穴水,아나미즈역,Q4751203,matched_station_line,station_name+line:のと鉄道七尾線,Wikidata CC0
0,76,65,西戸崎,사이토자키역,Q7402558,matched_station_line,station_name+line:香椎線,Wikidata CC0
0,76,66,海ノ中道,우미노나카미치역,Q7881550,matched_station_line,station_name+line:香椎線,Wikidata CC0
0,76,68,雁ノ巣,간노스역,Q5521437,matched_station_line,station_name+line:香椎線,Wikidata CC0
0,76,69,奈多,나타역,Q6967916,matched_station_line,station_name+line:香椎線,Wikidata CC0
0,76,70,和白,와지로역,Q7960723,matched_station_line,station_name+line:香椎線,Wikidata CC0
0,76,73,香椎神宮,가시진구역,Q6374286,matched_station_line,station_name+line:香椎線,Wikidata CC0
0,76,74,舞松原,마이마쓰바라역,Q11613635,matched_station_line,station_name+line:香椎線,Wikidata CC0
0,76,75,土井,도이역,Q5288604,matched_station_line,station_name+line:香椎線,Wikidata CC0
0,76,76,伊賀,이가역,Q5991412,matched_station_line,station_name+line:香椎線,Wikidata CC0
0,76,77,長者原,조자바루역,Q5118988,matched_station_line,station_name+line:香椎線,Wikidata CC0
0,76,78,酒殿,사카도역,Q7402737,matched_station_line,station_name+line:香椎線,Wikidata CC0
0,76,79,須恵,스에역,Q5361722,matched_station_line,station_name+line:香椎線,Wikidata CC0
0,76,80,須恵中央,스에추오역,Q7633991,matched_station_line,station_name+line:香椎線,Wikidata CC0
0,76,81,新原,신바루역,Q7497276,matched_station_line,station_name+line:香椎線,Wikidata CC0
0,76,82,宇美,우미역,Q8220392,matched_station_line,station_name+line:香椎線,Wikidata CC0
0,77,1,高岡,다카오카역,Q871547,matched_station_line,station_name+line:城端線,Wikidata CC0
0,77,3,二塚,후타쓰카역,Q5510494,matched_station_line,station_name+line:城端線,Wikidata CC0
0,77,4,林,하야시역,Q11533385,matched_station_line,station_name+line:城端線,Wikidata CC0
0,77,5,戸出,도이데역,Q7813344,matched_station_line,station_name+line:城端線,Wikidata CC0
0,77,6,油田,아부라덴역,Q4670654,matched_station_line,station_name+line:城端線,Wikidata CC0
0,77,7,砺波,도나미역,Q7820730,matched_station_line,station_name+line:城端線,Wikidata CC0
0,77,8,東野尻,히가시노지리역,Q5753783,matched_station_line,station_name+line:城端線,Wikidata CC0
0,77,9,高儀,다카기역,Q7677015,matched_station_line,station_name+line:城端線,Wikidata CC0
0,77,11,福野,후쿠노역,Q5507674,matched_station_line,station_name+line:城端線,Wikidata CC0
0,77,12,東石黒,히가시이시구로역,Q11528125,matched_station_line,station_name+line:城端線,Wikidata CC0
0,77,13,福光,후쿠미쓰역,Q5507669,matched_station_line,station_name+line:城端線,Wikidata CC0
0,77,14,越中山田,엣추야마다역,Q5402528,matched_station_line,station_name+line:城端線,Wikidata CC0
0,77,16,城端,조하나역,Q6322201,matched_station_line,station_name+line:城端線,Wikidata CC0
0,77,66,柚須,유스역,Q8061921,matched_station_line,station_name+line:篠栗線,Wikidata CC0
0,77,67,原町,하루마치역,Q5675782,matched_station_line,station_name+line:篠栗線,Wikidata CC0
0,77,68,長者原,조자바루역,Q5118988,matched_station_line,station_name+line:篠栗線,Wikidata CC0
0,77,69,門松,가도마쓰역,Q6345651,matched_station_line,station_name+line:篠栗線,Wikidata CC0
0,77,70,篠栗,사사구리역,Q7424975,matched_station_line,station_name+line:篠栗線,Wikidata CC0
0,77,72,筑前山手,지쿠젠야마테역,Q5097539,matched_station_line,station_name+line:篠栗線,Wikidata CC0
0,77,73,城戸南蔵院前,기도난조인마에역,Q6404839,matched_station_line,station_name+line:篠栗線,Wikidata CC0
0,77,75,九郎原,구로바루역,Q6447695,matched_station_line,station_name+line:篠栗線,Wikidata CC0
0,77,76,筑前大分,지쿠젠다이부역,Q5097526,matched_station_line,station_name+line:篠栗線,Wikidata CC0
0,77,78,桂川,게이센역,Q6383854,matched_station_line,station_name+line:篠栗線,Wikidata CC0
0,78,2,越中中川,엣추나카가와역,Q5402525,matched_station_line,station_name+line:氷見線,Wikidata CC0
0,78,3,能町,노마치역,Q7071607,matched_station_line,station_name+line:氷見線,Wikidata CC0
0,78,4,伏木,후시키역,Q5510021,matched_station_line,station_name+line:氷見線,Wikidata CC0
0,78,6,越中国分,엣추코쿠부역,Q11636382,matched_station_line,station_name+line:氷見線,Wikidata CC0
0,78,7,雨晴,아마하라시역,Q4739145,matched_station_line,station_name+line:氷見線,Wikidata CC0
0,78,8,島尾,시마오역,Q7496841,matched_station_line,station_name+line:氷見線,Wikidata CC0
0,78,9,氷見,히미역,Q5765332,matched_station_line,station_name+line:氷見線,Wikidata CC0
0,80,1,越前花堂,에치젠하난도역,Q898457,matched_station_line,station_name+line:越美北線,Wikidata CC0
0,80,3,六条,로쿠조역,Q7360105,matched_station_line,station_name+line:越美北線,Wikidata CC0
0,80,4,足羽,아스와역,Q4811964,matched_station_line,station_name+line:越美北線,Wikidata CC0
0,80,6,越前東郷,에치젠토고역,Q3701451,matched_station_line,station_name+line:越美北線,Wikidata CC0
0,80,7,一乗谷,이치조다니역,Q3611096,matched_station_line,station_name+line:越美北線,Wikidata CC0
0,80,8,越前高田,에치젠타카다역,Q5332622,matched_station_line,station_name+line:越美北線,Wikidata CC0
0,80,9,市波,이치나미역,Q5986228,matched_station_line,station_name+line:越美北線,Wikidata CC0
0,80,11,小和清水,고와쇼즈역,Q6435014,matched_station_line,station_name+line:越美北線,Wikidata CC0
0,80,12,美山,미야마역,Q6884307,matched_station_line,station_name+line:越美北線,Wikidata CC0
0,80,13,越前薬師,에치젠야쿠시역,Q5332627,matched_station_line,station_name+line:越美北線,Wikidata CC0
0,80,14,越前大宮,에치젠오미야역,Q5332628,matched_station_line,station_name+line:越美北線,Wikidata CC0
0,80,16,計石,하카리이시역,Q5640348,matched_station_line,station_name+line:越美北線,Wikidata CC0
0,80,17,牛ケ原,우시가하라역,Q3611209,matched_station_line,station_name+line:越美北線,Wikidata CC0
0,80,18,北大野,기타오노역,Q6417642,matched_station_line,station_name+line:越美北線,Wikidata CC0
0,80,19,越前大野,에치젠오노역,Q2815910,matched_station_line,station_name+line:越美北線,Wikidata CC0
0,80,21,越前田野,에치젠타노역,Q5332625,matched_station_line,station_name+line:越美北線,Wikidata CC0
0,80,22,越前富田,에치젠토미다역,Q5332626,matched_station_line,station_name+line:越美北線,Wikidata CC0
0,80,23,下唯野,시모유이노역,Q7496939,matched_station_line,station_name+line:越美北線,Wikidata CC0
0,80,24,柿ケ島,가키가시마역,Q6349439,matched_station_line,station_name+line:越美北線,Wikidata CC0
0,80,26,勝原,가도하라역,Q11400191,matched_station_line,station_name+line:越美北線,Wikidata CC0
0,80,27,越前下山,에치젠시모야마역,Q3701403,matched_station_line,station_name+line:越美北線,Wikidata CC0
0,80,28,九頭竜湖,구즈류코역,Q3611337,matched_station_line,station_name+line:越美北線,Wikidata CC0
0,80,195,遠矢,도야역,Q7862744,matched_station_line,station_name+line:釧網本線,Wikidata CC0
0,80,196,釧路湿原,구시로시쓰겐역,Q848124,matched_station_line,station_name+line:釧網本線,Wikidata CC0
0,80,197,細岡,호소오카역,Q5908221,matched_station_line,station_name+line:釧網本線,Wikidata CC0
0,80,198,塘路,도로역,Q7862708,matched_station_line,station_name+line:釧網本線,Wikidata CC0
0,80,200,茅沼,가야누마역,Q6380464,matched_station_line,station_name+line:釧網本線,Wikidata CC0
0,80,201,五十石,고짓코쿠역,Q5577970,matched_station_line,station_name+line:釧網本線,Wikidata CC0
0,80,202,標茶,시베차역,Q1059174,matched_station_line,station_name+line:釧網本線,Wikidata CC0
0,80,203,磯分内,이소분나이역,Q6085371,matched_station_line,station_name+line:釧網本線,Wikidata CC0
0,80,206,摩周,마슈역,Q848259,matched_station_line,station_name+line:釧網本線,Wikidata CC0
0,80,207,美留和,비루와역,Q4917148,matched_station_line,station_name+line:釧網本線,Wikidata CC0
0,80,208,川湯温泉,가와유온센역,Q6379906,matched_station_line,station_name+line:釧網本線,Wikidata CC0
0,80,210,緑,미도리역,Q8191033,matched_station_line,station_name+line:釧網本線,Wikidata CC0
0,80,211,札弦,삿쓰루역,Q7426547,matched_station_line,station_name+line:釧網本線,Wikidata CC0
0,80,212,清里町,기요사토초역,Q6419076,matched_station_line,station_name+line:釧網本線,Wikidata CC0
0,80,215,中斜里,나카샤리역,Q6960096,matched_station_line,station_name+line:釧網本線,Wikidata CC0
0,80,216,知床斜里,시레토코샤리역,Q7498558,matched_station_line,station_name+line:釧網本線,Wikidata CC0
0,80,217,止別,야무베쓰역,Q8048114,matched_station_line,station_name+line:釧網本線,Wikidata CC0
0,80,218,浜小清水,하마코시미즈역,Q8190017,matched_station_line,station_name+line:釧網本線,Wikidata CC0
0,80,220,原生花園,겐세이카엔역,Q5533564,matched_station_line,station_name+line:釧網本線,Wikidata CC0
0,80,221,北浜,기타하마역,Q6417718,matched_station_line,station_name+line:釧網本線,Wikidata CC0
0,80,222,藻琴,모코토역,Q6895402,matched_station_line,station_name+line:釧網本線,Wikidata CC0
0,80,223,鱒浦,마스우라역,Q6785737,matched_station_line,station_name+line:釧網本線,Wikidata CC0
0,80,225,桂台,가쓰라다이역,Q6378181,matched_station_line,station_name+line:釧網本線,Wikidata CC0
0,81,1,松本,마쓰모토역,Q843167,matched_station_line,station_name+line:大糸線,Wikidata CC0
0,81,2,北松本,기타마쓰모토역,Q6417567,matched_station_line,station_name+line:大糸線,Wikidata CC0
0,81,3,島内,시마우치역,Q7496846,matched_station_line,station_name+line:大糸線,Wikidata CC0
0,81,4,島高松,시마타카마쓰역,Q7496843,matched_station_line,station_name+line:大糸線,Wikidata CC0
0,81,6,梓橋,아즈사바시역,Q4833136,matched_station_line,station_name+line:大糸線,Wikidata CC0
0,81,7,一日市場,히토이치바역,Q11352732,matched_station_line,station_name+line:大糸線,Wikidata CC0
0,81,8,中萱,나카가야역,Q6960149,matched_station_line,station_name+line:大糸線,Wikidata CC0
0,81,9,南豊科,미나미토요시나역,Q6862980,matched_station_line,station_name+line:大糸線,Wikidata CC0
0,81,11,豊科,도요시나역,Q7830722,matched_station_line,station_name+line:大糸線,Wikidata CC0
0,81,12,柏矢町,하쿠야초역,Q11533856,matched_station_line,station_name+line:大糸線,Wikidata CC0
0,81,13,穂高,호타카역,Q11597112,matched_station_line,station_name+line:大糸線,Wikidata CC0
0,81,14,有明,아리아케역,Q4790200,matched_station_line,station_name+line:大糸線,Wikidata CC0
0,81,16,安曇追分,아즈미오이와케역,Q4833079,matched_station_line,station_name+line:大糸線,Wikidata CC0
0,81,17,細野,호소노역,Q11606179,matched_station_line,station_name+line:大糸線,Wikidata CC0
0,81,18,北細野,기타호소노역,Q6417542,matched_station_line,station_name+line:大糸線,Wikidata CC0
0,81,19,信濃松川,시나노마쓰카와역,Q7497260,matched_station_line,station_name+line:大糸線,Wikidata CC0
0,81,21,安曇沓掛,아즈미쿠쓰카케역,Q4833081,matched_station_line,station_name+line:大糸線,Wikidata CC0
0,81,22,信濃常盤,시나노토키와역,Q7497267,matched_station_line,station_name+line:大糸線,Wikidata CC0
0,81,23,南大町,미나미오마치역,Q11407681,matched_station_line,station_name+line:大糸線,Wikidata CC0
0,81,24,信濃大町,시나노오마치역,Q7497271,matched_station_line,station_name+line:大糸線,Wikidata CC0
0,81,26,北大町,기타오마치역,Q6417637,matched_station_line,station_name+line:大糸線,Wikidata CC0
0,81,27,信濃木崎,시나노키자키역,Q7497259,matched_station_line,station_name+line:大糸線,Wikidata CC0
0,81,28,稲尾,이나오역,Q11596577,matched_station_line,station_name+line:大糸線,Wikidata CC0
0,81,29,海ノ口,우미노쿠치역,Q7881581,matched_station_line,station_name+line:大糸線,Wikidata CC0
0,81,30,簗場,야나바역,Q8048215,matched_station_line,station_name+line:大糸線,Wikidata CC0
0,81,32,南神城,미나미카미시로역,Q6862924,matched_station_line,station_name+line:大糸線,Wikidata CC0
0,81,33,神城,가미시로역,Q6358531,matched_station_line,station_name+line:大糸線,Wikidata CC0
0,81,34,飯森,이모리역,Q11666418,matched_station_line,station_name+line:大糸線,Wikidata CC0
0,81,36,白馬,하쿠바역,Q5640613,matched_station_line,station_name+line:大糸線,Wikidata CC0
0,81,38,信濃森上,시나노모리우에역,Q7497261,matched_station_line,station_name+line:大糸線,Wikidata CC0
0,81,39,白馬大池,하쿠바오이케역,Q5640612,matched_station_line,station_name+line:大糸線,Wikidata CC0
0,81,40,千国,지쿠니역,Q5097507,matched_station_line,station_name+line:大糸線,Wikidata CC0
0,81,41,南小谷,미나미오타리역,Q6862961,matched_station_line,station_name+line:大糸線,Wikidata CC0
0,81,42,中土,나카쓰치역,Q6960352,matched_station_line,station_name+line:大糸線,Wikidata CC0
0,81,43,北小谷,기타오타리역,Q6417591,matched_station_line,station_name+line:大糸線,Wikidata CC0
0,81,44,平岩,히라이와역,Q5768913,matched_station_line,station_name+line:大糸線,Wikidata CC0
0,81,46,小滝,고타키역,Q6433853,matched_station_line,station_name+line:大糸線,Wikidata CC0
0,81,47,根知,네치역,Q6985470,matched_station_line,station_name+line:大糸線,Wikidata CC0
0,81,48,頸城大野,구비키오노역,Q11664980,matched_station_line,station_name+line:大糸線,Wikidata CC0
0,81,50,姫川,히메카와역,Q5765272,matched_station_line,station_name+line:大糸線,Wikidata CC0
0,82,2,広丘,히로오카역,Q3797740,matched_station_line,station_name+line:篠ノ井線,Wikidata CC0
0,82,3,村井,무라이역,Q3797730,matched_station_line,station_name+line:篠ノ井線,Wikidata CC0
0,82,4,平田,히라타역,Q3797724,matched_station_line,station_name+line:篠ノ井線,Wikidata CC0
0,82,5,南松本,미나미마쓰모토역,Q3797513,matched_station_line,station_name+line:篠ノ井線,Wikidata CC0
0,82,7,田沢,다자와역,Q3883191,matched_station_line,station_name+line:篠ノ井線,Wikidata CC0
0,82,8,明科,아카시나역,Q3883758,matched_station_line,station_name+line:篠ノ井線,Wikidata CC0
0,82,9,西条,니시조역,Q371933,matched_station_line,station_name+line:篠ノ井線,Wikidata CC0
0,82,10,坂北,사카키타역,Q3883765,matched_station_line,station_name+line:篠ノ井線,Wikidata CC0
0,82,11,聖高原,히지리코겐역,Q3883270,matched_station_line,station_name+line:篠ノ井線,Wikidata CC0
0,82,12,冠着,가무리키역,Q3883754,matched_station_line,station_name+line:篠ノ井線,Wikidata CC0
0,82,13,姨捨,오바스테역,Q3883282,matched_station_line,station_name+line:篠ノ井線,Wikidata CC0
0,82,14,稲荷山,이나리야마역,Q981519,matched_station_line,station_name+line:篠ノ井線,Wikidata CC0
0,82,15,篠ノ井,시노노이역,Q5357193,matched_station_line,station_name+line:篠ノ井線,Wikidata CC0
0,82,17,今井,이마이역,Q5357138,matched_station_line,station_name+line:信越本線,Wikidata CC0
0,82,19,川中島,가와나카지마역,Q5357074,matched_station_line,station_name+line:信越本線,Wikidata CC0
0,82,21,安茂里,아모리역,Q981709,matched_station_line,station_name+line:信越本線,Wikidata CC0
0,82,66,緑川,미도리카와역,Q6842946,matched_station_line,station_name+line:三角線,Wikidata CC0
0,82,67,住吉,스미요시역,Q7637171,matched_station_line,station_name+line:三角線,Wikidata CC0
0,82,68,肥後長浜,히고나가하마역,Q5760158,matched_station_line,station_name+line:三角線,Wikidata CC0
0,82,70,網田,오다역,Q8081436,matched_station_line,station_name+line:三角線,Wikidata CC0
0,82,71,赤瀬,아카세역,Q4700327,matched_station_line,station_name+line:三角線,Wikidata CC0
0,82,72,石打ダム,이시우치다무역,Q6080416,matched_station_line,station_name+line:三角線,Wikidata CC0
0,82,73,波多浦,하타우라역,Q8192114,matched_station_line,station_name+line:三角線,Wikidata CC0
0,82,74,三角,미스미역,Q8189975,matched_station_line,station_name+line:三角線,Wikidata CC0
0,83,2,甲斐小泉,가이코이즈미역,Q3525778,matched_station_line,station_name+line:小海線,Wikidata CC0
0,83,3,甲斐大泉,가이오이즈미역,Q3558352,matched_station_line,station_name+line:小海線,Wikidata CC0
0,83,4,清里,기요사토역,Q6419072,matched_station_line,station_name+line:小海線,Wikidata CC0
0,83,6,野辺山,노베야마역,Q3616013,matched_station_line,station_name+line:小海線,Wikidata CC0
0,83,7,信濃川上,시나노카와카미역,Q7497257,matched_station_line,station_name+line:小海線,Wikidata CC0
0,83,8,佐久広瀬,사쿠히로세역,Q7403127,matched_station_line,station_name+line:小海線,Wikidata CC0
0,83,9,佐久海ノ口,사쿠우미노쿠치역,Q7403128,matched_station_line,station_name+line:小海線,Wikidata CC0
0,83,11,海尻,우미지리역,Q7881572,matched_station_line,station_name+line:小海線,Wikidata CC0
0,83,12,松原湖,마쓰바라코역,Q6788020,matched_station_line,station_name+line:小海線,Wikidata CC0
0,83,13,小海,고우미역,Q6434616,matched_station_line,station_name+line:小海線,Wikidata CC0
0,83,14,馬流,마나가시역,Q6746622,matched_station_line,station_name+line:小海線,Wikidata CC0
0,83,16,高岩,다카이와역,Q7677090,matched_station_line,station_name+line:小海線,Wikidata CC0
0,83,17,八千穂,야치호역,Q8046421,matched_station_line,station_name+line:小海線,Wikidata CC0
0,83,18,海瀬,가이제역,Q6348734,matched_station_line,station_name+line:小海線,Wikidata CC0
0,83,19,羽黒下,하구로시타역,Q5638848,matched_station_line,station_name+line:小海線,Wikidata CC0
0,83,21,青沼,아오누마역,Q4778718,matched_station_line,station_name+line:小海線,Wikidata CC0
0,83,22,臼田,우스다역,Q7902246,matched_station_line,station_name+line:小海線,Wikidata CC0
0,83,23,龍岡城,다쓰오카조역,Q7688330,matched_station_line,station_name+line:小海線,Wikidata CC0
0,83,24,太田部,오타베역,Q8081739,matched_station_line,station_name+line:小海線,Wikidata CC0
0,83,25,中込,나카고미역,Q6960151,matched_station_line,station_name+line:小海線,Wikidata CC0
0,83,26,滑津,나메즈역,Q6961680,matched_station_line,station_name+line:小海線,Wikidata CC0
0,83,27,北中込,기타나카고미역,Q6417576,matched_station_line,station_name+line:小海線,Wikidata CC0
0,83,28,岩村田,이와무라다역,Q6100527,matched_station_line,station_name+line:小海線,Wikidata CC0
0,83,29,佐久平,사쿠다이라역,Q1188565,matched_station_line,station_name+line:小海線,Wikidata CC0
0,83,30,中佐都,나카사토역,Q6960311,matched_station_line,station_name+line:小海線,Wikidata CC0
0,83,31,美里,미사토역,Q6875171,matched_station_line,station_name+line:小海線,Wikidata CC0
0,83,32,三岡,미쓰오카역,Q6883336,matched_station_line,station_name+line:小海線,Wikidata CC0
0,83,33,乙女,오토메역,Q7108977,matched_station_line,station_name+line:小海線,Wikidata CC0
0,83,34,東小諸,히가시코모로역,Q11526660,matched_station_line,station_name+line:小海線,Wikidata CC0
0,83,35,小諸,고모로역,Q6428516,matched_station_line,station_name+line:小海線,Wikidata CC0
0,83,76,球泉洞,규센도역,Q6453150,matched_station_line,station_name+line:肥薩線,Wikidata CC0
0,83,77,一勝地,잇쇼치역,Q6088261,matched_station_line,station_name+line:肥薩線,Wikidata CC0
0,83,82,人吉,히토요시역,Q8190132,matched_station_line,station_name+line:肥薩線,Wikidata CC0
0,83,87,吉松,요시마쓰역,Q5375416,matched_station_line,station_name+line:肥薩線,Wikidata CC0
0,83,88,栗野,구리노역,Q5375458,matched_station_line,station_name+line:肥薩線,Wikidata CC0
0,83,90,大隅横川,오스미요코가와역,Q5375494,matched_station_line,station_name+line:肥薩線,Wikidata CC0
0,83,91,植村,우에무라역,Q5375531,matched_station_line,station_name+line:肥薩線,Wikidata CC0
0,83,92,霧島温泉,기리시마온센역,Q5375612,matched_station_line,station_name+line:肥薩線,Wikidata CC0
0,83,93,嘉例川,가레이가와역,Q5375650,matched_station_line,station_name+line:肥薩線,Wikidata CC0
0,83,95,中福良,나카후쿠라역,Q5375706,matched_station_line,station_name+line:肥薩線,Wikidata CC0
0,83,96,表木山,효키야마역,Q5375751,matched_station_line,station_name+line:肥薩線,Wikidata CC0
0,83,97,日当山,히나타야마역,Q5375847,matched_station_line,station_name+line:肥薩線,Wikidata CC0
0,84,1,豊野,도요노역,Q5355867,matched_station_line,station_name+line:飯山線,Wikidata CC0
0,84,2,信濃浅野,시나노아사노역,Q7497255,matched_station_line,station_name+line:飯山線,Wikidata CC0
0,84,3,立ケ花,다테가하나역,Q7687990,matched_station_line,station_name+line:飯山線,Wikidata CC0
0,84,4,上今井,가미이마이역,Q6357799,matched_station_line,station_name+line:飯山線,Wikidata CC0
0,84,6,替佐,가에사역,Q6346024,matched_station_line,station_name+line:飯山線,Wikidata CC0
0,84,7,蓮,하치스역,Q5637088,matched_station_line,station_name+line:飯山線,Wikidata CC0
0,84,9,北飯山,기타이야마역,Q6417544,matched_station_line,station_name+line:飯山線,Wikidata CC0
0,84,11,信濃平,시나노타이라역,Q7497266,matched_station_line,station_name+line:飯山線,Wikidata CC0
0,84,12,戸狩野沢温泉,도가리노자와온센역,Q7813041,matched_station_line,station_name+line:飯山線,Wikidata CC0
0,84,13,上境,가미사카이역,Q6358498,matched_station_line,station_name+line:飯山線,Wikidata CC0
0,84,14,上桑名川,가미쿠와나가와역,Q6357167,matched_station_line,station_name+line:飯山線,Wikidata CC0
0,84,16,桑名川,구와나가와역,Q6449053,matched_station_line,station_name+line:飯山線,Wikidata CC0
0,84,17,西大滝,니시오타키역,Q7040475,matched_station_line,station_name+line:飯山線,Wikidata CC0
0,84,18,信濃白鳥,시나노시라토리역,Q7497265,matched_station_line,station_name+line:飯山線,Wikidata CC0
0,84,19,平滝,히라타키역,Q5769513,matched_station_line,station_name+line:飯山線,Wikidata CC0
0,84,20,横倉,요코쿠라역,Q8054662,matched_station_line,station_name+line:飯山線,Wikidata CC0
0,84,21,森宮野原,모리미야노하라역,Q6912094,matched_station_line,station_name+line:飯山線,Wikidata CC0
0,84,22,足滝,아시다키역,Q4805058,matched_station_line,station_name+line:飯山線,Wikidata CC0
0,84,23,越後田中,에치고타나카역,Q5332424,matched_station_line,station_name+line:飯山線,Wikidata CC0
0,84,25,津南,쓰난역,Q7850176,matched_station_line,station_name+line:飯山線,Wikidata CC0
0,84,26,越後鹿渡,에치고시카와타리역,Q5332421,matched_station_line,station_name+line:飯山線,Wikidata CC0
0,84,27,越後田沢,에치고타자와역,Q5332425,matched_station_line,station_name+line:飯山線,Wikidata CC0
0,84,28,越後水沢,에치고미즈사와역,Q5332418,matched_station_line,station_name+line:飯山線,Wikidata CC0
0,84,30,土市,도이치역,Q5288614,matched_station_line,station_name+line:飯山線,Wikidata CC0
0,84,31,十日町,도카마치역,Q7862688,matched_station_line,station_name+line:飯山線,Wikidata CC0
0,84,32,魚沼中条,우오누마나카조역,Q7897886,matched_station_line,station_name+line:飯山線,Wikidata CC0
0,84,33,下条,게조역,Q2368853,matched_station_line,station_name+line:飯山線,Wikidata CC0
0,84,35,越後岩沢,에치고이와사와역,Q5332410,matched_station_line,station_name+line:飯山線,Wikidata CC0
0,84,36,内ケ巻,우치가마키역,Q7876715,matched_station_line,station_name+line:飯山線,Wikidata CC0
0,84,38,小千谷,오지야역,Q3698840,matched_station_line,station_name+line:上越線,Wikidata CC0
0,84,40,越後滝谷,에치고타키야역,Q3698858,matched_station_line,station_name+line:上越線,Wikidata CC0
0,85,2,東柏崎,히가시카시와자키역,Q5753600,matched_station_line,station_name+line:越後線,Wikidata CC0
0,85,3,西中通,니시나카도리역,Q7040382,matched_station_line,station_name+line:越後線,Wikidata CC0
0,85,4,荒浜,아라하마역,Q4783750,matched_station_line,station_name+line:越後線,Wikidata CC0
0,85,6,刈羽,가리와역,Q6371115,matched_station_line,station_name+line:越後線,Wikidata CC0
0,85,7,西山,니시야마역,Q11627916,matched_station_line,station_name+line:越後線,Wikidata CC0
0,85,8,礼拝,라이하이역,Q7283837,matched_station_line,station_name+line:越後線,Wikidata CC0
0,85,9,石地,이시지역,Q11585339,matched_station_line,station_name+line:越後線,Wikidata CC0
0,85,11,小木ノ城,오기노조역,Q7080070,matched_station_line,station_name+line:越後線,Wikidata CC0
0,85,12,出雲崎,이즈모자키역,Q6102426,matched_station_line,station_name+line:越後線,Wikidata CC0
0,85,13,妙法寺,묘호지역,Q6949384,matched_station_line,station_name+line:越後線,Wikidata CC0
0,85,14,小島谷,오지마야역,Q7081632,matched_station_line,station_name+line:越後線,Wikidata CC0
0,85,16,桐原,기리하라역,Q6415154,matched_station_line,station_name+line:越後線,Wikidata CC0
0,85,17,寺泊,데라도마리역,Q7701514,matched_station_line,station_name+line:越後線,Wikidata CC0
0,85,18,分水,분스이역,Q4997919,matched_station_line,station_name+line:越後線,Wikidata CC0
0,85,19,粟生津,아오즈역,Q4833414,matched_station_line,station_name+line:越後線,Wikidata CC0
0,85,20,南吉田,미나미요시다역,Q6862991,matched_station_line,station_name+line:越後線,Wikidata CC0
0,85,21,吉田,요시다역,Q8056004,matched_station_line,station_name+line:越後線,Wikidata CC0
0,85,22,北吉田,기타요시다역,Q6417624,matched_station_line,station_name+line:越後線,Wikidata CC0
0,85,23,岩室,이와무로역,Q11474353,matched_station_line,station_name+line:越後線,Wikidata CC0
0,85,24,巻,마키역,Q6739504,matched_station_line,station_name+line:越後線,Wikidata CC0
0,85,25,越後曽根,에치고소네역,Q5332422,matched_station_line,station_name+line:越後線,Wikidata CC0
0,85,26,越後赤塚,에치고아카쓰카역,Q5332407,matched_station_line,station_name+line:越後線,Wikidata CC0
0,85,27,内野西が丘,우치노니시가오카역,Q7876731,matched_station_line,station_name+line:越後線,Wikidata CC0
0,85,28,内野,우치노역,Q7876732,matched_station_line,station_name+line:越後線,Wikidata CC0
0,85,29,新潟大学前,니가타다이가쿠마에역,Q801256,matched_station_line,station_name+line:越後線,Wikidata CC0
0,85,30,寺尾,데라오역,Q7701583,matched_station_line,station_name+line:越後線,Wikidata CC0
0,85,31,小針,고바리역,Q6424268,matched_station_line,station_name+line:越後線,Wikidata CC0
0,85,32,青山,아오야마역,Q4778836,matched_station_line,station_name+line:越後線,Wikidata CC0
0,85,33,関屋,세키야역,Q7447217,matched_station_line,station_name+line:越後線,Wikidata CC0
0,85,34,白山,하쿠산역,Q5640658,matched_station_line,station_name+line:越後線,Wikidata CC0
0,85,35,上所,가미토코로역,Q110268723,matched_station_line,station_name+line:越後線,Wikidata CC0
0,86,1,弥彦,야히코역,Q8046814,matched_station_line,station_name+line:弥彦線,Wikidata CC0
0,86,2,矢作,야하기역,Q8046789,matched_station_line,station_name+line:弥彦線,Wikidata CC0
0,86,3,吉田,요시다역,Q8056004,matched_station_line,station_name+line:弥彦線,Wikidata CC0
0,86,4,西燕,니시쓰바메역,Q7040435,matched_station_line,station_name+line:弥彦線,Wikidata CC0
0,86,5,燕,쓰바메역,Q7849892,matched_station_line,station_name+line:弥彦線,Wikidata CC0
0,86,6,燕三条,쓰바메산조역,Q1131871,matched_station_line,station_name+line:弥彦線,Wikidata CC0
0,86,7,北三条,기타산조역,Q6417595,matched_station_line,station_name+line:弥彦線,Wikidata CC0
0,86,66,郡元,고리모토역,Q869329,matched_station_line,station_name+line:指宿枕崎線,Wikidata CC0
0,86,67,南鹿児島,미나미가고시마역,Q869240,matched_station_line,station_name+line:指宿枕崎線,Wikidata CC0
0,86,68,宇宿,우스키역,Q869464,matched_station_line,station_name+line:指宿枕崎線,Wikidata CC0
0,86,70,谷山,다니야마역,Q869075,matched_station_line,station_name+line:指宿枕崎線,Wikidata CC0
0,86,71,慈眼寺,지겐지역,Q869268,matched_station_line,station_name+line:指宿枕崎線,Wikidata CC0
0,86,72,坂之上,사카노우에역,Q870838,matched_station_line,station_name+line:指宿枕崎線,Wikidata CC0
0,86,73,五位野,고이노역,Q870525,matched_station_line,station_name+line:指宿枕崎線,Wikidata CC0
0,86,75,平川,히라카와역,Q870832,matched_station_line,station_name+line:指宿枕崎線,Wikidata CC0
0,86,76,瀬々串,세세쿠시역,Q870563,matched_station_line,station_name+line:指宿枕崎線,Wikidata CC0
0,86,77,中名,나카묘역,Q871029,matched_station_line,station_name+line:指宿枕崎線,Wikidata CC0
0,86,78,喜入,기이레역,Q872715,matched_station_line,station_name+line:指宿枕崎線,Wikidata CC0
0,86,80,前之浜,마에노하마역,Q872681,matched_station_line,station_name+line:指宿枕崎線,Wikidata CC0
0,86,81,生見,누쿠미역,Q872607,matched_station_line,station_name+line:指宿枕崎線,Wikidata CC0
0,86,82,薩摩今和泉,사쓰마이마이즈미역,Q873048,matched_station_line,station_name+line:指宿枕崎線,Wikidata CC0
0,86,83,宮ケ浜,미야가하마역,Q872805,matched_station_line,station_name+line:指宿枕崎線,Wikidata CC0
0,86,85,二月田,니가쓰덴역,Q872642,matched_station_line,station_name+line:指宿枕崎線,Wikidata CC0
0,86,86,指宿,이부스키역,Q872956,matched_station_line,station_name+line:指宿枕崎線,Wikidata CC0
0,86,87,山川,야마카와역,Q8047840,matched_station_line,station_name+line:指宿枕崎線,Wikidata CC0
0,86,89,大山,오야마역,Q8081812,matched_station_line,station_name+line:指宿枕崎線,Wikidata CC0
0,86,90,西大山,니시오야마역,Q801260,matched_station_line,station_name+line:指宿枕崎線,Wikidata CC0
0,86,91,薩摩川尻,사쓰마카와시리역,Q7426498,matched_station_line,station_name+line:指宿枕崎線,Wikidata CC0
0,86,92,東開聞,히가시카이몬역,Q5753585,matched_station_line,station_name+line:指宿枕崎線,Wikidata CC0
0,86,94,開聞,가이몬역,Q6348036,matched_station_line,station_name+line:指宿枕崎線,Wikidata CC0
0,86,95,入野,이리노역,Q6070036,matched_station_line,station_name+line:指宿枕崎線,Wikidata CC0
0,86,96,頴娃,에이역,Q5348694,matched_station_line,station_name+line:指宿枕崎線,Wikidata CC0
0,86,97,西頴娃,니시에이역,Q7040328,matched_station_line,station_name+line:指宿枕崎線,Wikidata CC0
0,86,99,御領,고료역,Q5587024,matched_station_line,station_name+line:指宿枕崎線,Wikidata CC0
0,86,100,石垣,이시카키역,Q8192092,matched_station_line,station_name+line:指宿枕崎線,Wikidata CC0
0,86,101,水成川,미즈나리카와역,Q6884868,matched_station_line,station_name+line:指宿枕崎線,Wikidata CC0
0,86,102,頴娃大川,에이오카와역,Q5348688,matched_station_line,station_name+line:指宿枕崎線,Wikidata CC0
0,86,104,松ケ浦,마쓰가우라역,Q252322,matched_station_line,station_name+line:指宿枕崎線,Wikidata CC0
0,86,105,薩摩塩屋,사쓰마시오야역,Q5374582,matched_station_line,station_name+line:指宿枕崎線,Wikidata CC0
0,86,106,白沢,시라사와역,Q5374545,matched_station_line,station_name+line:指宿枕崎線,Wikidata CC0
0,86,107,薩摩板敷,사쓰마이타시키역,Q5374483,matched_station_line,station_name+line:指宿枕崎線,Wikidata CC0
0,86,109,枕崎,마쿠라자키역,Q5374442,matched_station_line,station_name+line:指宿枕崎線,Wikidata CC0
0,87,2,西新発田,니시시바타역,Q7040400,matched_station_line,station_name+line:白新線,Wikidata CC0
0,87,3,佐々木,사사키역,Q7424988,matched_station_line,station_name+line:白新線,Wikidata CC0
0,87,4,黒山,구로야마역,Q11678101,matched_station_line,station_name+line:白新線,Wikidata CC0
0,87,6,豊栄,도요사카역,Q11633770,matched_station_line,station_name+line:白新線,Wikidata CC0
0,87,7,早通,하야도리역,Q5685949,matched_station_line,station_name+line:白新線,Wikidata CC0
0,87,8,新崎,니자키역,Q7034508,matched_station_line,station_name+line:白新線,Wikidata CC0
0,87,9,大形,오가타역,Q8081468,matched_station_line,station_name+line:白新線,Wikidata CC0
0,87,11,東新潟,히가시니가타역,Q5753771,matched_station_line,station_name+line:白新線,Wikidata CC0
0,88,3,小泉,고이즈미역,Q6426396,matched_station_line,station_name+line:太多線,Wikidata CC0
0,88,4,根本,네모토역,Q6991333,matched_station_line,station_name+line:太多線,Wikidata CC0
0,88,6,姫,히메역,Q5765215,matched_station_line,station_name+line:太多線,Wikidata CC0
0,88,7,下切,시모기리역,Q7496961,matched_station_line,station_name+line:太多線,Wikidata CC0
0,88,9,可児,가니역,Q6363050,matched_station_line,station_name+line:太多線,Wikidata CC0
0,88,10,美濃川合,미노카와이역,Q6868904,matched_station_line,station_name+line:太多線,Wikidata CC0
0,88,66,新鳥栖,신토스역,Q1136568,matched_station_line,station_name+line:長崎本線,Wikidata CC0
0,88,67,肥前麓,히젠후모토역,Q5359166,matched_station_line,station_name+line:長崎本線,Wikidata CC0
0,88,69,中原,나카바루역,Q5359031,matched_station_line,station_name+line:長崎本線,Wikidata CC0
0,88,71,吉野ケ里公園,요시노가리코엔역,Q5363800,matched_station_line,station_name+line:長崎本線,Wikidata CC0
0,88,72,神埼,간자키역,Q5358654,matched_station_line,station_name+line:長崎本線,Wikidata CC0
0,88,74,伊賀屋,이가야역,Q5359030,matched_station_line,station_name+line:長崎本線,Wikidata CC0
0,88,76,佐賀,사가역,Q1042665,matched_station_line,station_name+line:長崎本線,Wikidata CC0
0,88,78,鍋島,나베시마역,Q5367881,matched_station_line,station_name+line:長崎本線,Wikidata CC0
0,88,79,バルーンさが,벌룬 사가역,Q4851866,matched_station_line,station_name+line:長崎本線,Wikidata CC0
0,88,80,久保田,구보타역,Q852060,matched_station_line,station_name+line:長崎本線,Wikidata CC0
0,88,81,牛津,우시즈역,Q5358773,matched_station_line,station_name+line:長崎本線,Wikidata CC0
0,88,83,江北,고호쿠역,Q872564,matched_station_line,station_name+line:長崎本線,Wikidata CC0
0,88,85,肥前白石,히젠시로이시역,Q8011203,matched_station_line,station_name+line:長崎本線,Wikidata CC0
0,88,87,肥前竜王,히젠류오역,Q375617,matched_station_line,station_name+line:長崎本線,Wikidata CC0
0,88,89,肥前鹿島,히젠카시마역,Q5357103,matched_station_line,station_name+line:長崎本線,Wikidata CC0
0,88,91,肥前浜,히젠하마역,Q5357093,matched_station_line,station_name+line:長崎本線,Wikidata CC0
0,88,93,肥前七浦,히젠나나우라역,Q5357178,matched_station_line,station_name+line:長崎本線,Wikidata CC0
0,88,94,肥前飯田,히젠이다역,Q8010990,matched_station_line,station_name+line:長崎本線,Wikidata CC0
0,88,96,多良,다라역,Q7685150,matched_station_line,station_name+line:長崎本線,Wikidata CC0
0,88,98,肥前大浦,히젠오우라역,Q5356956,matched_station_line,station_name+line:長崎本線,Wikidata CC0
0,88,100,小長井,고나가이역,Q6428718,matched_station_line,station_name+line:長崎本線,Wikidata CC0
0,88,101,長里,나가사토역,Q5356801,matched_station_line,station_name+line:長崎本線,Wikidata CC0
0,88,102,湯江,유에역,Q5355790,matched_station_line,station_name+line:長崎本線,Wikidata CC0
0,88,103,小江,오에역,Q5355652,matched_station_line,station_name+line:長崎本線,Wikidata CC0
0,88,105,肥前長田,히젠나가타역,Q5355503,matched_station_line,station_name+line:長崎本線,Wikidata CC0
0,88,106,東諫早,히가시이사하야역,Q5356543,matched_station_line,station_name+line:長崎本線,Wikidata CC0
0,88,107,諫早,이사하야역,Q901393,matched_station_line,station_name+line:長崎本線,Wikidata CC0
0,88,108,西諫早,니시이사하야역,Q1066111,matched_station_line,station_name+line:長崎本線,Wikidata CC0
0,88,109,市布,이치누노역,Q5356149,matched_station_line,station_name+line:長崎本線,Wikidata CC0
0,88,110,喜々津,기키쓰역,Q5356036,matched_station_line,station_name+line:長崎本線,Wikidata CC0
0,88,112,肥前古賀,히젠코가역,Q5356000,matched_station_line,station_name+line:長崎本線,Wikidata CC0
0,88,113,現川,우쓰쓰가와역,Q5355514,matched_station_line,station_name+line:長崎本線,Wikidata CC0
0,88,115,浦上,우라카미역,Q5356132,matched_station_line,station_name+line:長崎本線,Wikidata CC0
0,88,116,長崎,나가사키역,Q1076315,matched_station_line,station_name+line:長崎本線,Wikidata CC0
0,89,3,淵垣,후치가키역,Q5506928,matched_station_line,station_name+line:舞鶴線,Wikidata CC0
0,89,4,梅迫,우메자코역,Q7881519,matched_station_line,station_name+line:舞鶴線,Wikidata CC0
0,89,6,真倉,마구라역,Q6732545,matched_station_line,station_name+line:舞鶴線,Wikidata CC0
0,89,7,西舞鶴,니시마이즈루역,Q8192400,matched_station_line,station_name+line:舞鶴線,Wikidata CC0
0,89,9,東舞鶴,히가시마이즈루역,Q5753681,matched_station_line,station_name+line:舞鶴線,Wikidata CC0
0,89,11,松尾寺,마쓰노오데라역,Q6788173,matched_station_line,station_name+line:小浜線,Wikidata CC0
0,89,12,青郷,아오노고역,Q4778709,matched_station_line,station_name+line:小浜線,Wikidata CC0
0,89,13,三松,미쓰마쓰역,Q6883302,matched_station_line,station_name+line:小浜線,Wikidata CC0
0,89,14,若狭高浜,와카사타카하마역,Q7960833,matched_station_line,station_name+line:小浜線,Wikidata CC0
0,89,16,若狭和田,와카사와다역,Q7960834,matched_station_line,station_name+line:小浜線,Wikidata CC0
0,89,17,若狭本郷,와카사혼고역,Q7960831,matched_station_line,station_name+line:小浜線,Wikidata CC0
0,89,18,加斗,가토역,Q6377755,matched_station_line,station_name+line:小浜線,Wikidata CC0
0,89,19,勢浜,세이하마역,Q7446696,matched_station_line,station_name+line:小浜線,Wikidata CC0
0,89,21,小浜,오바마역,Q7074612,matched_station_line,station_name+line:小浜線,Wikidata CC0
0,89,22,東小浜,히가시오바마역,Q11526659,matched_station_line,station_name+line:小浜線,Wikidata CC0
0,89,23,新平野,신히라노역,Q7497091,matched_station_line,station_name+line:小浜線,Wikidata CC0
0,89,24,上中,가미나카역,Q11358411,matched_station_line,station_name+line:小浜線,Wikidata CC0
0,89,26,若狭有田,와카사아리타역,Q4982270,matched_station_line,station_name+line:小浜線,Wikidata CC0
0,89,27,大鳥羽,오토바역,Q8081764,matched_station_line,station_name+line:小浜線,Wikidata CC0
0,89,28,十村,도무라역,Q7820418,matched_station_line,station_name+line:小浜線,Wikidata CC0
0,89,29,藤井,후지이역,Q5507417,matched_station_line,station_name+line:小浜線,Wikidata CC0
0,89,31,三方,미카타역,Q6845725,matched_station_line,station_name+line:小浜線,Wikidata CC0
0,89,32,気山,기야마역,Q6418955,matched_station_line,station_name+line:小浜線,Wikidata CC0
0,89,33,美浜,미하마역,Q6845246,matched_station_line,station_name+line:小浜線,Wikidata CC0
0,89,34,東美浜,히가시미하마역,Q5753699,matched_station_line,station_name+line:小浜線,Wikidata CC0
0,89,36,粟野,아와노역,Q4829804,matched_station_line,station_name+line:小浜線,Wikidata CC0
0,89,37,西敦賀,니시쓰루가역,Q7040437,matched_station_line,station_name+line:小浜線,Wikidata CC0
0,89,67,東園,히가시소노역,Q5355431,matched_station_line,station_name+line:長崎本線,Wikidata CC0
0,89,69,大草,오쿠사역,Q5355384,matched_station_line,station_name+line:長崎本線,Wikidata CC0
0,89,71,本川内,혼카와치역,Q5355952,matched_station_line,station_name+line:長崎本線,Wikidata CC0
0,89,73,長与,나가요역,Q6958730,matched_station_line,station_name+line:長崎本線,Wikidata CC0
0,89,75,高田,고다역,Q5356482,matched_station_line,station_name+line:長崎本線,Wikidata CC0
0,89,80,道ノ尾,미치노오역,Q5356492,matched_station_line,station_name+line:長崎本線,Wikidata CC0
0,89,81,西浦上,니시우라카미역,Q5356633,matched_station_line,station_name+line:長崎本線,Wikidata CC0
0,90,27,西舞鶴,니시마이즈루역,Q8192400,matched_station_line,station_name+line:宮津線,Wikidata CC0
0,91,2,福島,후쿠시마역,Q855584,matched_station_line,station_name+line:大阪環状線,Wikidata CC0
0,91,3,野田,노다역,Q1131361,matched_station_line,station_name+line:大阪環状線,Wikidata CC0
0,91,4,西九条,니시쿠조역,Q1130919,matched_station_line,station_name+line:大阪環状線,Wikidata CC0
0,91,6,弁天町,벤텐초역,Q1131017,matched_station_line,station_name+line:大阪環状線,Wikidata CC0
0,91,7,大正,다이쇼역,Q1131158,matched_station_line,station_name_only,Wikidata CC0
0,91,8,芦原橋,아시하라바시역,Q1130913,matched_station_line,station_name+line:大阪環状線,Wikidata CC0
0,91,10,今宮,이마미야역,Q1131355,matched_station_line,station_name+line:大阪環状線,Wikidata CC0
0,91,11,新今宮,신이마미야역,Q59349,matched_station_line,station_name+line:大阪環状線,Wikidata CC0
0,91,67,小城,오기역,Q11459485,matched_station_line,station_name+line:唐津線,Wikidata CC0
0,91,69,東多久,히가시타쿠역,Q11526440,matched_station_line,station_name+line:唐津線,Wikidata CC0
0,91,70,中多久,나카타쿠역,Q11363542,matched_station_line,station_name+line:唐津線,Wikidata CC0
0,91,71,多久,다쿠역,Q5363258,matched_station_line,station_name+line:唐津線,Wikidata CC0
0,91,73,厳木,규라기역,Q6453144,matched_station_line,station_name+line:唐津線,Wikidata CC0
0,91,74,岩屋,이와야역,Q6100857,matched_station_line,station_name+line:唐津線,Wikidata CC0
0,91,75,相知,오치역,Q8081434,matched_station_line,station_name+line:唐津線,Wikidata CC0
0,91,76,本牟田部,혼무타베역,Q5896564,matched_station_line,station_name+line:唐津線,Wikidata CC0
0,91,78,山本,야마모토역,Q8047860,matched_station_line,station_name+line:唐津線,Wikidata CC0
0,91,79,鬼塚,오니즈카역,Q7093973,matched_station_line,station_name+line:唐津線,Wikidata CC0
0,91,80,唐津,가라쓰역,Q852147,matched_station_line,station_name+line:唐津線,Wikidata CC0
0,91,81,西唐津,니시카라쓰역,Q5367579,matched_station_line,station_name+line:唐津線,Wikidata CC0
0,92,2,安治川口,아지카와구치역,Q1042791,matched_station_line,station_name+line:桜島線,Wikidata CC0
0,92,3,ユニバーサルシティ,유니버설시티역,Q1131139,matched_station_line,station_name+line:桜島線,Wikidata CC0
0,92,4,桜島,사쿠라지마역,Q1042687,matched_station_line,station_name+line:桜島線,Wikidata CC0
0,92,67,大町,오마치역,Q8081601,matched_station_line,station_name+line:佐世保線,Wikidata CC0
0,92,68,北方,기타가타역,Q5363124,matched_station_line,station_name+line:佐世保線,Wikidata CC0
0,92,70,高橋,다카하시역,Q7677035,matched_station_line,station_name+line:佐世保線,Wikidata CC0
0,92,71,武雄温泉,다케오온센역,Q2105971,matched_station_line,station_name+line:佐世保線,Wikidata CC0
0,92,73,永尾,나가오역,Q6958485,matched_station_line,station_name+line:佐世保線,Wikidata CC0
0,92,75,三間坂,미마사카역,Q5365283,matched_station_line,station_name+line:佐世保線,Wikidata CC0
0,92,77,上有田,가미아리타역,Q6357099,matched_station_line,station_name+line:佐世保線,Wikidata CC0
0,92,78,有田,아리타역,Q4791116,matched_station_line,station_name+line:佐世保線,Wikidata CC0
0,92,80,三河内,미카와치역,Q6845759,matched_station_line,station_name+line:佐世保線,Wikidata CC0
0,92,82,早岐,하이키역,Q5639131,matched_station_line,station_name+line:佐世保線,Wikidata CC0
0,92,83,大塔,다이토역,Q5209814,matched_station_line,station_name+line:佐世保線,Wikidata CC0
0,92,84,日宇,히우역,Q5872748,matched_station_line,station_name+line:佐世保線,Wikidata CC0
0,92,86,佐世保,사세보역,Q848748,matched_station_line,station_name+line:佐世保線,Wikidata CC0
0,93,6,塚口,쓰카구치역,Q847972,matched_station_line,station_name+line:福知山線,Wikidata CC0
0,93,7,猪名寺,이나데라역,Q848148,matched_station_line,station_name+line:福知山線,Wikidata CC0
0,93,8,伊丹,이타미역,Q848338,matched_station_line,station_name+line:福知山線,Wikidata CC0
0,93,10,北伊丹,기타이타미역,Q855819,matched_station_line,station_name+line:福知山線,Wikidata CC0
0,93,12,川西池田,가와니시이케다역,Q855900,matched_station_line,station_name+line:福知山線,Wikidata CC0
0,93,15,中山寺,나카야마데라역,Q856035,matched_station_line,station_name+line:福知山線,Wikidata CC0
0,93,17,宝塚,다카라즈카역,Q1043188,matched_station_line,station_name+line:福知山線,Wikidata CC0
0,93,18,生瀬,나마제역,Q856558,matched_station_line,station_name+line:福知山線,Wikidata CC0
0,93,20,西宮名塩,니시노미야나지오역,Q856588,matched_station_line,station_name+line:福知山線,Wikidata CC0
0,93,21,武田尾,다케다오역,Q856446,matched_station_line,station_name+line:福知山線,Wikidata CC0
0,93,23,道場,도조역,Q856528,matched_station_line,station_name+line:福知山線,Wikidata CC0
0,93,25,三田,산다역,Q856534,matched_station_line,station_name+line:福知山線,Wikidata CC0
0,93,27,新三田,신산다역,Q856477,matched_station_line,station_name+line:福知山線,Wikidata CC0
0,93,28,広野,히로노역,Q856530,matched_station_line,station_name+line:福知山線,Wikidata CC0
0,93,30,相野,아이노역,Q1043180,matched_station_line,station_name+line:福知山線,Wikidata CC0
0,93,32,藍本,아이모토역,Q1043156,matched_station_line,station_name+line:福知山線,Wikidata CC0
0,93,33,草野,구사노역,Q856525,matched_station_line,station_name+line:福知山線,Wikidata CC0
0,93,35,古市,후루이치역,Q741929,matched_station_line,station_name+line:福知山線,Wikidata CC0
0,93,36,南矢代,미나미야시로역,Q856536,matched_station_line,station_name+line:福知山線,Wikidata CC0
0,93,37,篠山口,사사야마구치역,Q966175,matched_station_line,station_name+line:福知山線,Wikidata CC0
0,93,38,丹波大山,단바오야마역,Q1043193,matched_station_line,station_name+line:福知山線,Wikidata CC0
0,93,40,下滝,시모타키역,Q1043138,matched_station_line,station_name+line:福知山線,Wikidata CC0
0,93,41,谷川,다니카와역,Q1043144,matched_station_line,station_name+line:福知山線,Wikidata CC0
0,93,43,柏原,가이바라역,Q1043199,matched_station_line,station_name+line:福知山線,Wikidata CC0
0,93,44,石生,이소역,Q780639,matched_station_line,station_name+line:福知山線,Wikidata CC0
0,93,46,黒井,구로이역,Q1043268,matched_station_line,station_name+line:福知山線,Wikidata CC0
0,93,48,市島,이치지마역,Q1043262,matched_station_line,station_name+line:福知山線,Wikidata CC0
0,93,49,丹波竹田,단바타케다역,Q1043249,matched_station_line,station_name+line:福知山線,Wikidata CC0
0,94,19,日岡,히오카역,Q3095774,matched_station_line,station_name+line:加古川線,Wikidata CC0
0,94,21,神野,간노역,Q3096678,matched_station_line,station_name+line:加古川線,Wikidata CC0
0,94,23,厄神,야쿠진역,Q1000516,matched_station_line,station_name+line:加古川線,Wikidata CC0
0,94,24,市場,이치바역,Q3095779,matched_station_line,station_name+line:加古川線,Wikidata CC0
0,94,25,小野町,오노마치역,Q3095828,matched_station_line,station_name+line:加古川線,Wikidata CC0
0,94,26,粟生,아오역,Q1104653,matched_station_line,station_name+line:加古川線,Wikidata CC0
0,94,28,河合西,가와이니시역,Q3096683,matched_station_line,station_name+line:加古川線,Wikidata CC0
0,94,29,青野ケ原,아오노가하라역,Q3095654,matched_station_line,station_name+line:加古川線,Wikidata CC0
0,94,30,社町,야시로초역,Q3098102,matched_station_line,station_name+line:加古川線,Wikidata CC0
0,94,32,滝野,다키노역,Q3097828,matched_station_line,station_name+line:加古川線,Wikidata CC0
0,94,34,滝,다키역,Q3097830,matched_station_line,station_name+line:加古川線,Wikidata CC0
0,94,35,西脇市,니시와키시역,Q3097213,matched_station_line,station_name+line:加古川線,Wikidata CC0
0,94,36,新西脇,신니시와키역,Q3097735,matched_station_line,station_name+line:加古川線,Wikidata CC0
0,94,37,比延,히에역,Q3095773,matched_station_line,station_name+line:加古川線,Wikidata CC0
0,94,39,日本へそ公園,니혼헤소코엔역,Q3097208,matched_station_line,station_name+line:加古川線,Wikidata CC0
0,94,40,黒田庄,구로다쇼역,Q3096707,matched_station_line,station_name+line:加古川線,Wikidata CC0
0,94,42,本黒田,혼쿠로다역,Q3095776,matched_station_line,station_name+line:加古川線,Wikidata CC0
0,94,43,船町口,후나마치구치역,Q3096506,matched_station_line,station_name+line:加古川線,Wikidata CC0
0,94,45,久下村,구게무라역,Q3096704,matched_station_line,station_name+line:加古川線,Wikidata CC0
0,94,66,ハウステンボス,하우스텐보스역,Q852106,matched_station_line,station_name+line:大村線,Wikidata CC0
0,94,67,南風崎,하에노사키역,Q5638286,matched_station_line,station_name+line:大村線,Wikidata CC0
0,94,68,小串郷,오구시고역,Q7080305,matched_station_line,station_name+line:大村線,Wikidata CC0
0,94,70,川棚,가와타나역,Q6379885,matched_station_line,station_name+line:大村線,Wikidata CC0
0,94,71,彼杵,소노기역,Q7562156,matched_station_line,station_name+line:大村線,Wikidata CC0
0,94,72,千綿,지와타역,Q5102598,matched_station_line,station_name+line:大村線,Wikidata CC0
0,94,73,松原,마쓰바라역,Q6788015,matched_station_line,station_name+line:大村線,Wikidata CC0
0,94,75,竹松,다케마쓰역,Q7678011,matched_station_line,station_name+line:大村線,Wikidata CC0
0,94,77,諏訪,스와역,Q7650541,matched_station_line,station_name+line:大村線,Wikidata CC0
0,94,78,大村,오무라역,Q8081636,matched_station_line,station_name+line:大村線,Wikidata CC0
0,94,79,岩松,이와마쓰역,Q6100462,matched_station_line,station_name+line:大村線,Wikidata CC0
0,95,1,JR難波,JR 난바역,Q945659,matched_station_line,station_name+line:関西本線,Wikidata CC0
0,95,5,東部市場前,도부시조마에역,Q856565,matched_station_line,station_name+line:関西本線,Wikidata CC0
0,95,6,平野,히라노역,Q856598,matched_station_line,station_name+line:関西本線,Wikidata CC0
0,95,7,加美,가미역,Q856615,matched_station_line,station_name+line:関西本線,Wikidata CC0
0,95,8,久宝寺,규호지역,Q856114,matched_station_line,station_name+line:関西本線,Wikidata CC0
0,95,9,八尾,야오역,Q856485,matched_station_line,station_name+line:関西本線,Wikidata CC0
0,95,11,志紀,시키역,Q856440,matched_station_line,station_name+line:関西本線,Wikidata CC0
0,95,12,柏原,가시와라역,Q856463,matched_station_line,station_name+line:関西本線,Wikidata CC0
0,95,13,高井田,다카이다역,Q856508,matched_station_line,station_name+line:関西本線,Wikidata CC0
0,95,14,河内堅上,가와치카타카미역,Q856499,matched_station_line,station_name+line:関西本線,Wikidata CC0
0,95,15,三郷,산고역,Q856606,matched_station_line,station_name+line:関西本線,Wikidata CC0
0,95,16,王寺,오지역,Q856582,matched_station_line,station_name+line:関西本線,Wikidata CC0
0,95,18,法隆寺,호류지역,Q856458,matched_station_line,station_name+line:関西本線,Wikidata CC0
0,95,19,大和小泉,야마토코이즈미역,Q856532,matched_station_line,station_name+line:関西本線,Wikidata CC0
0,95,20,郡山,고리야마역,Q856526,matched_station_line,station_name+line:関西本線,Wikidata CC0
0,95,22,奈良,나라역,Q1150978,matched_station_line,station_name+line:関西本線,Wikidata CC0
0,95,24,平城山,나라야마역,Q1043313,matched_station_line,station_name+line:関西本線,Wikidata CC0
0,95,26,木津,기즈역,Q1131666,matched_station_line,station_name+line:関西本線,Wikidata CC0
0,95,28,加茂,가모역,Q847866,matched_station_line,station_name+line:関西本線,Wikidata CC0
0,95,30,笠置,가사기역,Q5362591,matched_station_line,station_name+line:関西本線,Wikidata CC0
0,95,31,大河原,오카와라역,Q11437092,matched_station_line,station_name+line:関西本線,Wikidata CC0
0,95,32,月ケ瀬口,쓰키가세구치역,Q7850061,matched_station_line,station_name+line:関西本線,Wikidata CC0
0,95,33,島ケ原,시마가하라역,Q7496813,matched_station_line,station_name+line:関西本線,Wikidata CC0
0,95,34,伊賀上野,이가우에노역,Q3701508,matched_station_line,station_name+line:関西本線,Wikidata CC0
0,95,35,佐那具,사나구역,Q7415467,matched_station_line,station_name+line:関西本線,Wikidata CC0
0,95,36,新堂,신도역,Q7497321,matched_station_line,station_name+line:関西本線,Wikidata CC0
0,95,38,柘植,쓰게역,Q3701483,matched_station_line,station_name+line:関西本線,Wikidata CC0
0,95,40,加太,가부토 역 (미에현),Q6344527,matched_station_line,station_name+line:関西本線,Wikidata CC0
0,95,42,関,세키역,Q7447191,matched_station_line,station_name+line:関西本線,Wikidata CC0
0,95,45,井田川,이다가와역,Q5358568,matched_station_line,station_name+line:関西本線,Wikidata CC0
0,95,46,加佐登,가사도역,Q5358774,matched_station_line,station_name+line:関西本線,Wikidata CC0
0,95,48,河曲,가와노역,Q5358787,matched_station_line,station_name+line:関西本線,Wikidata CC0
0,95,50,河原田,가와라다역,Q4559716,matched_station_line,station_name+line:関西本線,Wikidata CC0
0,95,52,南四日市,미나미욧카이치역,Q5358515,matched_station_line,station_name+line:関西本線,Wikidata CC0
0,95,54,四日市,욧카이치역,Q5358995,matched_station_line,station_name+line:関西本線,Wikidata CC0
0,95,56,富田浜,도미다하마역,Q5358789,matched_station_line,station_name+line:関西本線,Wikidata CC0
0,95,57,富田,도미다역,Q5358756,matched_station_line,station_name+line:関西本線,Wikidata CC0
0,95,58,朝日,아사히역,Q872516,matched_station_line,station_name+line:関西本線,Wikidata CC0
0,95,59,桑名,구와나역,Q5359101,matched_station_line,station_name+line:関西本線,Wikidata CC0
0,95,61,長島,나가시마역,Q5359213,matched_station_line,station_name+line:関西本線,Wikidata CC0
0,95,63,弥富,야토미역,Q5359289,matched_station_line,station_name+line:関西本線,Wikidata CC0
0,95,65,永和,에이와역,Q5350076,matched_station_line,station_name+line:関西本線,Wikidata CC0
0,95,66,蟹江,가니에역,Q5359263,matched_station_line,station_name+line:関西本線,Wikidata CC0
0,95,67,春田,하루타역,Q5359282,matched_station_line,station_name+line:関西本線,Wikidata CC0
0,95,68,八田,핫타역,Q863200,matched_station_line,station_name+line:関西本線,Wikidata CC0
0,96,1,京都,교토역,Q801046,matched_station_line,station_name_only,Wikidata CC0
0,96,2,東福寺,도후쿠지역,Q1044897,matched_station_line,station_name+line:奈良線,Wikidata CC0
0,96,3,稲荷,이나리역,Q510674,matched_station_line,station_name+line:奈良線,Wikidata CC0
0,96,4,JR藤森,JR 후지노모리역,Q1048325,matched_station_line,station_name+line:奈良線,Wikidata CC0
0,96,6,桃山,모모야마역,Q1048827,matched_station_line,station_name+line:奈良線,Wikidata CC0
0,96,7,六地蔵,로쿠지조역,Q1134785,matched_station_line,station_name_only,Wikidata CC0
0,96,8,木幡,고하타역,Q1049419,matched_station_line,station_name+line:奈良線,Wikidata CC0
0,96,12,宇治,우지역,Q1049000,matched_station_line,station_name+line:奈良線,Wikidata CC0
0,96,13,JR小倉,JR 오구라역,Q1049411,matched_station_line,station_name+line:奈良線,Wikidata CC0
0,96,14,新田,신덴역,Q974100,matched_station_line,station_name+line:奈良線,Wikidata CC0
0,96,16,城陽,조요역,Q1049427,matched_station_line,station_name+line:奈良線,Wikidata CC0
0,96,17,長池,나가이케역,Q1049403,matched_station_line,station_name+line:奈良線,Wikidata CC0
0,96,19,山城青谷,야마시로아오다니역,Q1048994,matched_station_line,station_name+line:奈良線,Wikidata CC0
0,96,20,山城多賀,야마시로타가역,Q591754,matched_station_line,station_name+line:奈良線,Wikidata CC0
0,96,21,玉水,다마미즈역,Q1049014,matched_station_line,station_name+line:奈良線,Wikidata CC0
0,96,23,棚倉,다나쿠라역,Q1049005,matched_station_line,station_name+line:奈良線,Wikidata CC0
0,96,25,上狛,가미코마역,Q1049010,matched_station_line,station_name+line:奈良線,Wikidata CC0
0,96,31,京終,교바테역,Q3655910,matched_station_line,station_name+line:桜井線,Wikidata CC0
0,96,32,帯解,오비토케역,Q3702696,matched_station_line,station_name+line:桜井線,Wikidata CC0
0,96,33,櫟本,이치노모토역,Q3936059,matched_station_line,station_name+line:桜井線,Wikidata CC0
0,96,35,天理,덴리역,Q4188394,matched_station_line,station_name+line:桜井線,Wikidata CC0
0,96,36,長柄,나가라역,Q4188736,matched_station_line,station_name+line:桜井線,Wikidata CC0
0,96,37,柳本,야나기모토역,Q4188827,matched_station_line,station_name+line:桜井線,Wikidata CC0
0,96,38,巻向,마키무쿠역,Q4980794,matched_station_line,station_name+line:桜井線,Wikidata CC0
0,96,40,三輪,미와역,Q5362082,matched_station_line,station_name+line:桜井線,Wikidata CC0
0,96,41,桜井,사쿠라이역,Q5361714,matched_station_line,station_name+line:桜井線,Wikidata CC0
0,96,42,香久山,가구야마역,Q5361884,matched_station_line,station_name+line:桜井線,Wikidata CC0
0,96,43,畝傍,우네비역,Q5362428,matched_station_line,station_name+line:桜井線,Wikidata CC0
0,96,45,金橋,가나하시역,Q5362037,matched_station_line,station_name+line:桜井線,Wikidata CC0
0,96,46,高田,다카다역,Q3615865,matched_station_line,station_name+line:和歌山線,Wikidata CC0
0,96,47,JR五位堂,JR 고이도역,Q3655990,matched_station_line,station_name+line:和歌山線,Wikidata CC0
0,96,48,香芝,가시바역,Q3655907,matched_station_line,station_name+line:和歌山線,Wikidata CC0
0,96,49,志都美,시즈미역,Q3655904,matched_station_line,station_name+line:和歌山線,Wikidata CC0
0,96,50,畠田,하타케다역,Q3655902,matched_station_line,station_name+line:和歌山線,Wikidata CC0
0,98,66,久留米高校前,구루메코코마에역,Q5359544,matched_station_line,station_name+line:久大本線,Wikidata CC0
0,98,67,南久留米,미나미쿠루메역,Q6862946,matched_station_line,station_name+line:久大本線,Wikidata CC0
0,98,68,久留米大学前,구루메다이가쿠마에역,Q4405128,matched_station_line,station_name+line:久大本線,Wikidata CC0
0,98,69,御井,미이역,Q4405132,matched_station_line,station_name+line:久大本線,Wikidata CC0
0,98,71,善導寺,젠도지역,Q4405136,matched_station_line,station_name+line:久大本線,Wikidata CC0
0,98,73,筑後草野,지쿠고쿠사노역,Q4778776,matched_station_line,station_name+line:久大本線,Wikidata CC0
0,98,75,田主丸,다누시마루역,Q4844946,matched_station_line,station_name+line:久大本線,Wikidata CC0
0,98,77,筑後吉井,지쿠고요시이역,Q4844938,matched_station_line,station_name+line:久大本線,Wikidata CC0
0,98,78,うきは,우키하역,Q4898188,matched_station_line,station_name+line:久大本線,Wikidata CC0
0,98,79,筑後大石,지쿠고오이시역,Q4898217,matched_station_line,station_name+line:久大本線,Wikidata CC0
0,98,80,光岡,데루오카역,Q7705341,matched_station_line,station_name+line:久大本線,Wikidata CC0
0,98,81,夜明,요아케역,Q4898235,matched_station_line,station_name+line:久大本線,Wikidata CC0
0,98,84,日田,히타역,Q5871577,matched_station_line,station_name+line:久大本線,Wikidata CC0
0,98,85,豊後三芳,분고미요시역,Q4997665,matched_station_line,station_name+line:久大本線,Wikidata CC0
0,98,87,豊後中川,분고나카가와역,Q4997667,matched_station_line,station_name+line:久大本線,Wikidata CC0
0,98,89,天ケ瀬,아마가세역,Q4739122,matched_station_line,station_name+line:久大本線,Wikidata CC0
0,98,90,杉河内,스기카와치역,Q7635117,matched_station_line,station_name+line:久大本線,Wikidata CC0
0,98,91,北山田,기타야마다역,Q6417616,matched_station_line,station_name+line:久大本線,Wikidata CC0
0,98,92,豊後森,분고모리역,Q4997666,matched_station_line,station_name+line:久大本線,Wikidata CC0
0,98,94,恵良,에라역,Q5384789,matched_station_line,station_name+line:久大本線,Wikidata CC0
0,98,95,引治,히키지역,Q10980626,matched_station_line,station_name+line:久大本線,Wikidata CC0
0,98,96,豊後中村,분고나카무라역,Q251216,matched_station_line,station_name+line:久大本線,Wikidata CC0
0,98,97,野矢,노야역,Q10957062,matched_station_line,station_name+line:久大本線,Wikidata CC0
0,98,99,由布院,유후인역,Q8060317,matched_station_line,station_name+line:久大本線,Wikidata CC0
0,98,100,南由布,미나미유후역,Q6862994,matched_station_line,station_name+line:久大本線,Wikidata CC0
0,98,101,湯平,유노히라역,Q8061354,matched_station_line,station_name+line:久大本線,Wikidata CC0
0,98,102,庄内,쇼나이역,Q7506186,matched_station_line,station_name+line:久大本線,Wikidata CC0
0,98,104,天神山,덴진야마역,Q7699888,matched_station_line,station_name+line:久大本線,Wikidata CC0
0,98,105,小野屋,오노야역,Q7094525,matched_station_line,station_name+line:久大本線,Wikidata CC0
0,98,107,鬼瀬,오니가세역,Q7093897,matched_station_line,station_name+line:久大本線,Wikidata CC0
0,98,108,向之原,무카이노하루역,Q6933389,matched_station_line,station_name+line:久大本線,Wikidata CC0
0,98,110,豊後国分,분고코쿠부역,Q4997663,matched_station_line,station_name+line:久大本線,Wikidata CC0
0,98,111,賀来,가쿠역,Q6349670,matched_station_line,station_name+line:久大本線,Wikidata CC0
0,98,112,南大分,미나미오이타역,Q6863029,matched_station_line,station_name+line:久大本線,Wikidata CC0
0,98,113,古国府,후루고역,Q5509791,matched_station_line,station_name+line:久大本線,Wikidata CC0
0,99,2,美章園,비쇼엔역,Q2728956,matched_station_line,station_name+line:阪和線,Wikidata CC0
0,99,3,南田辺,미나미타나베역,Q856538,matched_station_line,station_name+line:阪和線,Wikidata CC0
0,99,4,鶴ケ丘,쓰루가오카역,Q856981,matched_station_line,station_name+line:阪和線,Wikidata CC0
0,99,6,長居,나가이역,Q1044114,matched_station_line,station_name+line:阪和線,Wikidata CC0
0,99,7,我孫子町,아비코초역,Q857356,matched_station_line,station_name+line:阪和線,Wikidata CC0
0,99,8,杉本町,스기모토초역,Q857446,matched_station_line,station_name+line:阪和線,Wikidata CC0
0,99,9,浅香,아사카역,Q1043687,matched_station_line,station_name+line:阪和線,Wikidata CC0
0,99,11,堺市,사카이시역,Q615003,matched_station_line,station_name+line:阪和線,Wikidata CC0
0,99,13,百舌鳥,모즈역,Q856909,matched_station_line,station_name+line:阪和線,Wikidata CC0
0,99,14,上野芝,우에노시바역,Q856750,matched_station_line,station_name+line:阪和線,Wikidata CC0
0,99,16,津久野,쓰쿠노역,Q856917,matched_station_line,station_name+line:阪和線,Wikidata CC0
0,99,17,鳳,오토리역,Q857394,matched_station_line,station_name+line:阪和線,Wikidata CC0
0,99,18,富木,도노키역,Q857450,matched_station_line,station_name+line:阪和線,Wikidata CC0
0,99,19,北信太,기타시노다역,Q856975,matched_station_line,station_name+line:阪和線,Wikidata CC0
0,99,21,信太山,시노다야마역,Q856945,matched_station_line,station_name+line:阪和線,Wikidata CC0
0,99,22,和泉府中,이즈미후추역,Q856928,matched_station_line,station_name+line:阪和線,Wikidata CC0
0,99,24,久米田,구메다역,Q857003,matched_station_line,station_name+line:阪和線,Wikidata CC0
0,99,25,下松,시모마쓰역,Q522214,matched_station_line,station_name+line:阪和線,Wikidata CC0
0,99,27,東岸和田,히가시키시와다역,Q857440,matched_station_line,station_name+line:阪和線,Wikidata CC0
0,99,28,東貝塚,히가시카이즈카역,Q857412,matched_station_line,station_name+line:阪和線,Wikidata CC0
0,99,30,和泉橋本,이즈미하시모토역,Q898395,matched_station_line,station_name+line:阪和線,Wikidata CC0
0,99,31,東佐野,히가시사노역,Q856969,matched_station_line,station_name+line:阪和線,Wikidata CC0
0,99,33,熊取,구마토리역,Q857013,matched_station_line,station_name+line:阪和線,Wikidata CC0
0,99,35,日根野,히네노역,Q856937,matched_station_line,station_name+line:阪和線,Wikidata CC0
0,99,36,長滝,나가타키역,Q857423,matched_station_line,station_name+line:阪和線,Wikidata CC0
0,99,38,新家,신게역,Q857033,matched_station_line,station_name+line:阪和線,Wikidata CC0
0,99,39,和泉砂川,이즈미스나가와역,Q857378,matched_station_line,station_name+line:阪和線,Wikidata CC0
0,99,41,和泉鳥取,이즈미톳토리역,Q856960,matched_station_line,station_name+line:阪和線,Wikidata CC0
0,99,42,山中渓,야마나카다니역,Q857428,matched_station_line,station_name+line:阪和線,Wikidata CC0
0,99,45,紀伊,기이역,Q857023,matched_station_line,station_name+line:阪和線,Wikidata CC0
0,99,47,六十谷,무소타역,Q857433,matched_station_line,station_name+line:阪和線,Wikidata CC0
0,99,49,紀伊中ノ島,기이나카노시마역,Q857454,matched_station_line,station_name+line:阪和線,Wikidata CC0
0,100,66,平成,헤이세이역,Q11482959,matched_station_line,station_name+line:豊肥本線,Wikidata CC0
0,100,67,南熊本,미나미쿠마모토역,Q6862932,matched_station_line,station_name+line:豊肥本線,Wikidata CC0
0,100,68,新水前寺,신스이젠지역,Q7497128,matched_station_line,station_name+line:豊肥本線,Wikidata CC0
0,100,70,水前寺,스이젠지역,Q7635605,matched_station_line,station_name+line:豊肥本線,Wikidata CC0
0,100,71,東海学園前,도카이가쿠엔마에역,Q7862672,matched_station_line,station_name+line:豊肥本線,Wikidata CC0
0,100,72,竜田口,다쓰타구치역,Q7688344,matched_station_line,station_name+line:豊肥本線,Wikidata CC0
0,100,74,武蔵塚,무사시즈카역,Q6940187,matched_station_line,station_name+line:豊肥本線,Wikidata CC0
0,100,75,光の森,히카리노모리역,Q11388245,matched_station_line,station_name+line:豊肥本線,Wikidata CC0
0,100,76,三里木,산리기역,Q7418923,matched_station_line,station_name+line:豊肥本線,Wikidata CC0
0,100,77,原水,하라미즈역,Q5654093,matched_station_line,station_name+line:豊肥本線,Wikidata CC0
0,100,78,肥後大津,히고오즈역,Q5760148,matched_station_line,station_name+line:豊肥本線,Wikidata CC0
0,100,79,瀬田,세타역,Q7456324,matched_station_line,station_name+line:豊肥本線,Wikidata CC0
0,100,81,立野,다테노역,Q7688002,matched_station_line,station_name+line:豊肥本線,Wikidata CC0
0,100,82,赤水,아카미즈역,Q4700240,matched_station_line,station_name+line:豊肥本線,Wikidata CC0
0,100,83,市ノ川,이치노카와역,Q5986234,matched_station_line,station_name+line:豊肥本線,Wikidata CC0
0,100,84,内牧,우치노마키역,Q7876736,matched_station_line,station_name+line:豊肥本線,Wikidata CC0
0,100,86,阿蘇,아소역,Q4807479,matched_station_line,station_name+line:豊肥本線,Wikidata CC0
0,100,87,いこいの村,이코이노무라역,Q11259169,matched_station_line,station_name+line:豊肥本線,Wikidata CC0
0,100,88,宮地,미야지역,Q6884211,matched_station_line,station_name+line:豊肥本線,Wikidata CC0
0,100,89,波野,나미노역,Q6961889,matched_station_line,station_name+line:豊肥本線,Wikidata CC0
0,100,91,滝水,다키미즈역,Q7678300,matched_station_line,station_name+line:豊肥本線,Wikidata CC0
0,100,92,豊後荻,분고오기역,Q4997668,matched_station_line,station_name+line:豊肥本線,Wikidata CC0
0,100,93,玉来,다마라이역,Q7680877,matched_station_line,station_name+line:豊肥本線,Wikidata CC0
0,100,94,豊後竹田,분고타케타역,Q4997670,matched_station_line,station_name+line:豊肥本線,Wikidata CC0
0,100,96,朝地,아사지역,Q4803411,matched_station_line,station_name+line:豊肥本線,Wikidata CC0
0,100,97,緒方,오가타역,Q7079847,matched_station_line,station_name+line:豊肥本線,Wikidata CC0
0,100,98,豊後清川,분고키요카와역,Q4997662,matched_station_line,station_name+line:豊肥本線,Wikidata CC0
0,100,99,三重町,미에마치역,Q11357714,matched_station_line,station_name+line:豊肥本線,Wikidata CC0
0,100,101,菅尾,스가오역,Q7634716,matched_station_line,station_name+line:豊肥本線,Wikidata CC0
0,100,102,犬飼,이누카이역,Q6059273,matched_station_line,station_name+line:豊肥本線,Wikidata CC0
0,100,104,竹中,다케나카역,Q7678031,matched_station_line,station_name+line:豊肥本線,Wikidata CC0
0,100,105,中判田,나카한다역,Q6960160,matched_station_line,station_name+line:豊肥本線,Wikidata CC0
0,100,107,大分大学前,오이타다이가쿠마에역,Q8081517,matched_station_line,station_name+line:豊肥本線,Wikidata CC0
0,100,108,敷戸,시키도역,Q7496590,matched_station_line,station_name+line:豊肥本線,Wikidata CC0
0,100,109,滝尾,다키오역,Q7678391,matched_station_line,station_name+line:豊肥本線,Wikidata CC0
0,101,3,網引,아비키역,Q4667740,matched_station_line,station_name+line:北条線,Wikidata CC0
0,101,65,立野,다테노역,Q7688002,matched_station_line,station_name+line:南阿蘇鉄道高森線,Wikidata CC0
0,101,129,池谷,이케노타니역,Q8193606,matched_station_line,station_name+line:鳴門線,Wikidata CC0
0,101,130,阿波大谷,아와오타니역,Q4829630,matched_station_line,station_name+line:鳴門線,Wikidata CC0
0,101,131,立道,다쓰미치역,Q7688301,matched_station_line,station_name+line:鳴門線,Wikidata CC0
0,101,132,教会前,교카이마에역,Q6453053,matched_station_line,station_name+line:鳴門線,Wikidata CC0
0,101,134,金比羅前,곤피라마에역,Q8190757,matched_station_line,station_name+line:鳴門線,Wikidata CC0
0,101,135,撫養,무야역,Q8191321,matched_station_line,station_name+line:鳴門線,Wikidata CC0
0,101,136,鳴門,나루토역,Q6966484,matched_station_line,station_name+line:鳴門線,Wikidata CC0
0,102,67,石田,이시다역,Q5360837,matched_station_line,station_name+line:日田彦山線,Wikidata CC0
0,102,68,志井公園,시이코엔역,Q5360370,matched_station_line,station_name+line:日田彦山線,Wikidata CC0
0,102,69,志井,시이역,Q5360642,matched_station_line,station_name+line:日田彦山線,Wikidata CC0
0,102,70,石原町,이시하라마치역,Q5360226,matched_station_line,station_name+line:日田彦山線,Wikidata CC0
0,102,71,呼野,요부노역,Q5360267,matched_station_line,station_name+line:日田彦山線,Wikidata CC0
0,102,73,採銅所,사이도쇼역,Q5360276,matched_station_line,station_name+line:日田彦山線,Wikidata CC0
0,102,74,香春,가와라역,Q5360326,matched_station_line,station_name+line:日田彦山線,Wikidata CC0
0,102,75,一本松,잇폰마쓰역,Q406338,matched_station_line,station_name+line:日田彦山線,Wikidata CC0
0,102,76,田川伊田,다가와이타역,Q870609,matched_station_line,station_name+line:日田彦山線,Wikidata CC0
0,102,77,田川後藤寺,다가와고토지역,Q5359972,matched_station_line,station_name+line:日田彦山線,Wikidata CC0
0,102,78,池尻,이케지리역,Q5359678,matched_station_line,station_name+line:日田彦山線,Wikidata CC0
0,102,80,豊前川崎,부젠카와사키역,Q5003440,matched_station_line,station_name+line:日田彦山線,Wikidata CC0
0,102,81,西添田,니시소에다역,Q5359072,matched_station_line,station_name+line:日田彦山線,Wikidata CC0
0,102,82,添田,소에다역,Q7553477,matched_station_line,station_name+line:日田彦山線BRT,Wikidata CC0
0,102,83,歓遊舎ひこさん,간유샤히코산역,Q6365906,matched_station_line,station_name+line:日田彦山線BRT,Wikidata CC0
0,102,85,彦山,히코산역,Q5760676,matched_station_line,station_name+line:日田彦山線,Wikidata CC0
0,102,87,大行司,다이교지역,Q5209120,matched_station_line,station_name+line:日田彦山線,Wikidata CC0
0,102,88,宝珠山,호슈야마역,Q5965251,matched_station_line,station_name+line:日田彦山線,Wikidata CC0
0,102,90,大鶴,오쓰루역,Q8081780,matched_station_line,station_name+line:日田彦山線,Wikidata CC0
0,102,91,今山,이마야마역,Q337862,matched_station_line,station_name+line:日田彦山線,Wikidata CC0
0,103,2,竹田,다케다역,Q7677965,matched_station_line,station_name+line:播但線,Wikidata CC0
0,103,4,青倉,아오쿠라역,Q4778658,matched_station_line,station_name+line:播但線,Wikidata CC0
0,103,5,新井,니이역,Q7034357,matched_station_line,station_name+line:播但線,Wikidata CC0
0,103,7,生野,이쿠노역,Q5996339,matched_station_line,station_name+line:播但線,Wikidata CC0
0,103,8,長谷,하세역,Q5678729,matched_station_line,station_name+line:播但線,Wikidata CC0
0,103,10,寺前,데라마에역,Q7701559,matched_station_line,station_name+line:播但線,Wikidata CC0
0,103,11,新野,니노역,Q7034469,matched_station_line,station_name+line:播但線,Wikidata CC0
0,103,12,鶴居,쓰루이역,Q7850280,matched_station_line,station_name+line:播但線,Wikidata CC0
0,103,13,甘地,아마지역,Q4739162,matched_station_line,station_name+line:播但線,Wikidata CC0
0,103,15,福崎,후쿠사키역,Q5507715,matched_station_line,station_name+line:播但線,Wikidata CC0
0,103,16,溝口,미조구치역,Q6884677,matched_station_line,station_name+line:播但線,Wikidata CC0
0,103,17,香呂,고로역,Q6455267,matched_station_line,station_name+line:播但線,Wikidata CC0
0,103,18,仁豊野,니부노역,Q7024243,matched_station_line,station_name+line:播但線,Wikidata CC0
0,103,20,砥堀,도호리역,Q11587558,matched_station_line,station_name+line:播但線,Wikidata CC0
0,103,21,野里,노자토역,Q7067396,matched_station_line,station_name+line:播但線,Wikidata CC0
0,103,22,京口,교구치역,Q6453036,matched_station_line,station_name+line:播但線,Wikidata CC0
0,103,130,新谷,니야역,Q900418,matched_station_line,station_name+line:内子線,Wikidata CC0
0,103,131,喜多山,기타야마역,Q373353,matched_station_line,station_name+line:内子線,Wikidata CC0
0,103,132,五十崎,이카자키역,Q899606,matched_station_line,station_name+line:内子線,Wikidata CC0
0,103,134,内子,우치코역,Q899541,matched_station_line,station_name+line:内子線,Wikidata CC0
0,104,65,行橋,유쿠하시역,Q5360403,matched_station_line,station_name+line:田川線,Wikidata CC0
0,104,66,令和コスタ行橋,레이와코스타유쿠하시역,Q64858934,matched_station_line,station_name+line:田川線,Wikidata CC0
0,104,67,美夜古泉,미야코이즈미역,Q11608907,matched_station_line,station_name+line:田川線,Wikidata CC0
0,104,87,勾金,마가리카네역,Q6729708,matched_station_line,station_name+line:田川線,Wikidata CC0
0,104,130,務田,무덴역,Q4388190,matched_station_line,station_name+line:予土線,Wikidata CC0
0,104,131,伊予宮野下,이요미야노시타역,Q4388231,matched_station_line,station_name+line:予土線,Wikidata CC0
0,104,132,二名,후타나역,Q4388104,matched_station_line,station_name+line:予土線,Wikidata CC0
0,104,134,大内,오우치역,Q4388110,matched_station_line,station_name+line:予土線,Wikidata CC0
0,104,135,深田,후카타역,Q4388210,matched_station_line,station_name+line:予土線,Wikidata CC0
0,104,136,近永,지카나가역,Q4388236,matched_station_line,station_name+line:予土線,Wikidata CC0
0,104,137,出目,이즈메역,Q4388378,matched_station_line,station_name+line:予土線,Wikidata CC0
0,104,139,松丸,마쓰마루역,Q4388383,matched_station_line,station_name+line:予土線,Wikidata CC0
0,104,140,吉野生,요시노부역,Q4388407,matched_station_line,station_name+line:予土線,Wikidata CC0
0,104,141,真土,마쓰치역,Q4388373,matched_station_line,station_name+line:予土線,Wikidata CC0
0,104,142,西ケ方,니시가호역,Q303925,matched_station_line,station_name+line:予土線,Wikidata CC0
0,104,144,江川崎,에카와사키역,Q5350363,matched_station_line,station_name+line:予土線,Wikidata CC0
0,104,145,半家,하게역,Q5638579,matched_station_line,station_name+line:予土線,Wikidata CC0
0,104,146,十川,도카와역,Q7862690,matched_station_line,station_name+line:予土線,Wikidata CC0
0,104,147,土佐昭和,도사쇼와역,Q7827534,matched_station_line,station_name+line:予土線,Wikidata CC0
0,104,149,土佐大正,도사타이쇼역,Q7827536,matched_station_line,station_name+line:予土線,Wikidata CC0
0,104,150,打井川,우쓰이가와역,Q7903274,matched_station_line,station_name+line:予土線,Wikidata CC0
0,104,151,家地川,이에지가와역,Q5990007,matched_station_line,station_name+line:予土線,Wikidata CC0
0,104,152,若井,와카이역,Q7960771,matched_station_line,station_name+line:予土線,Wikidata CC0
0,105,11,片町,가타마치역,Q10855068,matched_station_line,station_name+line:片町線,Wikidata CC0
0,105,13,鴫野,시기노역,Q180485,matched_station_line,station_name+line:片町線,Wikidata CC0
0,105,14,放出,하나텐역,Q762983,matched_station_line,station_name+line:片町線,Wikidata CC0
0,105,16,徳庵,도쿠안역,Q855759,matched_station_line,station_name+line:片町線,Wikidata CC0
0,105,17,鴻池新田,고노이케신덴역,Q637397,matched_station_line,station_name+line:片町線,Wikidata CC0
0,105,18,住道,스미노도역,Q855831,matched_station_line,station_name+line:片町線,Wikidata CC0
0,105,19,野崎,노자키역,Q855914,matched_station_line,station_name+line:片町線,Wikidata CC0
0,105,21,四条畷,시조나와테역,Q855755,matched_station_line,station_name+line:片町線,Wikidata CC0
0,105,22,忍ケ丘,시노부가오카역,Q855840,matched_station_line,station_name+line:片町線,Wikidata CC0
0,105,23,寝屋川公園,히가시네야가와 역,Q855863,matched_station_line,station_name+line:片町線,Wikidata CC0
0,105,24,星田,호시다역,Q856066,matched_station_line,station_name+line:片町線,Wikidata CC0
0,105,25,河内磐船,가와치이와후네역,Q855908,matched_station_line,station_name+line:片町線,Wikidata CC0
0,105,26,津田,쓰다역,Q855925,matched_station_line,station_name+line:片町線,Wikidata CC0
0,105,27,藤阪,후지사카역,Q855872,matched_station_line,station_name+line:片町線,Wikidata CC0
0,105,28,長尾,나가오역,Q855920,matched_station_line,station_name+line:片町線,Wikidata CC0
0,105,29,松井山手,마쓰이야마테역,Q856041,matched_station_line,station_name+line:片町線,Wikidata CC0
0,105,30,大住,오스미역,Q589844,matched_station_line,station_name+line:片町線,Wikidata CC0
0,105,31,京田辺,교타나베역,Q855813,matched_station_line,station_name+line:片町線,Wikidata CC0
0,105,32,同志社前,도시샤마에역,Q856061,matched_station_line,station_name+line:片町線,Wikidata CC0
0,105,33,JR三山木,JR 미야마키역,Q855528,matched_station_line,station_name+line:片町線,Wikidata CC0
0,105,34,下狛,시모코마역,Q855564,matched_station_line,station_name+line:片町線,Wikidata CC0
0,105,35,祝園,호소노역,Q855574,matched_station_line,station_name+line:片町線,Wikidata CC0
0,105,36,西木津,니시키즈역,Q855603,matched_station_line,station_name+line:片町線,Wikidata CC0
0,105,131,蔵本,구라모토역,Q6445576,matched_station_line,station_name+line:徳島線,Wikidata CC0
0,105,132,鮎喰,아쿠이역,Q4701935,matched_station_line,station_name+line:徳島線,Wikidata CC0
0,105,133,府中,고역,Q6455068,matched_station_line,station_name+line:徳島線,Wikidata CC0
0,105,134,石井,이시이역,Q6080215,matched_station_line,station_name+line:徳島線,Wikidata CC0
0,105,135,下浦,시모우라역,Q7497021,matched_station_line,station_name+line:徳島線,Wikidata CC0
0,105,136,牛島,우시노시마역,Q11570130,matched_station_line,station_name+line:徳島線,Wikidata CC0
0,105,137,麻植塚,오에즈카역,Q7078725,matched_station_line,station_name+line:徳島線,Wikidata CC0
0,105,139,鴨島,가모지마역,Q11675540,matched_station_line,station_name+line:徳島線,Wikidata CC0
0,105,140,西麻植,니시오에역,Q7040387,matched_station_line,station_name+line:徳島線,Wikidata CC0
0,105,141,阿波川島,아와카와시마역,Q4829616,matched_station_line,station_name+line:徳島線,Wikidata CC0
0,105,142,学,가쿠역,Q5517697,matched_station_line,station_name+line:徳島線,Wikidata CC0
0,105,144,山瀬,야마세역,Q8047928,matched_station_line,station_name+line:徳島線,Wikidata CC0
0,105,145,阿波山川,아와야마카와역,Q4829623,matched_station_line,station_name+line:徳島線,Wikidata CC0
0,105,146,川田,가와타역,Q430650,matched_station_line,station_name+line:徳島線,Wikidata CC0
0,105,147,穴吹,아나부키역,Q4750609,matched_station_line,station_name+line:徳島線,Wikidata CC0
0,105,149,小島,오시마역,Q7106623,matched_station_line,station_name+line:徳島線,Wikidata CC0
0,105,150,貞光,사다미쓰역,Q7397535,matched_station_line,station_name+line:徳島線,Wikidata CC0
0,105,151,阿波半田,아와한다역,Q4829609,matched_station_line,station_name+line:徳島線,Wikidata CC0
0,105,152,江口,에구치역,Q5348274,matched_station_line,station_name+line:徳島線,Wikidata CC0
0,105,154,三加茂,미카모역,Q6845701,matched_station_line,station_name+line:徳島線,Wikidata CC0
0,105,155,阿波加茂,아와카모역,Q4829611,matched_station_line,station_name+line:徳島線,Wikidata CC0
0,105,156,辻,쓰지역,Q577894,matched_station_line,station_name+line:徳島線,Wikidata CC0
0,106,3,新加美,신카미역,Q855847,matched_station_line,station_name+line:おおさか東線,Wikidata CC0
0,106,7,JR長瀬,JR 나가세역,Q856052,matched_station_line,station_name+line:おおさか東線,Wikidata CC0
0,106,9,JR俊徳道,JR 슌토쿠미치역,Q10854600,matched_station_line,station_name+line:おおさか東線,Wikidata CC0
0,106,11,JR河内永和,JR 가와치에이와역,Q10854599,matched_station_line,station_name+line:おおさか東線,Wikidata CC0
0,106,13,高井田中央,다카이다추오역,Q4385578,matched_station_line,station_name+line:おおさか東線,Wikidata CC0
0,107,3,油日,아부라히역,Q4670656,matched_station_line,station_name+line:草津線,Wikidata CC0
0,107,4,甲賀,고카역,Q5362404,matched_station_line,station_name+line:草津線,Wikidata CC0
0,107,5,寺庄,데라쇼역,Q5362939,matched_station_line,station_name+line:草津線,Wikidata CC0
0,107,6,甲南,고난역,Q5362063,matched_station_line,station_name+line:草津線,Wikidata CC0
0,107,8,貴生川,기부카와역,Q865712,matched_station_line,station_name+line:草津線,Wikidata CC0
0,107,10,三雲,미쿠모역,Q5361729,matched_station_line,station_name+line:草津線,Wikidata CC0
0,107,11,甲西,고세이역,Q5362028,matched_station_line,station_name+line:草津線,Wikidata CC0
0,107,12,石部,이시베역,Q5362466,matched_station_line,station_name+line:草津線,Wikidata CC0
0,107,14,手原,데하라역,Q5362482,matched_station_line,station_name+line:草津線,Wikidata CC0
0,108,1,貴生川,기부카와역,Q865712,matched_station_line,station_name+line:信楽線,Wikidata CC0
0,108,3,雲井,운정역,Q59871,matched_station_line,station_name_only,Wikidata CC0
0,108,66,田吉,다요시역,Q7690310,matched_station_line,station_name+line:日南線,Wikidata CC0
0,108,67,南方,미나미카타역,Q6863075,matched_station_line,station_name+line:日南線,Wikidata CC0
0,108,69,木花,기바나역,Q6403946,matched_station_line,station_name+line:日南線,Wikidata CC0
0,108,70,運動公園,운도코엔역,Q7884089,matched_station_line,station_name+line:日南線,Wikidata CC0
0,108,71,曽山寺,소산지역,Q7563827,matched_station_line,station_name+line:日南線,Wikidata CC0
0,108,73,子供の国,고도모노쿠니역,Q6425422,matched_station_line,station_name+line:日南線,Wikidata CC0
0,108,74,青島,아오시마역,Q4778783,matched_station_line,station_name+line:日南線,Wikidata CC0
0,108,75,折生迫,오류자코역,Q7105336,matched_station_line,station_name+line:日南線,Wikidata CC0
0,108,76,内海,우치우미역,Q7876744,matched_station_line,station_name+line:日南線,Wikidata CC0
0,108,78,小内海,고치우미역,Q6434466,matched_station_line,station_name+line:日南線,Wikidata CC0
0,108,79,伊比井,이비이역,Q5984052,matched_station_line,station_name+line:日南線,Wikidata CC0
0,108,81,北郷,기타고역,Q6417713,matched_station_line,station_name+line:日南線,Wikidata CC0
0,108,82,内之田,우치노다역,Q7876733,matched_station_line,station_name+line:日南線,Wikidata CC0
0,108,84,飫肥,오비역,Q7074922,matched_station_line,station_name+line:日南線,Wikidata CC0
0,108,85,日南,니치난역,Q7024855,matched_station_line,station_name+line:日南線,Wikidata CC0
0,108,87,油津,아부라쓰역,Q4670658,matched_station_line,station_name+line:日南線,Wikidata CC0
0,108,88,大堂津,오도쓰역,Q8081443,matched_station_line,station_name+line:日南線,Wikidata CC0
0,108,90,南郷,난고역,Q6963566,matched_station_line,station_name+line:日南線,Wikidata CC0
0,108,91,谷之口,다니노쿠치역,Q7683316,matched_station_line,station_name+line:日南線,Wikidata CC0
0,108,93,榎原,요와라역,Q8059410,matched_station_line,station_name+line:日南線,Wikidata CC0
0,108,94,日向大束,휴가오쓰카역,Q11505111,matched_station_line,station_name+line:日南線,Wikidata CC0
0,108,96,日向北方,휴가키타카타역,Q5962820,matched_station_line,station_name+line:日南線,Wikidata CC0
0,108,97,串間,구시마역,Q6447950,matched_station_line,station_name+line:日南線,Wikidata CC0
0,108,98,福島今町,후쿠시마이마마치역,Q5507717,matched_station_line,station_name+line:日南線,Wikidata CC0
0,108,99,福島高松,후쿠시마타카마쓰역,Q5507719,matched_station_line,station_name+line:日南線,Wikidata CC0
0,108,101,大隅夏井,오스미나쓰이역,Q8081719,matched_station_line,station_name+line:日南線,Wikidata CC0
0,108,102,志布志,시부시역,Q7496088,matched_station_line,station_name+line:日南線,Wikidata CC0
0,108,131,伊予大平,이요오히라역,Q267402,matched_station_line,station_name+line:予讃線,Wikidata CC0
0,108,133,伊予中山,이요나카야마역,Q899520,matched_station_line,station_name+line:予讃線,Wikidata CC0
0,108,135,伊予立川,이요타치카와역,Q899589,matched_station_line,station_name+line:予讃線,Wikidata CC0
0,108,195,JR野江,JR 노에역,Q55876612,matched_station_line,station_name+line:おおさか東線,Wikidata CC0
0,108,197,城北公園通,시로키타코엔도리역,Q56346891,matched_station_line,station_name+line:おおさか東線,Wikidata CC0
0,109,5,大津京,오쓰쿄역,Q5367242,matched_station_line,station_name+line:湖西線,Wikidata CC0
0,109,7,唐崎,가라사키역,Q5367629,matched_station_line,station_name+line:湖西線,Wikidata CC0
0,109,8,比叡山坂本,히에이잔사카모토역,Q5367380,matched_station_line,station_name+line:湖西線,Wikidata CC0
0,109,9,おごと温泉,오고토온센역,Q5367599,matched_station_line,station_name+line:湖西線,Wikidata CC0
0,109,11,堅田,가타타역,Q5363573,matched_station_line,station_name+line:湖西線,Wikidata CC0
0,109,12,小野,오노역,Q5364270,matched_station_line,station_name+line:湖西線,Wikidata CC0
0,109,13,和邇,와니역,Q5365302,matched_station_line,station_name+line:湖西線,Wikidata CC0
0,109,15,蓬莱,호라이역,Q5364181,matched_station_line,station_name+line:湖西線,Wikidata CC0
0,109,16,志賀,시가역,Q86873,matched_station_line,station_name+line:湖西線,Wikidata CC0
0,109,18,比良,히라역,Q5365241,matched_station_line,station_name+line:湖西線,Wikidata CC0
0,109,19,近江舞子,오미마이코역,Q5363235,matched_station_line,station_name+line:湖西線,Wikidata CC0
0,109,20,北小松,기타코마쓰역,Q5364845,matched_station_line,station_name+line:湖西線,Wikidata CC0
0,109,23,近江高島,오미타카시마역,Q5363194,matched_station_line,station_name+line:湖西線,Wikidata CC0
0,109,24,安曇川,아도가와역,Q4684027,matched_station_line,station_name+line:湖西線,Wikidata CC0
0,109,25,新旭,신아사히역,Q5364336,matched_station_line,station_name+line:湖西線,Wikidata CC0
0,109,26,近江今津,오미이마즈역,Q1590429,matched_station_line,station_name+line:湖西線,Wikidata CC0
0,109,28,近江中庄,오미나카쇼역,Q5364773,matched_station_line,station_name+line:湖西線,Wikidata CC0
0,109,29,マキノ,마키노역,Q5363830,matched_station_line,station_name+line:湖西線,Wikidata CC0
0,109,31,永原,나가하라역,Q5363118,matched_station_line,station_name+line:湖西線,Wikidata CC0
0,109,66,日向庄内,휴가쇼나이역,Q5962842,matched_station_line,station_name+line:吉都線,Wikidata CC0
0,109,67,谷頭,다니가시라역,Q7683294,matched_station_line,station_name+line:吉都線,Wikidata CC0
0,109,68,万ケ塚,만가쓰카역,Q6748855,matched_station_line,station_name+line:吉都線,Wikidata CC0
0,109,70,東高崎,히가시타카사키역,Q8190158,matched_station_line,station_name+line:吉都線,Wikidata CC0
0,109,71,高崎新田,다카사키신덴역,Q7677294,matched_station_line,station_name+line:吉都線,Wikidata CC0
0,109,72,日向前田,휴가마에다역,Q5962834,matched_station_line,station_name+line:吉都線,Wikidata CC0
0,109,73,高原,다카하루역,Q7677030,matched_station_line,station_name+line:吉都線,Wikidata CC0
0,109,75,広原,히로와라역,Q5771421,matched_station_line,station_name+line:吉都線,Wikidata CC0
0,109,76,小林,고바야시역,Q8190209,matched_station_line,station_name+line:吉都線,Wikidata CC0
0,109,77,西小林,니시코바야시역,Q8189751,matched_station_line,station_name+line:吉都線,Wikidata CC0
0,109,78,えびの飯野,에비노이노역,Q5331859,matched_station_line,station_name+line:吉都線,Wikidata CC0
0,109,80,えびの上江,에비노우와에역,Q5331862,matched_station_line,station_name+line:吉都線,Wikidata CC0
0,109,81,えびの,에비노역,Q5331860,matched_station_line,station_name+line:吉都線,Wikidata CC0
0,109,82,京町温泉,교마치온센역,Q6453068,matched_station_line,station_name+line:吉都線,Wikidata CC0
0,109,83,鶴丸,쓰루마루역,Q7850289,matched_station_line,station_name+line:吉都線,Wikidata CC0
0,110,8,大和新庄,야마토신조역,Q3615450,matched_station_line,station_name+line:和歌山線,Wikidata CC0
0,110,9,御所,고세역,Q3615334,matched_station_line,station_name+line:和歌山線,Wikidata CC0
0,110,10,玉手,다마데역,Q3611507,matched_station_line,station_name+line:和歌山線,Wikidata CC0
0,110,11,掖上,와키가미역,Q3615316,matched_station_line,station_name+line:和歌山線,Wikidata CC0
0,110,13,吉野口,요시노구치역,Q3615447,matched_station_line,station_name+line:和歌山線,Wikidata CC0
0,110,15,北宇智,기타우치역,Q3615850,matched_station_line,station_name+line:和歌山線,Wikidata CC0
0,110,16,五条,고조역,Q3615545,matched_station_line,station_name+line:和歌山線,Wikidata CC0
0,110,17,大和二見,야마토후타미역,Q3615301,matched_station_line,station_name+line:和歌山線,Wikidata CC0
0,110,18,隅田,스다역,Q3557713,matched_station_line,station_name+line:和歌山線,Wikidata CC0
0,110,20,下兵庫,시모효고역,Q3557822,matched_station_line,station_name+line:和歌山線,Wikidata CC0
0,110,21,橋本,하시모토역,Q3558008,matched_station_line,station_name+line:和歌山線,Wikidata CC0
0,110,22,紀伊山田,기이야마다역,Q3525524,matched_station_line,station_name+line:和歌山線,Wikidata CC0
0,110,23,高野口,고야구치역,Q3525531,matched_station_line,station_name+line:和歌山線,Wikidata CC0
0,110,25,中飯降,나카이부리역,Q3525399,matched_station_line,station_name+line:和歌山線,Wikidata CC0
0,110,26,妙寺,묘지역,Q3467375,matched_station_line,station_name+line:和歌山線,Wikidata CC0
0,110,27,大谷,오타니역,Q3467525,matched_station_line,station_name+line:和歌山線,Wikidata CC0
0,110,28,笠田,가세다역,Q3467378,matched_station_line,station_name+line:和歌山線,Wikidata CC0
0,110,30,西笠田,니시카세다역,Q3431859,matched_station_line,station_name+line:和歌山線,Wikidata CC0
0,110,31,名手,나테역,Q3467367,matched_station_line,station_name+line:和歌山線,Wikidata CC0
0,110,32,粉河,고카와역,Q3467694,matched_station_line,station_name+line:和歌山線,Wikidata CC0
0,110,33,紀伊長田,기이나가타역,Q3176389,matched_station_line,station_name+line:和歌山線,Wikidata CC0
0,110,35,打田,우치타역,Q3193482,matched_station_line,station_name+line:和歌山線,Wikidata CC0
0,110,36,下井阪,시모이사카역,Q3079175,matched_station_line,station_name+line:和歌山線,Wikidata CC0
0,110,37,岩出,이와데역,Q2681167,matched_station_line,station_name+line:和歌山線,Wikidata CC0
0,110,38,船戸,후나토역,Q2646859,matched_station_line,station_name+line:和歌山線,Wikidata CC0
0,110,40,紀伊小倉,기이오구라역,Q2646881,matched_station_line,station_name+line:和歌山線,Wikidata CC0
0,110,41,布施屋,호시야역,Q2646872,matched_station_line,station_name+line:和歌山線,Wikidata CC0
0,110,42,千旦,센다역,Q2646894,matched_station_line,station_name+line:和歌山線,Wikidata CC0
0,110,43,田井ノ瀬,다이노세역,Q2646850,matched_station_line,station_name+line:和歌山線,Wikidata CC0
0,110,46,紀和,기와역,Q3527469,matched_station_line,station_name+line:紀勢本線,Wikidata CC0
0,110,47,和歌山市,와카야마시역,Q3455721,matched_station_line,station_name+line:紀勢本線,Wikidata CC0
0,111,2,外城田,도키다역,Q7813584,matched_station_line,station_name+line:参宮線,Wikidata CC0
0,111,3,田丸,다마루역,Q117533,matched_station_line,station_name+line:参宮線,Wikidata CC0
0,111,4,宮川,미야가와역,Q117381,matched_station_line,station_name+line:参宮線,Wikidata CC0
0,111,6,山田上口,야마다카미구치역,Q93446,matched_station_line,station_name+line:参宮線,Wikidata CC0
0,111,7,伊勢市,이세시역,Q6079748,matched_station_line,station_name+line:参宮線,Wikidata CC0
0,111,8,五十鈴ケ丘,이스즈가오카역,Q6089538,matched_station_line,station_name+line:参宮線,Wikidata CC0
0,111,9,二見浦,후타미노우라역,Q117376,matched_station_line,station_name+line:参宮線,Wikidata CC0
0,111,11,松下,마쓰시타역,Q93433,matched_station_line,station_name+line:参宮線,Wikidata CC0
0,111,12,池の浦シーサイド,이케노우라시사이드역,Q117538,matched_station_line,station_name+line:参宮線,Wikidata CC0
0,111,13,鳥羽,도바역,Q7811445,matched_station_line,station_name+line:参宮線,Wikidata CC0
0,111,65,若松,와카마쓰역,Q7960787,matched_station_line,station_name+line:筑豊本線,Wikidata CC0
0,111,66,藤ノ木,후지노키역,Q5507459,matched_station_line,station_name+line:筑豊本線,Wikidata CC0
0,111,67,奥洞海,오쿠도카이역,Q7082721,matched_station_line,station_name+line:筑豊本線,Wikidata CC0
0,111,68,二島,후타지마역,Q5510458,matched_station_line,station_name+line:筑豊本線,Wikidata CC0
0,111,69,本城,혼조역,Q11519960,matched_station_line,station_name+line:筑豊本線,Wikidata CC0
0,111,72,東水巻,히가시미즈마키역,Q5753716,matched_station_line,station_name+line:筑豊本線,Wikidata CC0
0,111,73,中間,나카마역,Q11367808,matched_station_line,station_name+line:筑豊本線,Wikidata CC0
0,111,74,筑前垣生,지쿠젠하부역,Q5097527,matched_station_line,station_name+line:筑豊本線,Wikidata CC0
0,111,75,鞍手,구라테역,Q11663882,matched_station_line,station_name+line:筑豊本線,Wikidata CC0
0,111,76,筑前植木,지쿠젠우에키역,Q5097535,matched_station_line,station_name+line:筑豊本線,Wikidata CC0
0,111,77,新入,신뉴역,Q7497693,matched_station_line,station_name+line:筑豊本線,Wikidata CC0
0,111,78,直方,노가타역,Q7071610,matched_station_line,station_name+line:筑豊本線,Wikidata CC0
0,111,79,勝野,가쓰노역,Q6378150,matched_station_line,station_name+line:筑豊本線,Wikidata CC0
0,111,81,小竹,고타케역,Q6433850,matched_station_line,station_name+line:筑豊本線,Wikidata CC0
0,111,83,鯰田,나마즈타역,Q6961361,matched_station_line,station_name+line:筑豊本線,Wikidata CC0
0,111,84,浦田,우라타역,Q7899797,matched_station_line,station_name+line:筑豊本線,Wikidata CC0
0,111,85,新飯塚,신이즈카역,Q7497097,matched_station_line,station_name+line:筑豊本線,Wikidata CC0
0,111,86,飯塚,이즈카역,Q11666247,matched_station_line,station_name+line:筑豊本線,Wikidata CC0
0,111,88,天道,덴토역,Q7700917,matched_station_line,station_name+line:筑豊本線,Wikidata CC0
0,111,91,上穂波,가미호나미역,Q6357120,matched_station_line,station_name+line:筑豊本線,Wikidata CC0
0,111,92,筑前内野,지쿠젠우치노역,Q5097533,matched_station_line,station_name+line:筑豊本線,Wikidata CC0
0,111,94,筑前山家,지쿠젠야마에역,Q5097536,matched_station_line,station_name+line:筑豊本線,Wikidata CC0
0,112,2,東羽衣,히가시하고로모역,Q857404,matched_station_line,station_name+line:阪和線,Wikidata CC0
0,112,34,りんくうタウン,린쿠타운역,Q856990,matched_station_line,station_name+line:関西空港線,Wikidata CC0
0,112,36,関西空港,간사이 공항역,Q844023,matched_station_line,station_name+line:関西空港線,Wikidata CC0
0,113,1,津,쓰역,Q869763,matched_station_line,station_name+line:伊勢線,Wikidata CC0
0,113,10,徳田,도쿠다 역 (이시카와 현),Q7813710,matched_station_line,station_name_only,Wikidata CC0
0,113,17,河原田,가와라다역,Q4559716,matched_station_line,station_name+line:伊勢線,Wikidata CC0
0,113,65,直方,노가타역,Q7071610,matched_station_line,station_name+line:伊田線,Wikidata CC0
0,113,66,南直方御殿口,미나미노가타고텐구치역,Q11408286,matched_station_line,station_name+line:伊田線,Wikidata CC0
0,113,67,あかぢ,아카지역,Q11256856,matched_station_line,station_name+line:伊田線,Wikidata CC0
0,113,81,田川伊田,다가와이타역,Q870609,matched_station_line,station_name+line:伊田線,Wikidata CC0
0,114,2,上ノ庄,가미노쇼역,Q6358213,matched_station_line,station_name+line:名松線,Wikidata CC0
0,114,3,権現前,곤겐마에역,Q5581741,matched_station_line,station_name+line:名松線,Wikidata CC0
0,114,4,伊勢八太,이세하타역,Q6079504,matched_station_line,station_name+line:名松線,Wikidata CC0
0,114,6,一志,이치시역,Q4559540,matched_station_line,station_name+line:名松線,Wikidata CC0
0,114,7,井関,이세기역,Q6079625,matched_station_line,station_name+line:名松線,Wikidata CC0
0,114,8,伊勢大井,이세오이역,Q11378978,matched_station_line,station_name+line:名松線,Wikidata CC0
0,114,9,伊勢川口,이세카와구치역,Q4559472,matched_station_line,station_name+line:名松線,Wikidata CC0
0,114,11,関ノ宮,세키노미야역,Q7447206,matched_station_line,station_name+line:名松線,Wikidata CC0
0,114,12,家城,이에키역,Q4559504,matched_station_line,station_name+line:名松線,Wikidata CC0
0,114,13,伊勢竹原,이세타케하라역,Q11379115,matched_station_line,station_name+line:名松線,Wikidata CC0
0,114,14,伊勢鎌倉,이세카마쿠라역,Q6079510,matched_station_line,station_name+line:名松線,Wikidata CC0
0,114,16,伊勢八知,이세야치역,Q11378946,matched_station_line,station_name+line:名松線,Wikidata CC0
0,114,17,比津,히쓰역,Q4504158,matched_station_line,station_name+line:名松線,Wikidata CC0
0,114,18,伊勢奥津,이세오키쓰역,Q4355606,matched_station_line,station_name+line:名松線,Wikidata CC0
0,114,69,糸田,이토다역,Q11604855,matched_station_line,station_name+line:糸田線,Wikidata CC0
0,114,71,大藪,오야부역,Q11438776,matched_station_line,station_name+line:糸田線,Wikidata CC0
0,114,72,田川後藤寺,다가와고토지역,Q5359972,matched_station_line,station_name+line:糸田線,Wikidata CC0
0,115,2,西相生,니시아이오이역,Q5366842,matched_station_line,station_name+line:赤穂線,Wikidata CC0
0,115,4,坂越,사코시역,Q4873356,matched_station_line,station_name+line:赤穂線,Wikidata CC0
0,115,5,播州赤穂,반슈아코역,Q4857136,matched_station_line,station_name+line:赤穂線,Wikidata CC0
0,115,6,天和,덴와역,Q7700951,matched_station_line,station_name+line:赤穂線,Wikidata CC0
0,115,7,備前福河,비젠후쿠카와역,Q11387340,matched_station_line,station_name+line:赤穂線,Wikidata CC0
0,115,9,寒河,소고역,Q7667571,matched_station_line,station_name+line:赤穂線,Wikidata CC0
0,115,10,日生,히나세역,Q11509707,matched_station_line,station_name+line:赤穂線,Wikidata CC0
0,115,12,伊里,이리역,Q6069511,matched_station_line,station_name+line:赤穂線,Wikidata CC0
0,115,13,備前片上,비젠카타카미역,Q3661660,matched_station_line,station_name+line:赤穂線,Wikidata CC0
0,115,14,西片上,니시카타카미역,Q7040361,matched_station_line,station_name+line:赤穂線,Wikidata CC0
0,115,15,伊部,인베역,Q6003510,matched_station_line,station_name+line:赤穂線,Wikidata CC0
0,115,17,香登,가가토역,Q6346384,matched_station_line,station_name+line:赤穂線,Wikidata CC0
0,115,18,長船,오사후네역,Q7105507,matched_station_line,station_name+line:赤穂線,Wikidata CC0
0,115,19,邑久,오쿠역,Q3610957,matched_station_line,station_name+line:赤穂線,Wikidata CC0
0,115,20,大富,오도미역,Q3661630,matched_station_line,station_name+line:赤穂線,Wikidata CC0
0,115,22,西大寺,사이다이지역,Q3661905,matched_station_line,station_name+line:赤穂線,Wikidata CC0
0,115,23,大多羅,오다라역,Q3610905,matched_station_line,station_name+line:赤穂線,Wikidata CC0
0,115,68,宮崎空港,미야자키쿠코 역,Q11454569,matched_station_line,station_name+line:宮崎空港線,Wikidata CC0
0,116,3,播磨高岡,하리마다카오카역,Q5657515,matched_station_line,station_name+line:姫新線,Wikidata CC0
0,116,4,余部,요베역,Q8054229,matched_station_line,station_name+line:姫新線,Wikidata CC0
0,116,5,太市,오이치역,Q8081504,matched_station_line,station_name+line:姫新線,Wikidata CC0
0,116,7,本竜野,혼다쓰노역,Q11520740,matched_station_line,station_name+line:姫新線,Wikidata CC0
0,116,8,東觜崎,히가시하시사키역,Q5753553,matched_station_line,station_name+line:姫新線,Wikidata CC0
0,116,9,播磨新宮,하리마신구역,Q5657517,matched_station_line,station_name+line:姫新線,Wikidata CC0
0,116,11,千本,센본역,Q11405604,matched_station_line,station_name+line:姫新線,Wikidata CC0
0,116,12,西栗栖,니시쿠리스역,Q7040370,matched_station_line,station_name+line:姫新線,Wikidata CC0
0,116,13,三日月,미카즈키역,Q6845771,matched_station_line,station_name+line:姫新線,Wikidata CC0
0,116,15,播磨徳久,하리마토쿠사역,Q5657520,matched_station_line,station_name+line:姫新線,Wikidata CC0
0,116,16,佐用,사요역,Q7429272,matched_station_line,station_name+line:姫新線,Wikidata CC0
0,116,17,上月,고즈키역,Q6455355,matched_station_line,station_name+line:姫新線,Wikidata CC0
0,116,19,美作土居,미마사카도이역,Q6862011,matched_station_line,station_name+line:姫新線,Wikidata CC0
0,116,20,美作江見,미마사카에미역,Q6862009,matched_station_line,station_name+line:姫新線,Wikidata CC0
0,116,21,楢原,나라하라역,Q6965278,matched_station_line,station_name+line:姫新線,Wikidata CC0
0,116,23,林野,하야시노역,Q3661736,matched_station_line,station_name+line:姫新線,Wikidata CC0
0,116,24,勝間田,가쓰마다역,Q3661626,matched_station_line,station_name+line:姫新線,Wikidata CC0
0,116,25,西勝間田,니시카쓰마다역,Q3661731,matched_station_line,station_name+line:姫新線,Wikidata CC0
0,116,27,美作大崎,미마사카오사키역,Q3661912,matched_station_line,station_name+line:姫新線,Wikidata CC0
0,116,31,院庄,인노쇼역,Q3661623,matched_station_line,station_name+line:姫新線,Wikidata CC0
0,116,32,美作千代,미마사카센다이역,Q3661695,matched_station_line,station_name+line:姫新線,Wikidata CC0
0,116,33,坪井,쓰보이역,Q3611011,matched_station_line,station_name+line:姫新線,Wikidata CC0
0,116,35,美作追分,미마사카오이와케역,Q3611157,matched_station_line,station_name+line:姫新線,Wikidata CC0
0,116,36,美作落合,미마사카오치아이역,Q3611001,matched_station_line,station_name+line:姫新線,Wikidata CC0
0,116,37,古見,고미 역 (오카야마 현),Q3610911,matched_station_line,station_name+line:姫新線,Wikidata CC0
0,116,39,久世,구세역,Q6447828,matched_station_line,station_name+line:姫新線,Wikidata CC0
0,116,40,中国勝山,주고쿠카쓰야마역,Q3661646,matched_station_line,station_name+line:姫新線,Wikidata CC0
0,116,41,月田,쓰키다역,Q3611185,matched_station_line,station_name+line:姫新線,Wikidata CC0
0,116,43,富原,도미하라역,Q7818894,matched_station_line,station_name+line:姫新線,Wikidata CC0
0,116,44,刑部,오사카베역,Q7105635,matched_station_line,station_name+line:姫新線,Wikidata CC0
0,116,45,丹治部,다지베역,Q3611240,matched_station_line,station_name+line:姫新線,Wikidata CC0
0,116,47,岩山,이와야마역,Q6100866,matched_station_line,station_name+line:姫新線,Wikidata CC0
0,116,67,上三緒,가미미오역,Q10957027,matched_station_line,station_name+line:後藤寺線,Wikidata CC0
0,116,68,下鴨生,시모카모역,Q7496922,matched_station_line,station_name+line:後藤寺線,Wikidata CC0
0,116,69,筑前庄内,지쿠젠쇼나이역,Q5097532,matched_station_line,station_name+line:後藤寺線,Wikidata CC0
0,116,71,船尾,후나오역,Q5508733,matched_station_line,station_name+line:後藤寺線,Wikidata CC0
0,118,1,恵那,에나역,Q870596,matched_station_line,station_name+line:明知線,Wikidata CC0
0,118,21,明智,아케치역,Q4700569,matched_station_line,station_name_only,Wikidata CC0
0,119,3,博多南,하카타미나미역,Q906691,matched_station_line,station_name+line:博多南線,Wikidata CC0
0,120,13,姪浜,메이노하마역,Q1039174,matched_station_line,station_name+line:筑肥線,Wikidata CC0
0,120,14,下山門,시모야마토역,Q5368506,matched_station_line,station_name+line:筑肥線,Wikidata CC0
0,120,15,今宿,이마주쿠역,Q5368227,matched_station_line,station_name+line:筑肥線,Wikidata CC0
0,120,16,九大学研都市,규다이갓켄토시역,Q5368909,matched_station_line,station_name+line:筑肥線,Wikidata CC0
0,120,17,周船寺,스센지역,Q5367396,matched_station_line,station_name+line:筑肥線,Wikidata CC0
0,120,19,波多江,하타에역,Q5367252,matched_station_line,station_name+line:筑肥線,Wikidata CC0
0,120,21,筑前前原,지쿠젠마에바루역,Q898453,matched_station_line,station_name+line:筑肥線,Wikidata CC0
0,120,22,美咲が丘,미사키가오카역,Q6875093,matched_station_line,station_name+line:筑肥線,Wikidata CC0
0,120,23,加布里,가후리역,Q6346295,matched_station_line,station_name+line:筑肥線,Wikidata CC0
0,120,25,一貴山,이키산역,Q11353194,matched_station_line,station_name+line:筑肥線,Wikidata CC0
0,120,27,筑前深江,지쿠젠후카에역,Q5097525,matched_station_line,station_name+line:筑肥線,Wikidata CC0
0,120,29,大入,다이뉴역,Q5209522,matched_station_line,station_name+line:筑肥線,Wikidata CC0
0,120,31,福吉,후쿠요시역,Q5507761,matched_station_line,station_name+line:筑肥線,Wikidata CC0
0,120,33,鹿家,시카카역,Q7496531,matched_station_line,station_name+line:筑肥線,Wikidata CC0
0,120,35,浜崎,하마사키역,Q5644129,matched_station_line,station_name+line:筑肥線,Wikidata CC0
0,120,37,虹ノ松原,니지노마쓰바라역,Q7034556,matched_station_line,station_name+line:筑肥線,Wikidata CC0
0,120,39,東唐津,히가시카라쓰역,Q5753595,matched_station_line,station_name+line:筑肥線,Wikidata CC0
0,120,40,和多田,와타다역,Q7972973,matched_station_line,station_name+line:筑肥線,Wikidata CC0
0,120,45,肥前久保,히젠쿠보역,Q5873031,matched_station_line,station_name+line:筑肥線,Wikidata CC0
0,120,46,西相知,니시오치역,Q7040462,matched_station_line,station_name+line:筑肥線,Wikidata CC0
0,120,47,佐里,사리역,Q2907403,matched_station_line,station_name+line:筑肥線,Wikidata CC0
0,120,48,駒鳴,고마나키역,Q6428109,matched_station_line,station_name+line:筑肥線,Wikidata CC0
0,120,50,大川野,오카와노역,Q8081561,matched_station_line,station_name+line:筑肥線,Wikidata CC0
0,120,51,肥前長野,히젠나가노역,Q5873029,matched_station_line,station_name+line:筑肥線,Wikidata CC0
0,120,52,桃川,모모노카와역,Q11537053,matched_station_line,station_name+line:筑肥線,Wikidata CC0
0,120,53,金石原,가나이시하라역,Q6360326,matched_station_line,station_name+line:筑肥線,Wikidata CC0
0,120,55,上伊万里,가미이마리역,Q6357137,matched_station_line,station_name+line:筑肥線,Wikidata CC0
0,120,56,伊万里,이마리역,Q8189881,matched_station_line,station_name+line:筑肥線,Wikidata CC0
0,127,1,東京,도쿄역,Q283196,matched_station_line,station_name_only,Wikidata CC0
0,127,3,浜松町,하마마쓰초역,Q800873,matched_station_line,station_name_only,Wikidata CC0
0,127,5,大井町,오이마치역,Q801690,matched_station_line,station_name_only,Wikidata CC0
0,127,11,小田原,오다와라역,Q801290,matched_station_line,station_name_only,Wikidata CC0
0,127,93,桐生,기류역,Q6416343,matched_station_line,station_name_only,Wikidata CC0
0,127,96,玉川上水,다마가와조스이역,Q842489,matched_station_line,station_name_only,Wikidata CC0
0,127,103,渋谷,시부야역,Q428811,matched_station_line,station_name_only,Wikidata CC0
0,127,162,宮古,미야코역,Q6884271,matched_station_line,station_name_only,Wikidata CC0
0,127,163,釜石,가마이시역,Q3892979,matched_station_line,station_name_only,Wikidata CC0
0,127,176,赤湯,아카유역,Q1137103,matched_station_line,station_name_only,Wikidata CC0
0,127,177,今泉,이마이즈미역,Q6002988,matched_station_line,station_name_only,Wikidata CC0
0,127,179,天王洲アイル,덴노즈 아일역,Q841425,matched_station_line,station_name_only,Wikidata CC0
0,127,180,上越妙高,조에쓰묘코역,Q15629351,matched_station_line,station_name_only,Wikidata CC0
0,127,189,直江津,나오에쓰역,Q130065,matched_station_line,station_name_only,Wikidata CC0
0,127,233,盛岡,모리오카역,Q785390,matched_station_line,station_name_only,Wikidata CC0
0,127,234,好摩,고마역,Q6455207,matched_station_line,station_name_only,Wikidata CC0
0,127,237,目時,메토키역,Q6824222,matched_station_line,station_name_only,Wikidata CC0
0,127,238,八戸,하치노헤역,Q800866,matched_station_line,station_name_only,Wikidata CC0
0,127,239,野辺地,노헤지역,Q6393634,matched_station_line,station_name_only,Wikidata CC0
0,127,240,青森,아오모리역,Q59516,matched_station_line,station_name_only,Wikidata CC0
0,127,241,六日町,무이카마치역,Q3660544,matched_station_line,station_name_only,Wikidata CC0
0,127,242,十日町,도카마치역,Q7862688,matched_station_line,station_name_only,Wikidata CC0
0,127,243,犀潟,사이가타역,Q901360,matched_station_line,station_name_only,Wikidata CC0
0,127,254,松本,마쓰모토역,Q843167,matched_station_line,station_name_only,Wikidata CC0
0,127,255,五稜郭,고료카쿠역,Q1037967,matched_station_line,station_name_only,Wikidata CC0
0,128,7,彦根,히코네역,Q1131151,matched_station_line,station_name_only,Wikidata CC0
0,128,8,近江八幡,오미하치만역,Q1042782,matched_station_line,station_name_only,Wikidata CC0
0,128,18,南茨木,미나미이바라키역,Q3970132,matched_station_line,station_name_only,Wikidata CC0
0,128,19,西九条,니시쿠조역,Q1130919,matched_station_line,station_name_only,Wikidata CC0
0,128,21,江坂,에사카역,Q691770,matched_station_line,station_name_only,Wikidata CC0
0,128,22,川西能勢口,가와니시노세구치역,Q3969857,matched_station_line,station_name_only,Wikidata CC0
0,128,26,天神橋筋六丁目,덴진바시스지 6초메역,Q1143934,matched_station_line,station_name_only,Wikidata CC0
0,128,31,淀屋橋,요도야바시역,Q1131721,matched_station_line,station_name_only,Wikidata CC0
0,128,40,新今宮,신이마미야역,Q59349,matched_station_line,station_name_only,Wikidata CC0
0,128,41,鶴橋,쓰루하시역,Q1131704,matched_station_line,station_name_only,Wikidata CC0
0,128,45,天下茶屋,덴가차야역,Q2084603,matched_station_line,station_name_only,Wikidata CC0
0,128,50,中百舌鳥,나카모즈역,Q1863087,matched_station_line,station_name_only,Wikidata CC0
0,128,52,和歌山,와카야마역,Q1044107,matched_station_line,station_name_only,Wikidata CC0
0,128,57,門真市,가도마시역,Q1027541,matched_station_line,station_name_only,Wikidata CC0
0,128,77,貴生川,기부카와역,Q865712,matched_station_line,station_name+line:信楽線,Wikidata CC0
0,128,82,魚崎,우오자키역,Q7897889,matched_station_line,station_name_only,Wikidata CC0
0,128,93,出町柳,데마치야나기역,Q2256123,matched_station_line,station_name_only,Wikidata CC0
0,128,101,福知山,후쿠치야마역,Q1131673,matched_station_line,station_name_only,Wikidata CC0
0,128,103,西舞鶴,니시마이즈루역,Q8192400,matched_station_line,station_name_only,Wikidata CC0
0,128,104,上郡,가미고리역,Q869209,matched_station_line,station_name_only,Wikidata CC0
0,128,105,佐用,사요역,Q7429272,matched_station_line,station_name_only,Wikidata CC0
0,128,106,智頭,지즈역,Q5102669,matched_station_line,station_name_only,Wikidata CC0
0,128,107,総社,소자역,Q844657,matched_station_line,station_name+line:井原線,Wikidata CC0
0,128,108,清音,기요네역,Q4445051,matched_station_line,station_name+line:井原線,Wikidata CC0
0,128,109,神辺,간나베역,Q6363862,matched_station_line,station_name+line:井原線,Wikidata CC0
0,128,128,粟生,아오역,Q1104653,matched_station_line,station_name+line:北条線,Wikidata CC0
0,128,133,御坊,고보역,Q2897645,matched_station_line,station_name_only,Wikidata CC0
0,128,139,宮島口,미야지마구치역,Q875417,matched_station_line,station_name_only,Wikidata CC0
0,128,144,窪川,구보카와역,Q6441296,matched_station_line,station_name_only,Wikidata CC0
0,128,146,若井,와카이역,Q7960771,matched_station_line,station_name_only,Wikidata CC0
0,128,147,後免,고멘역,Q900981,matched_station_line,station_name_only,Wikidata CC0
0,128,151,諫早,이사하야역,Q901393,matched_station_line,station_name_only,Wikidata CC0
0,128,152,八代,야쓰시로역,Q846609,matched_station_line,station_name_only,Wikidata CC0
0,128,161,直方,노가타역,Q7071610,matched_station_line,station_name_only,Wikidata CC0
0,128,162,田川伊田,다가와이타역,Q870609,matched_station_line,station_name_only,Wikidata CC0
0,128,163,行橋,유쿠하시역,Q5360403,matched_station_line,station_name_only,Wikidata CC0
0,128,164,田川後藤寺,다가와고토지역,Q5359972,matched_station_line,station_name_only,Wikidata CC0
0,128,165,伊東,이토역,Q6095339,matched_station_line,station_name_only,Wikidata CC0
0,128,167,吉原,요시와라역,Q870968,matched_station_line,station_name+line:岳南線,Wikidata CC0
0,128,171,掛川,가케가와역,Q800978,matched_station_line,station_name_only,Wikidata CC0
0,128,172,新所原,신조하라역,Q872044,matched_station_line,station_name_only,Wikidata CC0
0,128,183,枇杷島,비와지마역,Q870976,matched_station_line,station_name_only,Wikidata CC0
0,128,189,米原,마이바라역,Q801158,matched_station_line,station_name_only,Wikidata CC0
0,128,195,勝川,가치가와역,Q5359249,matched_station_line,station_name_only,Wikidata CC0
0,128,206,津,쓰역,Q869763,matched_station_line,station_name+line:伊勢線,Wikidata CC0
0,128,207,松阪,마쓰사카역,Q5357756,matched_station_line,station_name_only,Wikidata CC0
0,128,210,河原田,가와라다역,Q4559716,matched_station_line,station_name+line:伊勢線,Wikidata CC0
0,128,214,岡崎,오카자키역,Q872492,matched_station_line,station_name_only,Wikidata CC0
0,128,217,高蔵寺,고조지역,Q5359256,matched_station_line,station_name_only,Wikidata CC0
0,128,225,和倉温泉,와쿠라온센역,Q6138219,matched_station_line,station_name_only,Wikidata CC0
0,128,227,敦賀,쓰루가역,Q5364670,matched_station_line,station_name_only,Wikidata CC0
0,128,233,倶利伽羅,구리카라역,Q5360002,matched_station_line,station_name_only,Wikidata CC0
0,128,235,金沢,가나자와역,Q1136378,matched_station_line,station_name_only,Wikidata CC0
0,128,236,津幡,쓰바타역,Q3701490,matched_station_line,station_name_only,Wikidata CC0
0,128,237,高岡,다카오카역,Q871547,matched_station_line,station_name_only,Wikidata CC0
0,128,239,糸魚川,이토이가와역,Q871596,matched_station_line,station_name_only,Wikidata CC0
0,128,240,越前花堂,에치젠하난도역,Q898457,matched_station_line,station_name_only,Wikidata CC0
0,128,245,恵那,에나역,Q870596,matched_station_line,station_name_only,Wikidata CC0
0,128,251,博多,하카타역,Q800875,matched_station_line,station_name_only,Wikidata CC0
0,128,252,姪浜,메이노하마역,Q1039174,matched_station_line,station_name_only,Wikidata CC0
0,129,1,熊谷,구마가야역,Q735594,matched_station_line,station_name+line:秩父鉄道秩父本線,Wikidata CC0
0,129,3,上熊谷,가미쿠마가야역,Q6357161,matched_station_line,station_name+line:秩父鉄道秩父本線,Wikidata CC0
0,129,5,石原,이사역,Q871655,matched_station_line,station_name_only,Wikidata CC0
0,129,7,ひろせ野鳥の森,히로세야초노모리역,Q5770745,matched_station_line,station_name+line:秩父鉄道秩父本線,Wikidata CC0
0,129,9,大麻生,오아소역,Q3701525,matched_station_line,station_name+line:秩父鉄道秩父本線,Wikidata CC0
0,129,10,明戸,아케토역,Q4700660,matched_station_line,station_name+line:秩父鉄道秩父本線,Wikidata CC0
0,129,11,武川,다케카와역,Q7677997,matched_station_line,station_name+line:秩父鉄道秩父本線,Wikidata CC0
0,129,13,永田,나가타역,Q564453,matched_station_line,station_name_only,Wikidata CC0
0,129,14,ふかや花園,후카야하나조노 역,Q30302602,matched_station_line,station_name+line:秩父鉄道秩父本線,Wikidata CC0
0,129,15,小前田,오마에다역,Q7089376,matched_station_line,station_name+line:秩父鉄道秩父本線,Wikidata CC0
0,129,16,桜沢,사쿠라자와역,Q3701568,matched_station_line,station_name+line:秩父鉄道秩父本線,Wikidata CC0
0,129,17,寄居,요리이역,Q910653,matched_station_line,station_name+line:秩父鉄道秩父本線,Wikidata CC0
0,129,19,波久礼,하구레역,Q3701668,matched_station_line,station_name+line:秩父鉄道秩父本線,Wikidata CC0
0,129,21,樋口,히구치역,Q11542163,matched_station_line,station_name+line:秩父鉄道秩父本線,Wikidata CC0
0,129,23,野上,노가미역,Q3701473,matched_station_line,station_name+line:秩父鉄道秩父本線,Wikidata CC0
0,129,25,長瀞,나가토로역,Q8013090,matched_station_line,station_name+line:秩父鉄道秩父本線,Wikidata CC0
0,129,27,上長瀞,가미나가토로역,Q3701538,matched_station_line,station_name+line:秩父鉄道秩父本線,Wikidata CC0
0,129,29,親鼻,오야하나역,Q7116209,matched_station_line,station_name+line:秩父鉄道秩父本線,Wikidata CC0
0,129,31,皆野,미나노역,Q6863174,matched_station_line,station_name+line:秩父鉄道秩父本線,Wikidata CC0
0,129,33,和銅黒谷,와도쿠로야역,Q7959369,matched_station_line,station_name+line:秩父鉄道秩父本線,Wikidata CC0
0,129,37,大野原,오노하라역,Q8081669,matched_station_line,station_name+line:秩父鉄道秩父本線,Wikidata CC0
0,129,39,秩父,지치부역,Q5096049,matched_station_line,station_name+line:秩父鉄道秩父本線,Wikidata CC0
0,129,41,御花畑,오하나바타케역,Q7080615,matched_station_line,station_name+line:秩父鉄道秩父本線,Wikidata CC0
0,129,43,影森,가게모리역,Q3701498,matched_station_line,station_name+line:秩父鉄道秩父本線,Wikidata CC0
0,129,45,浦山口,우라야마구치역,Q3701527,matched_station_line,station_name+line:秩父鉄道秩父本線,Wikidata CC0
0,129,47,武州中川,부슈나카가와역,Q3701401,matched_station_line,station_name+line:秩父鉄道秩父本線,Wikidata CC0
0,129,49,武州日野,부슈히노역,Q3701398,matched_station_line,station_name+line:秩父鉄道秩父本線,Wikidata CC0
0,129,51,白久,시로쿠역,Q3701539,matched_station_line,station_name+line:秩父鉄道秩父本線,Wikidata CC0
0,129,53,三峰口,미쓰미네구치역,Q5969031,matched_station_line,station_name+line:秩父鉄道秩父本線,Wikidata CC0
0,129,55,ソシオ流通センター,소시오 유통센터역,Q28105552,matched_station_line,station_name+line:秩父鉄道秩父本線,Wikidata CC0
0,129,57,持田,모치다역,Q3701544,matched_station_line,station_name+line:秩父鉄道秩父本線,Wikidata CC0
0,129,59,行田市,교다시역,Q5625685,matched_station_line,station_name+line:秩父鉄道秩父本線,Wikidata CC0
0,129,61,東行田,히가시교다역,Q5753524,matched_station_line,station_name+line:秩父鉄道秩父本線,Wikidata CC0
0,129,63,武州荒木,부슈아라키역,Q5001622,matched_station_line,station_name+line:秩父鉄道秩父本線,Wikidata CC0
0,129,65,新郷,신고역,Q7497502,matched_station_line,station_name+line:秩父鉄道秩父本線,Wikidata CC0
0,129,66,西羽生,니시하뉴역,Q7040342,matched_station_line,station_name+line:秩父鉄道秩父本線,Wikidata CC0
0,129,67,羽生,하뉴역,Q843716,matched_station_line,station_name+line:秩父鉄道秩父本線,Wikidata CC0
0,130,1,新木場,신키바역,Q1376066,matched_station_line,station_name_only,Wikidata CC0
0,130,4,国際展示場,고쿠사이텐지조역,Q841567,matched_station_line,station_name_only,Wikidata CC0
0,130,5,東京テレポート,도쿄 텔레포트역,Q906738,matched_station_line,station_name_only,Wikidata CC0
0,130,6,天王洲アイル,덴노즈 아일역,Q841425,matched_station_line,station_name_only,Wikidata CC0
0,130,7,品川シーサイド,시나가와 시사이드역,Q849106,matched_station_line,station_name_only,Wikidata CC0
0,130,8,大井町,오이마치역,Q801690,matched_station_line,station_name_only,Wikidata CC0
0,130,10,大崎,오사키역,Q801695,matched_station_line,station_name_only,Wikidata CC0
0,130,66,汐留,시오도메역,Q1063299,matched_station_line,station_name+line:ゆりかもめ東京臨海新交通臨海線,Wikidata CC0
0,130,68,竹芝,다케시바역,Q858876,matched_station_line,station_name+line:ゆりかもめ東京臨海新交通臨海線,Wikidata CC0
0,130,69,日の出,히노데역,Q5365974,matched_station_line,station_name+line:ゆりかもめ東京臨海新交通臨海線,Wikidata CC0
0,130,70,芝浦ふ頭,시바우라후토역,Q858865,matched_station_line,station_name+line:ゆりかもめ東京臨海新交通臨海線,Wikidata CC0
0,130,72,お台場海浜公園,오다이바카이힌코엔역,Q858883,matched_station_line,station_name+line:ゆりかもめ東京臨海新交通臨海線,Wikidata CC0
0,130,73,台場,다이바역,Q906784,matched_station_line,station_name+line:ゆりかもめ東京臨海新交通臨海線,Wikidata CC0
0,130,74,東京国際クルーズターミナル,도쿄국제크루즈터미널역,Q852902,matched_station_line,station_name+line:ゆりかもめ東京臨海新交通臨海線,Wikidata CC0
0,130,75,テレコムセンター,텔레컴 센터역,Q859177,matched_station_line,station_name+line:ゆりかもめ東京臨海新交通臨海線,Wikidata CC0
0,130,76,青海,아오미역,Q1042051,matched_station_line,station_name+line:ゆりかもめ東京臨海新交通臨海線,Wikidata CC0
0,130,78,東京ビッグサイト,도쿄빅사이트역,Q841620,matched_station_line,station_name+line:ゆりかもめ東京臨海新交通臨海線,Wikidata CC0
0,130,79,有明,아리아케역,Q17719,matched_station_line,station_name+line:ゆりかもめ東京臨海新交通臨海線,Wikidata CC0
0,130,80,有明テニスの森,아리아케테니스노모리역,Q373913,matched_station_line,station_name+line:ゆりかもめ東京臨海新交通臨海線,Wikidata CC0
0,130,82,市場前,시조마에역,Q859054,matched_station_line,station_name+line:ゆりかもめ東京臨海新交通臨海線,Wikidata CC0
0,130,84,新豊洲,신토요스역,Q766348,matched_station_line,station_name+line:ゆりかもめ東京臨海新交通臨海線,Wikidata CC0
0,130,86,豊洲,도요스역,Q1141968,matched_station_line,station_name+line:ゆりかもめ東京臨海新交通臨海線,Wikidata CC0
0,135,3,鉄道博物館,데쓰도하쿠부쓰칸역,Q7706853,matched_station_line,station_name+line:伊奈線,Wikidata CC0
0,135,5,加茂宮,가모노미야역,Q11398842,matched_station_line,station_name+line:伊奈線,Wikidata CC0
0,135,7,東宮原,히가시미야하라역,Q11526625,matched_station_line,station_name+line:伊奈線,Wikidata CC0
0,135,9,今羽,곤바역,Q11377372,matched_station_line,station_name+line:伊奈線,Wikidata CC0
0,135,11,吉野原,요시노하라역,Q11414370,matched_station_line,station_name+line:伊奈線,Wikidata CC0
0,135,13,原市,하라이치역,Q11284211,matched_station_line,station_name+line:伊奈線,Wikidata CC0
0,135,15,沼南,쇼난역,Q11554443,matched_station_line,station_name+line:伊奈線,Wikidata CC0
0,135,17,丸山,마루야마역,Q10877242,matched_station_line,station_name+line:伊奈線,Wikidata CC0
0,135,19,志久,시쿠역,Q11490824,matched_station_line,station_name+line:伊奈線,Wikidata CC0
0,135,21,伊奈中央,이나추오역,Q11379278,matched_station_line,station_name+line:伊奈線,Wikidata CC0
0,135,23,羽貫,하누키역,Q11610375,matched_station_line,station_name+line:伊奈線,Wikidata CC0
0,135,25,内宿,우치주쿠역,Q10891265,matched_station_line,station_name+line:伊奈線,Wikidata CC0
0,136,1,取手,도리데역,Q847830,matched_station_line,station_name+line:関東鉄道常総線,Wikidata CC0
0,136,2,西取手,니시토리데역,Q11627383,matched_station_line,station_name+line:関東鉄道常総線,Wikidata CC0
0,136,3,寺原,데라하라역,Q7701522,matched_station_line,station_name+line:関東鉄道常総線,Wikidata CC0
0,136,5,新取手,신토리데역,Q7497136,matched_station_line,station_name+line:関東鉄道常総線,Wikidata CC0
0,136,6,ゆめみ野,유메미노역,Q11280891,matched_station_line,station_name+line:関東鉄道常総線,Wikidata CC0
0,136,7,稲戸井,이나토이역,Q11596625,matched_station_line,station_name+line:関東鉄道常総線,Wikidata CC0
0,136,8,戸頭,도가시라역,Q7813045,matched_station_line,station_name+line:関東鉄道常総線,Wikidata CC0
0,136,9,南守谷,미나미모리야역,Q6862948,matched_station_line,station_name+line:関東鉄道常総線,Wikidata CC0
0,136,11,守谷,모리야역,Q5371869,matched_station_line,station_name+line:関東鉄道常総線,Wikidata CC0
0,136,12,新守谷,신모리야역,Q7497120,matched_station_line,station_name+line:関東鉄道常総線,Wikidata CC0
0,136,13,小絹,고키누역,Q6426642,matched_station_line,station_name+line:関東鉄道常総線,Wikidata CC0
0,136,15,水海道,미쓰카이도역,Q6883271,matched_station_line,station_name+line:関東鉄道常総線,Wikidata CC0
0,136,16,北水海道,기타미쓰카이도역,Q11402295,matched_station_line,station_name+line:関東鉄道常総線,Wikidata CC0
0,136,17,中妻,나카쓰마역,Q6960360,matched_station_line,station_name+line:関東鉄道常総線,Wikidata CC0
0,136,19,三妻,미쓰마역,Q6883297,matched_station_line,station_name+line:関東鉄道常総線,Wikidata CC0
0,136,21,南石下,미나미이시게역,Q6862906,matched_station_line,station_name+line:関東鉄道常総線,Wikidata CC0
0,136,23,石下,이시게역,Q6080189,matched_station_line,station_name+line:関東鉄道常総線,Wikidata CC0
0,136,24,玉村,다마무라역,Q7680610,matched_station_line,station_name+line:関東鉄道常総線,Wikidata CC0
0,136,25,宗道,소도역,Q7667565,matched_station_line,station_name+line:関東鉄道常総線,Wikidata CC0
0,136,27,下妻,시모쓰마역,Q7497019,matched_station_line,station_name+line:関東鉄道常総線,Wikidata CC0
0,136,29,大宝,다이호역,Q5209134,matched_station_line,station_name+line:関東鉄道常総線,Wikidata CC0
0,136,31,騰波ノ江,도바노에역,Q11668545,matched_station_line,station_name+line:関東鉄道常総線,Wikidata CC0
0,136,33,黒子,구로고역,Q6446299,matched_station_line,station_name+line:関東鉄道常総線,Wikidata CC0
0,136,35,大田郷,오타고역,Q8081743,matched_station_line,station_name+line:常総筑波鉄道鬼怒川線,Wikidata CC0
0,136,37,下館,시모다테역,Q7496954,matched_station_line,station_name+line:関東鉄道常総線,Wikidata CC0
0,138,1,佐貫,사누키역,Q865225,matched_station_line,station_name+line:関東鉄道竜ヶ崎線,Wikidata CC0
0,138,3,入地,이레지역,Q6068466,matched_station_line,station_name+line:関東鉄道竜ヶ崎線,Wikidata CC0
0,138,5,竜ヶ崎,류가사키역,Q7385617,matched_station_line,station_name+line:関東鉄道竜ヶ崎線,Wikidata CC0
0,140,1,銚子,조시역,Q861084,matched_station_line,station_name+line:銚子電気鉄道線,Wikidata CC0
0,140,15,外川,도카와역,Q5697162,matched_station_line,station_name+line:銚子電気鉄道線,Wikidata CC0
0,142,1,五井,고이역,Q573427,matched_station_line,station_name_only,Wikidata CC0
0,143,1,藤沢,후지사와역,Q1133110,matched_station_line,station_name+line:江ノ島電鉄線,Wikidata CC0
0,143,3,石上,이시가미역,Q859782,matched_station_line,station_name+line:江ノ島電鉄線,Wikidata CC0
0,143,5,柳小路,야나기코지역,Q859740,matched_station_line,station_name+line:江ノ島電鉄線,Wikidata CC0
0,143,7,鵠沼,구게누마역,Q858839,matched_station_line,station_name+line:江ノ島電鉄線,Wikidata CC0
0,143,9,湘南海岸公園,쇼난 해안공원역,Q858964,matched_station_line,station_name+line:江ノ島電鉄線,Wikidata CC0
0,143,11,江ノ島,에노시마역,Q846972,matched_station_line,station_name+line:江ノ島電鉄線,Wikidata CC0
0,143,13,腰越,고시고에역,Q858923,matched_station_line,station_name+line:江ノ島電鉄線,Wikidata CC0
0,143,15,鎌倉高校前,가마쿠라 고교 앞역,Q859202,matched_station_line,station_name+line:江ノ島電鉄線,Wikidata CC0
0,143,17,七里ヶ浜,시치리가하마역,Q858960,matched_station_line,station_name+line:江ノ島電鉄線,Wikidata CC0
0,143,19,稲村ヶ崎,이나무라가사키역,Q858991,matched_station_line,station_name+line:江ノ島電鉄線,Wikidata CC0
0,143,21,極楽寺,고쿠라쿠지역,Q858997,matched_station_line,station_name+line:江ノ島電鉄線,Wikidata CC0
0,143,25,由比ヶ浜,유이가하마역,Q859070,matched_station_line,station_name+line:江ノ島電鉄線,Wikidata CC0
0,143,27,和田塚,와다즈카역,Q858969,matched_station_line,station_name+line:江ノ島電鉄線,Wikidata CC0
0,143,29,鎌倉,가마쿠라역,Q932895,matched_station_line,station_name+line:江ノ島電鉄線,Wikidata CC0
0,144,1,小田原,오다와라역,Q801290,matched_station_line,station_name+line:小田急箱根鉄道線,Wikidata CC0
0,144,3,箱根板橋,하코네이타바시역,Q8281276,matched_station_line,station_name+line:小田急箱根鉄道線,Wikidata CC0
0,144,5,風祭,가자마쓰리역,Q6380859,matched_station_line,station_name+line:小田急箱根鉄道線,Wikidata CC0
0,144,7,入生田,이리우다역,Q6071878,matched_station_line,station_name+line:小田急箱根鉄道線,Wikidata CC0
0,144,9,箱根湯本,하코네유모토역,Q2593075,matched_station_line,station_name+line:小田急箱根鉄道線,Wikidata CC0
0,144,10,塔ノ沢,도노사와역,Q8189833,matched_station_line,station_name+line:小田急箱根鉄道線,Wikidata CC0
0,144,11,大平台,오히라다이역,Q8081501,matched_station_line,station_name+line:小田急箱根鉄道線,Wikidata CC0
0,144,13,宮ノ下,미야노시타역,Q997348,matched_station_line,station_name+line:小田急箱根鉄道線,Wikidata CC0
0,144,15,小涌谷,고와키다니역,Q994123,matched_station_line,station_name+line:小田急箱根鉄道線,Wikidata CC0
0,144,17,彫刻の森,조코쿠노모리역,Q3096249,matched_station_line,station_name+line:小田急箱根鉄道線,Wikidata CC0
0,144,19,強羅,고라역,Q997926,matched_station_line,station_name+line:小田急箱根鉄道線,Wikidata CC0
0,145,129,軽井沢,가루이자와역,Q1064215,matched_station_line,station_name+line:しなの鉄道線,Wikidata CC0
0,145,131,中軽井沢,나카카루이자와역,Q11367191,matched_station_line,station_name+line:しなの鉄道線,Wikidata CC0
0,145,133,信濃追分,시나노오이와케역,Q7497263,matched_station_line,station_name+line:しなの鉄道線,Wikidata CC0
0,145,135,御代田,미요타역,Q11488783,matched_station_line,station_name+line:しなの鉄道線,Wikidata CC0
0,145,137,平原,히라하라역,Q5768877,matched_station_line,station_name+line:しなの鉄道線,Wikidata CC0
0,145,139,小諸,고모로역,Q6428516,matched_station_line,station_name+line:しなの鉄道線,Wikidata CC0
0,145,141,滋野,시게노역,Q7496352,matched_station_line,station_name+line:しなの鉄道線,Wikidata CC0
0,145,143,田中,다나카역,Q7682253,matched_station_line,station_name+line:しなの鉄道線,Wikidata CC0
0,145,145,大屋,오야역,Q8081801,matched_station_line,station_name+line:しなの鉄道線,Wikidata CC0
0,145,146,信濃国分寺,시나노코쿠분지역,Q7497258,matched_station_line,station_name+line:しなの鉄道線,Wikidata CC0
0,145,147,上田,우에다역,Q1071375,matched_station_line,station_name+line:しなの鉄道線,Wikidata CC0
0,145,149,西上田,니시우에다역,Q7040439,matched_station_line,station_name+line:しなの鉄道線,Wikidata CC0
0,145,150,テクノさかき,데쿠노사카키역,Q7695516,matched_station_line,station_name+line:しなの鉄道線,Wikidata CC0
0,145,151,坂城,사카키역,Q7402787,matched_station_line,station_name+line:しなの鉄道線,Wikidata CC0
0,145,153,戸倉,도구라 역,Q11496243,matched_station_line,station_name+line:しなの鉄道線,Wikidata CC0
0,145,154,千曲,지쿠마역,Q5097502,matched_station_line,station_name+line:しなの鉄道線,Wikidata CC0
0,145,155,屋代,야시로 역,Q8192332,matched_station_line,station_name+line:しなの鉄道線,Wikidata CC0
0,145,156,屋代高校前,야시로코코마에역,Q8049740,matched_station_line,station_name+line:しなの鉄道線,Wikidata CC0
0,145,157,篠ノ井,시노노이역,Q5357193,matched_station_line,station_name+line:しなの鉄道線,Wikidata CC0
0,146,1,横浜,요코하마역,Q801658,matched_station_line,station_name_only,Wikidata CC0
0,146,2,平沼橋,히라누마바시역,Q5769436,matched_station_line,station_name+line:相鉄本線,Wikidata CC0
0,146,3,西横浜,니시요코하마역,Q11628832,matched_station_line,station_name+line:相鉄本線,Wikidata CC0
0,146,4,天王町,덴노초역,Q7700532,matched_station_line,station_name+line:相鉄本線,Wikidata CC0
0,146,5,星川,호시카와역,Q5908047,matched_station_line,station_name+line:相鉄本線,Wikidata CC0
0,146,6,和田町,와다마치역,Q7958950,matched_station_line,station_name+line:相鉄本線,Wikidata CC0
0,146,7,上星川,가미호시카와역,Q11359095,matched_station_line,station_name+line:相鉄本線,Wikidata CC0
0,146,8,西谷,니시야역,Q7040756,matched_station_line,station_name+line:相鉄本線,Wikidata CC0
0,146,10,二俣川,후타마타가와역,Q846471,matched_station_line,station_name+line:相鉄本線,Wikidata CC0
0,146,12,三ツ境,미쓰쿄역,Q11354006,matched_station_line,station_name+line:相鉄本線,Wikidata CC0
0,146,13,瀬谷,세야역,Q7458919,matched_station_line,station_name+line:相鉄本線,Wikidata CC0
0,146,14,大和,야마토역,Q1036368,matched_station_line,station_name+line:相鉄本線,Wikidata CC0
0,146,15,相模大塚,사가미오쓰카역,Q7398954,matched_station_line,station_name+line:相鉄本線,Wikidata CC0
0,146,16,さがみ野,사가미노역,Q7398969,matched_station_line,station_name+line:相鉄本線,Wikidata CC0
0,146,17,かしわ台,가시와다이역,Q6374358,matched_station_line,station_name+line:相鉄本線,Wikidata CC0
0,146,18,海老名,에비나역,Q865932,matched_station_line,station_name_only,Wikidata CC0
0,147,1,二俣川,후타마타가와역,Q846471,matched_station_line,station_name+line:相鉄いずみ野線,Wikidata CC0
0,147,2,南万騎が原,미나미마키가하라역,Q6862945,matched_station_line,station_name+line:相鉄いずみ野線,Wikidata CC0
0,147,3,緑園都市,료쿠엔토시역,Q7385303,matched_station_line,station_name+line:相鉄いずみ野線,Wikidata CC0
0,147,4,弥生台,야요이다이역,Q8050550,matched_station_line,station_name+line:相鉄いずみ野線,Wikidata CC0
0,147,5,いずみ野,이즈미노역,Q6102365,matched_station_line,station_name+line:相鉄いずみ野線,Wikidata CC0
0,147,7,いずみ中央,이즈미추오역,Q6102271,matched_station_line,station_name+line:相鉄いずみ野線,Wikidata CC0
0,147,8,ゆめが丘,유메가오카역,Q5367513,matched_station_line,station_name+line:相鉄いずみ野線,Wikidata CC0
0,147,9,湘南台,쇼난다이역,Q1036357,matched_station_line,station_name_only,Wikidata CC0
0,147,131,羽沢横浜国大,하자와요코하마코쿠다이역,Q48755701,matched_station_line,station_name+line:相鉄新横浜線,Wikidata CC0
0,147,133,新横浜,신요코하마역,Q801437,matched_station_line,station_name_only,Wikidata CC0
0,148,1,新杉田,신스기타역,Q844465,matched_station_line,station_name+line:金沢シーサイドライン,Wikidata CC0
0,148,3,南部市場,난부시조역,Q11408539,matched_station_line,station_name+line:金沢シーサイドライン,Wikidata CC0
0,148,5,鳥浜,도리하마역,Q7825788,matched_station_line,station_name+line:金沢シーサイドライン,Wikidata CC0
0,148,7,並木北,나미키키타역,Q6961854,matched_station_line,station_name+line:金沢シーサイドライン,Wikidata CC0
0,148,9,並木中央,나미키추오역,Q6961853,matched_station_line,station_name+line:金沢シーサイドライン,Wikidata CC0
0,148,11,幸浦,사치우라역,Q7396765,matched_station_line,station_name+line:金沢シーサイドライン,Wikidata CC0
0,148,13,産業振興センター,산교신코센터역,Q7418197,matched_station_line,station_name+line:金沢シーサイドライン,Wikidata CC0
0,148,15,福浦,후쿠우라역,Q5507751,matched_station_line,station_name+line:金沢シーサイドライン,Wikidata CC0
0,148,17,市大医学部,시다이이가쿠부역,Q7496125,matched_station_line,station_name+line:金沢シーサイドライン,Wikidata CC0
0,148,19,八景島,핫케이지마역,Q5640543,matched_station_line,station_name+line:金沢シーサイドライン,Wikidata CC0
0,148,21,海の公園柴口,우미노코엔시바구치역,Q7881582,matched_station_line,station_name+line:金沢シーサイドライン,Wikidata CC0
0,148,23,海の公園南口,우미노코엔미나미구치역,Q7881587,matched_station_line,station_name+line:金沢シーサイドライン,Wikidata CC0
0,148,25,野島公園,노지마코엔역,Q7047813,matched_station_line,station_name+line:金沢シーサイドライン,Wikidata CC0
0,148,27,金沢八景,가나자와핫케이역,Q6360870,matched_station_line,station_name+line:金沢シーサイドライン,Wikidata CC0
0,149,1,水戸,미토역,Q909499,matched_station_line,station_name+line:鹿島臨海鉄道大洗鹿島線,Wikidata CC0
0,149,3,東水戸,히가시미토역,Q11527562,matched_station_line,station_name+line:鹿島臨海鉄道大洗鹿島線,Wikidata CC0
0,149,5,常澄,쓰네즈미역,Q7850224,matched_station_line,station_name+line:鹿島臨海鉄道大洗鹿島線,Wikidata CC0
0,149,7,大洗,오아라이역,Q11437232,matched_station_line,station_name+line:鹿島臨海鉄道大洗鹿島線,Wikidata CC0
0,149,9,涸沼,히누마역,Q5767758,matched_station_line,station_name+line:鹿島臨海鉄道大洗鹿島線,Wikidata CC0
0,149,11,鹿島旭,가시마아사히역,Q6374302,matched_station_line,station_name+line:鹿島臨海鉄道大洗鹿島線,Wikidata CC0
0,149,13,徳宿,도쿠슈쿠역,Q7813773,matched_station_line,station_name+line:鹿島臨海鉄道大洗鹿島線,Wikidata CC0
0,149,15,新鉾田,신호코타역,Q7497093,matched_station_line,station_name+line:鹿島臨海鉄道大洗鹿島線,Wikidata CC0
0,149,17,北浦湖畔,기타우라코한역,Q6417920,matched_station_line,station_name+line:鹿島臨海鉄道大洗鹿島線,Wikidata CC0
0,149,19,大洋,다이요역,Q7676666,matched_station_line,station_name+line:鹿島臨海鉄道大洗鹿島線,Wikidata CC0
0,149,21,鹿島灘,가시마나다역,Q6374320,matched_station_line,station_name+line:鹿島臨海鉄道大洗鹿島線,Wikidata CC0
0,149,23,鹿島大野,가시마오노역,Q6374304,matched_station_line,station_name+line:鹿島臨海鉄道大洗鹿島線,Wikidata CC0
0,149,25,荒野台,고야다이역,Q6455333,matched_station_line,station_name+line:鹿島臨海鉄道大洗鹿島線,Wikidata CC0
0,149,27,鹿島サッカースタジアム,가시마 사커 스타디움역,Q6374316,matched_station_line,station_name+line:鹿島臨海鉄道大洗鹿島線,Wikidata CC0
0,151,4,関内,간나이역,Q800982,matched_station_line,station_name_only,Wikidata CC0
0,151,6,伊勢佐木長者町,이세자키초자마치역,Q841434,matched_station_line,station_name_only,Wikidata CC0
0,151,8,阪東橋,반도바시역,Q852854,matched_station_line,station_name_only,Wikidata CC0
0,151,10,吉野町,요시노초역,Q579077,matched_station_line,station_name_only,Wikidata CC0
0,151,12,蒔田,마이타역,Q579091,matched_station_line,station_name_only,Wikidata CC0
0,151,16,上大岡,가미오오카역,Q865627,matched_station_line,station_name_only,Wikidata CC0
0,151,18,港南中央,고난추오역,Q573434,matched_station_line,station_name_only,Wikidata CC0
0,151,20,上永谷,가미나가야역,Q841420,matched_station_line,station_name_only,Wikidata CC0
0,151,22,下永谷,시모나가야역,Q579066,matched_station_line,station_name_only,Wikidata CC0
0,151,24,舞岡,마이오카역,Q904116,matched_station_line,station_name_only,Wikidata CC0
0,151,26,戸塚,도쓰카역,Q801522,matched_station_line,station_name_only,Wikidata CC0
0,151,28,踊場,오도리바역,Q852877,matched_station_line,station_name_only,Wikidata CC0
0,151,32,立場,다테바역,Q573441,matched_station_line,station_name_only,Wikidata CC0
0,151,34,下飯田,시모이다역,Q573742,matched_station_line,station_name_only,Wikidata CC0
0,151,36,湘南台,쇼난다이역,Q1036357,matched_station_line,station_name_only,Wikidata CC0
0,153,20,関内,간나이역,Q800982,matched_station_line,station_name_only,Wikidata CC0
0,153,22,桜木町,사쿠라기초역,Q801396,matched_station_line,station_name_only,Wikidata CC0
0,153,24,高島町,다카시마초역,Q850673,matched_station_line,station_name_only,Wikidata CC0
0,153,26,横浜,요코하마역,Q801658,matched_station_line,station_name_only,Wikidata CC0
0,153,28,三ツ沢下町,미쓰자와시모초역,Q589920,matched_station_line,station_name_only,Wikidata CC0
0,153,30,三ツ沢上町,미쓰자와카미초역,Q903553,matched_station_line,station_name_only,Wikidata CC0
0,153,32,片倉町,가타쿠라초역,Q589860,matched_station_line,station_name_only,Wikidata CC0
0,153,34,岸根公園,기시네코엔역,Q589898,matched_station_line,station_name_only,Wikidata CC0
0,153,36,新横浜,신요코하마역,Q801437,matched_station_line,station_name_only,Wikidata CC0
0,153,38,北新横浜,기타신요코하마역,Q852295,matched_station_line,station_name_only,Wikidata CC0
0,153,40,新羽,닛파역,Q841479,matched_station_line,station_name_only,Wikidata CC0
0,153,42,仲町台,나카마치다이역,Q851025,matched_station_line,station_name_only,Wikidata CC0
0,153,44,センター南,센터 미나미역,Q844629,matched_station_line,station_name_only,Wikidata CC0
0,153,46,センター北,센터 기타역,Q847363,matched_station_line,station_name_only,Wikidata CC0
0,153,48,中川,나카가와역,Q6960148,matched_station_line,station_name_only,Wikidata CC0
0,153,50,あざみ野,아자미노역,Q852232,matched_station_line,station_name_only,Wikidata CC0
0,154,14,日吉本町,히요시혼초역,Q5872965,matched_station_line,station_name_only,Wikidata CC0
0,154,18,東山田,히가시야마타역,Q11103294,matched_station_line,station_name_only,Wikidata CC0
0,154,22,センター北,센터 기타역,Q847363,matched_station_line,station_name_only,Wikidata CC0
0,154,24,センター南,센터 미나미역,Q844629,matched_station_line,station_name_only,Wikidata CC0
0,154,26,都筑ふれあいの丘,쓰즈키후레아이노오카역,Q7850400,matched_station_line,station_name_only,Wikidata CC0
0,154,28,川和町,가와와초역,Q6379900,matched_station_line,station_name_only,Wikidata CC0
0,157,1,浅草,아사쿠사역,Q800405,matched_station_line,station_name+line:東武伊勢崎線,Wikidata CC0
0,157,2,とうきょうスカイツリー,도쿄 스카이트리역,Q900250,matched_station_line,station_name+line:東武伊勢崎線,Wikidata CC0
0,157,3,曳舟,히키후네역,Q842038,matched_station_line,station_name+line:東武伊勢崎線,Wikidata CC0
0,157,4,東向島,히가시무코지마역,Q5753733,matched_station_line,station_name+line:東武伊勢崎線,Wikidata CC0
0,157,6,堀切,호리키리역,Q5903267,matched_station_line,station_name+line:東武伊勢崎線,Wikidata CC0
0,157,7,牛田,우시다역,Q7901940,matched_station_line,station_name+line:東武伊勢崎線,Wikidata CC0
0,157,8,北千住,기타센주역,Q801026,matched_station_line,station_name+line:東武伊勢崎線,Wikidata CC0
0,157,9,小菅,고스게역,Q6433611,matched_station_line,station_name+line:東武伊勢崎線,Wikidata CC0
0,157,10,五反野,고탄노역,Q5587720,matched_station_line,station_name+line:東武伊勢崎線,Wikidata CC0
0,157,11,梅島,우메지마역,Q7881477,matched_station_line,station_name+line:東武伊勢崎線,Wikidata CC0
0,157,12,西新井,니시아라이역,Q841838,matched_station_line,station_name+line:東武伊勢崎線,Wikidata CC0
0,157,14,竹ノ塚,다케노쓰카역,Q7678040,matched_station_line,station_name+line:東武伊勢崎線,Wikidata CC0
0,157,16,谷塚,야쓰카역,Q8050280,matched_station_line,station_name+line:東武伊勢崎線,Wikidata CC0
0,157,17,草加,소카역,Q842450,matched_station_line,station_name+line:東武伊勢崎線,Wikidata CC0
0,157,18,獨協大学前,돗쿄다이가쿠마에역,Q6788024,matched_station_line,station_name+line:東武伊勢崎線,Wikidata CC0
0,157,19,新田,신덴역,Q8191166,matched_station_line,station_name+line:東武伊勢崎線,Wikidata CC0
0,157,20,蒲生,가모역,Q5520436,matched_station_line,station_name+line:東武伊勢崎線,Wikidata CC0
0,157,21,新越谷,신코시가야역,Q280550,matched_station_line,station_name+line:東武伊勢崎線,Wikidata CC0
0,157,22,越谷,고시가야역,Q842666,matched_station_line,station_name+line:東武伊勢崎線,Wikidata CC0
0,157,23,北越谷,기타코시가야역,Q842492,matched_station_line,station_name+line:東武伊勢崎線,Wikidata CC0
0,157,25,大袋,오부쿠로역,Q8081433,matched_station_line,station_name+line:東武伊勢崎線,Wikidata CC0
0,157,26,せんげん台,센겐다이역,Q842516,matched_station_line,station_name+line:東武伊勢崎線,Wikidata CC0
0,157,27,武里,다케사토역,Q7678100,matched_station_line,station_name+line:東武伊勢崎線,Wikidata CC0
0,157,28,一ノ割,이치노와리역,Q5986273,matched_station_line,station_name+line:東武伊勢崎線,Wikidata CC0
0,157,30,春日部,가스카베역,Q842446,matched_station_line,station_name+line:東武伊勢崎線,Wikidata CC0
0,157,31,北春日部,기타카스카베역,Q6417560,matched_station_line,station_name+line:東武伊勢崎線,Wikidata CC0
0,157,32,姫宮,히메미야역,Q8190066,matched_station_line,station_name+line:東武伊勢崎線,Wikidata CC0
0,157,34,東武動物公園,도부 도부쓰코엔역,Q843158,matched_station_line,station_name+line:東武伊勢崎線,Wikidata CC0
0,157,36,和戸,와도역,Q7959314,matched_station_line,station_name+line:東武伊勢崎線,Wikidata CC0
0,157,38,久喜,구키역,Q843719,matched_station_line,station_name+line:東武伊勢崎線,Wikidata CC0
0,157,41,鷲宮,와시노미야역,Q844040,matched_station_line,station_name+line:東武伊勢崎線,Wikidata CC0
0,157,43,花崎,하나사키역,Q5646939,matched_station_line,station_name+line:東武伊勢崎線,Wikidata CC0
0,157,45,加須,가조역,Q6381375,matched_station_line,station_name+line:東武伊勢崎線,Wikidata CC0
0,157,48,南羽生,미나미하뉴역,Q6862883,matched_station_line,station_name+line:東武伊勢崎線,Wikidata CC0
0,157,50,羽生,하뉴역,Q843716,matched_station_line,station_name+line:東武伊勢崎線,Wikidata CC0
0,157,53,川俣,가와마타역,Q6379607,matched_station_line,station_name+line:東武伊勢崎線,Wikidata CC0
0,157,54,茂林寺前,모린지마에역,Q8190293,matched_station_line,station_name+line:東武伊勢崎線,Wikidata CC0
0,157,56,館林,다테바야시역,Q865905,matched_station_line,station_name+line:東武伊勢崎線,Wikidata CC0
0,157,58,多々良,다타라역,Q7687888,matched_station_line,station_name+line:東武伊勢崎線,Wikidata CC0
0,157,60,県,아가타역,Q4691472,matched_station_line,station_name+line:東武伊勢崎線,Wikidata CC0
0,157,62,福居,후쿠이역,Q5507654,matched_station_line,station_name+line:東武伊勢崎線,Wikidata CC0
0,157,63,東武和泉,도부 이즈미역,Q7862633,matched_station_line,station_name+line:東武伊勢崎線,Wikidata CC0
0,157,64,足利市,아시카가시역,Q1000572,matched_station_line,station_name+line:東武伊勢崎線,Wikidata CC0
0,157,65,野州山辺,야슈야마베역,Q8049781,matched_station_line,station_name+line:東武伊勢崎線,Wikidata CC0
0,157,67,韮川,니라가와역,Q8191297,matched_station_line,station_name+line:東武伊勢崎線,Wikidata CC0
0,157,69,太田,오타역,Q8081729,matched_station_line,station_name+line:東武伊勢崎線,Wikidata CC0
0,157,71,細谷,호소야역,Q5908238,matched_station_line,station_name+line:東武伊勢崎線,Wikidata CC0
0,157,73,木崎,기자키역,Q6419173,matched_station_line,station_name+line:東武伊勢崎線,Wikidata CC0
0,157,75,世良田,세라다역,Q7452609,matched_station_line,station_name+line:東武伊勢崎線,Wikidata CC0
0,157,77,境町,사카이마치역,Q258709,matched_station_line,station_name+line:東武伊勢崎線,Wikidata CC0
0,157,79,剛志,고시역,Q5627764,matched_station_line,station_name+line:東武伊勢崎線,Wikidata CC0
0,157,81,新伊勢崎,신이세사키역,Q7497100,matched_station_line,station_name+line:東武伊勢崎線,Wikidata CC0
0,157,82,伊勢崎,이세사키역,Q5963232,matched_station_line,station_name+line:東武伊勢崎線,Wikidata CC0
0,158,1,曳舟,히키후네역,Q842038,matched_station_line,station_name+line:東武亀戸線,Wikidata CC0
0,158,2,小村井,오무라이역,Q7090805,matched_station_line,station_name+line:東武亀戸線,Wikidata CC0
0,158,3,東あずま,히가시아즈마역,Q11523777,matched_station_line,station_name+line:東武亀戸線,Wikidata CC0
0,158,4,亀戸水神,가메이도스이진역,Q6356576,matched_station_line,station_name+line:東武亀戸線,Wikidata CC0
0,158,5,亀戸,가메이도역,Q1036376,matched_station_line,station_name+line:東武亀戸線,Wikidata CC0
0,159,1,西新井,니시아라이역,Q841838,matched_station_line,station_name+line:東武大師線,Wikidata CC0
0,159,2,大師前,다이시마에역,Q5209614,matched_station_line,station_name+line:東武大師線,Wikidata CC0
0,160,1,葛生,구즈역,Q845948,matched_station_line,station_name+line:東武佐野線,Wikidata CC0
0,160,3,多田,다다역,Q7674268,matched_station_line,station_name+line:東武佐野線,Wikidata CC0
0,160,4,田沼,다누마역,Q7683909,matched_station_line,station_name+line:東武佐野線,Wikidata CC0
0,160,6,吉水,요시미즈역,Q8056175,matched_station_line,station_name+line:東武佐野線,Wikidata CC0
0,160,8,堀米,호리고메역,Q5903233,matched_station_line,station_name+line:東武佐野線,Wikidata CC0
0,160,9,佐野,사노역,Q7418881,matched_station_line,station_name+line:東武佐野線,Wikidata CC0
0,160,10,佐野市,사노시역,Q7418896,matched_station_line,station_name+line:東武佐野線,Wikidata CC0
0,160,13,田島,다지마역,Q7676868,matched_station_line,station_name+line:東武佐野線,Wikidata CC0
0,160,16,渡瀬,와타라세역,Q7973000,matched_station_line,station_name+line:東武佐野線,Wikidata CC0
0,160,20,成島,나루시마역,Q6966471,matched_station_line,station_name+line:東武小泉線,Wikidata CC0
0,160,22,本中野,혼나카노역,Q5891922,matched_station_line,station_name+line:東武小泉線,Wikidata CC0
0,160,24,篠塚,시노즈카역,Q7497734,matched_station_line,station_name+line:東武小泉線,Wikidata CC0
0,160,25,東小泉,히가시코이즈미역,Q5753636,matched_station_line,station_name+line:東武小泉線,Wikidata CC0
0,160,26,小泉町,고이즈미마치역,Q6426398,matched_station_line,station_name+line:東武小泉線,Wikidata CC0
0,160,27,西小泉,니시코이즈미역,Q11627702,matched_station_line,station_name+line:東武小泉線,Wikidata CC0
0,161,1,東小泉,히가시코이즈미역,Q5753636,matched_station_line,station_name+line:東武小泉線,Wikidata CC0
0,161,3,竜舞,류마이역,Q7385630,matched_station_line,station_name+line:東武小泉線,Wikidata CC0
0,161,5,太田,오타역,Q8081729,matched_station_line,station_name+line:東武桐生線,Wikidata CC0
0,161,7,三枚橋,산마이바시역,Q7409638,matched_station_line,station_name+line:東武桐生線,Wikidata CC0
0,161,9,治良門橋,지로엔바시역,Q6203113,matched_station_line,station_name+line:東武桐生線,Wikidata CC0
0,161,11,藪塚,야부즈카역,Q8046412,matched_station_line,station_name+line:東武桐生線,Wikidata CC0
0,161,13,阿左美,아자미역,Q289670,matched_station_line,station_name+line:東武桐生線,Wikidata CC0
0,161,14,新桐生,신키류역,Q7497107,matched_station_line,station_name+line:東武桐生線,Wikidata CC0
0,161,16,相老,아이오이역,Q4697556,matched_station_line,station_name+line:東武桐生線,Wikidata CC0
0,161,18,赤城,아카기역,Q4700146,matched_station_line,station_name+line:東武桐生線,Wikidata CC0
0,162,3,杉戸高野台,스기토타카노다이역,Q7635130,matched_station_line,station_name+line:東武日光線,Wikidata CC0
0,162,4,幸手,삿테역,Q7426528,matched_station_line,station_name+line:東武日光線,Wikidata CC0
0,162,5,南栗橋,미나미쿠리하시역,Q846777,matched_station_line,station_name+line:東武日光線,Wikidata CC0
0,162,7,栗橋,구리하시역,Q846796,matched_station_line,station_name+line:東武日光線,Wikidata CC0
0,162,10,新古河,신코가역,Q7497111,matched_station_line,station_name+line:東武日光線,Wikidata CC0
0,162,12,柳生,야규역,Q11534548,matched_station_line,station_name+line:東武日光線,Wikidata CC0
0,162,13,板倉東洋大前,이타쿠라토요다이가쿠마에 역,Q6092530,matched_station_line,station_name+line:東武日光線,Wikidata CC0
0,162,15,藤岡,후지오카역,Q5507472,matched_station_line,station_name+line:東武日光線,Wikidata CC0
0,162,18,静和,시즈와역,Q7499516,matched_station_line,station_name+line:東武日光線,Wikidata CC0
0,162,20,新大平下,신오히라시타역,Q7497153,matched_station_line,station_name+line:東武日光線,Wikidata CC0
0,162,23,栃木,도치기역,Q7811990,matched_station_line,station_name+line:東武日光線,Wikidata CC0
0,162,25,新栃木,신토치기역,Q7497137,matched_station_line,station_name+line:東武日光線,Wikidata CC0
0,162,27,合戦場,갓센바역,Q6374725,matched_station_line,station_name+line:東武日光線,Wikidata CC0
0,162,29,家中,이에나카역,Q5990042,matched_station_line,station_name+line:東武日光線,Wikidata CC0
0,162,32,東武金崎,도부 가나사키역,Q7862636,matched_station_line,station_name+line:東武日光線,Wikidata CC0
0,162,35,楡木,니레기역,Q7039945,matched_station_line,station_name+line:東武日光線,Wikidata CC0
0,162,37,樅山,모미야마역,Q6897322,matched_station_line,station_name+line:東武日光線,Wikidata CC0
0,162,39,新鹿沼,신카누마역,Q7497103,matched_station_line,station_name+line:東武日光線,Wikidata CC0
0,162,41,北鹿沼,기타카누마역,Q6417558,matched_station_line,station_name+line:東武日光線,Wikidata CC0
0,162,44,板荷,이타가역,Q6092365,matched_station_line,station_name+line:東武日光線,Wikidata CC0
0,162,46,下小代,시모고시로역,Q11360791,matched_station_line,station_name+line:東武日光線,Wikidata CC0
0,162,48,明神,묘진역,Q6949386,matched_station_line,station_name+line:東武日光線,Wikidata CC0
0,162,51,下今市,시모이마이치역,Q7496924,matched_station_line,station_name+line:東武日光線,Wikidata CC0
0,162,52,上今市,가미이마이치역,Q6357139,matched_station_line,station_name+line:東武日光線,Wikidata CC0
0,162,55,東武日光,도부 닛코역,Q7862640,matched_station_line,station_name+line:東武日光線,Wikidata CC0
0,163,1,新栃木,신토치기역,Q7497137,matched_station_line,station_name+line:東武宇都宮線,Wikidata CC0
0,163,2,野州平川,야슈히라카와역,Q8049775,matched_station_line,station_name+line:東武宇都宮線,Wikidata CC0
0,163,3,野州大塚,야슈오쓰카역,Q8049778,matched_station_line,station_name+line:東武宇都宮線,Wikidata CC0
0,163,5,壬生,미부역,Q6827788,matched_station_line,station_name+line:東武宇都宮線,Wikidata CC0
0,163,7,国谷,구니야역,Q11421382,matched_station_line,station_name+line:東武宇都宮線,Wikidata CC0
0,163,8,おもちゃのまち,오모차노마치역,Q7090437,matched_station_line,station_name+line:東武宇都宮線,Wikidata CC0
0,163,10,安塚,야스즈카역,Q8050142,matched_station_line,station_name+line:東武宇都宮線,Wikidata CC0
0,163,12,西川田,니시카와다역,Q11628148,matched_station_line,station_name+line:東武宇都宮線,Wikidata CC0
0,163,13,江曽島,에소지마역,Q5398613,matched_station_line,station_name+line:東武宇都宮線,Wikidata CC0
0,163,14,南宇都宮,미나미우쓰노미야역,Q6862982,matched_station_line,station_name+line:東武宇都宮線,Wikidata CC0
0,163,16,東武宇都宮,도부 우쓰노미야역,Q7862642,matched_station_line,station_name+line:東武宇都宮線,Wikidata CC0
0,164,1,下今市,시모이마이치역,Q7496924,matched_station_line,station_name+line:東武鬼怒川線,Wikidata CC0
0,164,2,大谷向,다이야무코역,Q5209838,matched_station_line,station_name+line:東武鬼怒川線,Wikidata CC0
0,164,4,大桑,오쿠와역,Q8081590,matched_station_line,station_name+line:東武鬼怒川線,Wikidata CC0
0,164,6,新高徳,신타카토쿠역,Q7497134,matched_station_line,station_name+line:東武鬼怒川線,Wikidata CC0
0,164,8,小佐越,고사고에역,Q6432945,matched_station_line,station_name+line:東武鬼怒川線,Wikidata CC0
0,164,9,東武ワールドスクウェア,도부 월드 스퀘어역,Q27923776,matched_station_line,station_name+line:東武鬼怒川線,Wikidata CC0
0,164,10,鬼怒川温泉,기누가와온센역,Q6414419,matched_station_line,station_name+line:東武鬼怒川線,Wikidata CC0
0,164,11,鬼怒川公園,기누가와코엔역,Q6414416,matched_station_line,station_name+line:東武鬼怒川線,Wikidata CC0
0,164,12,新藤原,신후지와라역,Q7497085,matched_station_line,station_name+line:東武鬼怒川線,Wikidata CC0
0,165,2,北大宮,기타오미야역,Q5367635,matched_station_line,station_name_only,Wikidata CC0
0,165,3,大宮公園,오미야코엔역,Q8081623,matched_station_line,station_name_only,Wikidata CC0
0,165,5,七里,나나사토역,Q6962432,matched_station_line,station_name_only,Wikidata CC0
0,165,7,岩槻,이와쓰키역,Q5368936,matched_station_line,station_name_only,Wikidata CC0
0,165,9,東岩槻,히가시이와쓰키역,Q5753571,matched_station_line,station_name_only,Wikidata CC0
0,165,10,豊春,도요하루역,Q5368674,matched_station_line,station_name_only,Wikidata CC0
0,165,11,八木崎,야기사키역,Q11391340,matched_station_line,station_name_only,Wikidata CC0
0,165,13,春日部,가스카베역,Q842446,matched_station_line,station_name_only,Wikidata CC0
0,165,14,藤の牛島,후지노우시지마역,Q5367524,matched_station_line,station_name_only,Wikidata CC0
0,165,18,川間,가와마역,Q6379600,matched_station_line,station_name_only,Wikidata CC0
0,165,20,七光台,나나코다이역,Q6962405,matched_station_line,station_name_only,Wikidata CC0
0,165,21,清水公園,시미즈코엔역,Q7496870,matched_station_line,station_name_only,Wikidata CC0
0,165,23,野田市,노다시역,Q11645982,matched_station_line,station_name_only,Wikidata CC0
0,165,25,梅郷,우메사토역,Q7881495,matched_station_line,station_name_only,Wikidata CC0
0,165,27,運河,운가역,Q7884435,matched_station_line,station_name_only,Wikidata CC0
0,165,28,江戸川台,에도가와다이역,Q5340181,matched_station_line,station_name_only,Wikidata CC0
0,165,29,初石,하쓰이시역,Q5681846,matched_station_line,station_name_only,Wikidata CC0
0,165,30,流山おおたかの森,나가레야마오타카노모리역,Q841689,matched_station_line,station_name_only,Wikidata CC0
0,165,31,豊四季,도요시키역,Q7830720,matched_station_line,station_name_only,Wikidata CC0
0,165,33,柏,가시와역,Q865156,matched_station_line,station_name_only,Wikidata CC0
0,165,35,新柏,신카시와역,Q7497105,matched_station_line,station_name_only,Wikidata CC0
0,165,36,増尾,마스오 역 (지바 현),Q6785712,matched_station_line,station_name_only,Wikidata CC0
0,165,37,逆井,사카사이역,Q7402847,matched_station_line,station_name_only,Wikidata CC0
0,165,39,高柳,다카야나기역,Q7677472,matched_station_line,station_name_only,Wikidata CC0
0,165,40,六実,무쓰미역,Q11392323,matched_station_line,station_name_only,Wikidata CC0
0,165,41,新鎌ヶ谷,신카마가야역,Q842992,matched_station_line,station_name_only,Wikidata CC0
0,165,42,鎌ヶ谷,가마가야역,Q6355264,matched_station_line,station_name_only,Wikidata CC0
0,165,44,馬込沢,마고메자와역,Q6732342,matched_station_line,station_name_only,Wikidata CC0
0,165,46,塚田,쓰카다역,Q7850035,matched_station_line,station_name_only,Wikidata CC0
0,165,47,新船橋,신후나바시역,Q7497087,matched_station_line,station_name_only,Wikidata CC0
0,165,48,船橋,후나바시역,Q800795,matched_station_line,station_name_only,Wikidata CC0
0,168,1,曳舟,히키후네역,Q842038,matched_station_line,station_name+line:東武伊勢崎線,Wikidata CC0
0,168,3,押上,오시아게역,Q80545,matched_station_line,station_name+line:東武伊勢崎線,Wikidata CC0
0,169,1,池袋,이케부쿠로역,Q173919,matched_station_line,station_name_only,Wikidata CC0
0,169,2,北池袋,기타이케부쿠로역,Q6417547,matched_station_line,station_name+line:東武東上本線,Wikidata CC0
0,169,3,下板橋,시모이타바시역,Q7496921,matched_station_line,station_name+line:東武東上本線,Wikidata CC0
0,169,4,大山,오야마역,Q8081809,matched_station_line,station_name+line:東武東上本線,Wikidata CC0
0,169,5,中板橋,나카이타바시역,Q6960085,matched_station_line,station_name+line:東武東上本線,Wikidata CC0
0,169,6,ときわ台,도키와다이역,Q7813626,matched_station_line,station_name+line:東武東上本線,Wikidata CC0
0,169,7,上板橋,가미이타바시역,Q6357144,matched_station_line,station_name+line:東武東上本線,Wikidata CC0
0,169,8,東武練馬,도부 네리마역,Q7862632,matched_station_line,station_name+line:東武東上本線,Wikidata CC0
0,169,9,下赤塚,시모아카쓰카역,Q7496913,matched_station_line,station_name+line:東武東上本線,Wikidata CC0
0,169,10,成増,나리마스역,Q6965958,matched_station_line,station_name+line:東武東上本線,Wikidata CC0
0,169,12,和光市,와코시역,Q128298,matched_station_line,station_name+line:東武東上本線,Wikidata CC0
0,169,13,朝霞,아사카역,Q4803419,matched_station_line,station_name+line:東武東上本線,Wikidata CC0
0,169,14,朝霞台,아사카다이역,Q852274,matched_station_line,station_name+line:東武東上本線,Wikidata CC0
0,169,15,志木,시키역,Q5367643,matched_station_line,station_name+line:東武東上本線,Wikidata CC0
0,169,16,柳瀬川,야나세가와역,Q8048266,matched_station_line,station_name+line:東武東上本線,Wikidata CC0
0,169,17,みずほ台,미즈호다이역,Q6884805,matched_station_line,station_name+line:東武東上本線,Wikidata CC0
0,169,18,鶴瀬,쓰루세역,Q7850302,matched_station_line,station_name+line:東武東上本線,Wikidata CC0
0,169,19,ふじみ野,후지미노역,Q5507442,matched_station_line,station_name+line:東武東上本線,Wikidata CC0
0,169,20,上福岡,가미후쿠오카역,Q11360002,matched_station_line,station_name+line:東武東上本線,Wikidata CC0
0,169,22,新河岸,신가시역,Q7497441,matched_station_line,station_name+line:東武東上本線,Wikidata CC0
0,169,24,川越,가와고에역,Q800995,matched_station_line,station_name+line:東武東上本線,Wikidata CC0
0,169,25,川越市,가와고에시역,Q4702993,matched_station_line,station_name+line:東武東上本線,Wikidata CC0
0,169,27,霞ケ関,가스미가세키역,Q741614,matched_station_line,station_name_only,Wikidata CC0
0,169,30,若葉,와카바역,Q7960744,matched_station_line,station_name+line:東武東上本線,Wikidata CC0
0,169,31,坂戸,사카도역,Q7402739,matched_station_line,station_name+line:東武東上本線,Wikidata CC0
0,169,32,北坂戸,기타사카도역,Q6417594,matched_station_line,station_name+line:東武東上本線,Wikidata CC0
0,169,34,高坂,다카사카역,Q7677290,matched_station_line,station_name+line:東武東上本線,Wikidata CC0
0,169,36,東松山,히가시마쓰야마역,Q5753688,matched_station_line,station_name+line:東武東上本線,Wikidata CC0
0,169,38,森林公園,신린코엔역,Q5368656,matched_station_line,station_name+line:東武東上本線,Wikidata CC0
0,169,40,つきのわ,쓰키노와역,Q7850076,matched_station_line,station_name+line:東武東上本線,Wikidata CC0
0,169,41,武蔵嵐山,무사시란잔역,Q6940142,matched_station_line,station_name+line:東武東上本線,Wikidata CC0
0,169,44,小川町,오가와마치역,Q844858,matched_station_line,station_name+line:東武東上本線,Wikidata CC0
0,169,46,東武竹沢,도부 다케자와역,Q7862634,matched_station_line,station_name+line:東武東上本線,Wikidata CC0
0,169,47,みなみ寄居,미나미요리이역,Q85869544,matched_station_line,station_name+line:東武東上本線,Wikidata CC0
0,169,48,男衾,오부스마역,Q7075604,matched_station_line,station_name+line:東武東上本線,Wikidata CC0
0,169,50,鉢形,하치가타역,Q5637046,matched_station_line,station_name+line:東武東上本線,Wikidata CC0
0,169,51,玉淀,다마요도역,Q7680980,matched_station_line,station_name+line:東武東上本線,Wikidata CC0
0,169,52,寄居,요리이역,Q910653,matched_station_line,station_name+line:東武東上本線,Wikidata CC0
0,170,1,坂戸,사카도역,Q7402739,matched_station_line,station_name+line:東武越生線,Wikidata CC0
0,170,3,一本松,잇폰마쓰역,Q406338,matched_station_line,station_name_only,Wikidata CC0
0,170,4,西大家,니시오야역,Q7040477,matched_station_line,station_name+line:東武越生線,Wikidata CC0
0,170,5,川角,가와카도역,Q6379557,matched_station_line,station_name+line:東武越生線,Wikidata CC0
0,170,6,武州長瀬,부슈나가세역,Q5001625,matched_station_line,station_name+line:東武越生線,Wikidata CC0
0,170,7,東毛呂,히가시모로역,Q11527554,matched_station_line,station_name+line:東武越生線,Wikidata CC0
0,170,8,武州唐沢,부슈카라사와역,Q5001626,matched_station_line,station_name+line:東武越生線,Wikidata CC0
0,170,9,越生,오고세역,Q845041,matched_station_line,station_name+line:東武越生線,Wikidata CC0
0,173,1,会津高原尾瀬口,아이즈코겐오제구치역,Q4699473,matched_station_line,station_name+line:会津鬼怒川線,Wikidata CC0
0,173,17,新藤原,신후지와라역,Q7497085,matched_station_line,station_name+line:会津鬼怒川線,Wikidata CC0
0,174,1,印旛日本医大,인바니혼이다이역,Q859077,matched_station_line,station_name+line:京成成田空港線,Wikidata CC0
0,174,3,成田湯川,나리타유카와역,Q859802,matched_station_line,station_name+line:京成成田空港線,Wikidata CC0
0,174,7,空港第2ビル,공항 제2빌딩역,Q841454,matched_station_line,station_name+line:京成成田空港線,Wikidata CC0
0,174,9,成田空港,나리타 공항역,Q906732,matched_station_line,station_name+line:京成成田空港線,Wikidata CC0
0,175,1,京成上野,게이세이우에노역,Q907059,matched_station_line,station_name+line:京成本線,Wikidata CC0
0,175,3,日暮里,닛포리역,Q801262,matched_station_line,station_name_only,Wikidata CC0
0,175,4,新三河島,신미카와시마역,Q5367894,matched_station_line,station_name+line:京成本線,Wikidata CC0
0,175,5,町屋,마치야역,Q390638,matched_station_line,station_name+line:京成本線,Wikidata CC0
0,175,6,千住大橋,센주오하시역,Q388969,matched_station_line,station_name+line:京成本線,Wikidata CC0
0,175,7,京成関屋,게이세이세키야역,Q6383849,matched_station_line,station_name+line:京成本線,Wikidata CC0
0,175,8,堀切菖蒲園,호리키리쇼부엔역,Q5903250,matched_station_line,station_name+line:京成本線,Wikidata CC0
0,175,9,お花茶屋,오하나자야역,Q7080614,matched_station_line,station_name+line:京成本線,Wikidata CC0
0,175,10,青砥,아오토역,Q4132960,matched_station_line,station_name+line:京成本線,Wikidata CC0
0,175,11,京成高砂,게이세이 다카사고역,Q4162460,matched_station_line,station_name+line:京成本線,Wikidata CC0
0,175,13,京成小岩,게이세이코이와역,Q6383844,matched_station_line,station_name+line:京成本線,Wikidata CC0
0,175,14,江戸川,에도가와역,Q5340176,matched_station_line,station_name+line:京成本線,Wikidata CC0
0,175,15,国府台,고노다이역,Q6455240,matched_station_line,station_name+line:京成本線,Wikidata CC0
0,175,16,市川真間,이치카와마마역,Q5986159,matched_station_line,station_name+line:京成本線,Wikidata CC0
0,175,17,菅野,스가노역,Q7634712,matched_station_line,station_name+line:京成本線,Wikidata CC0
0,175,18,京成八幡,게이세이야와타역,Q4502328,matched_station_line,station_name+line:京成本線,Wikidata CC0
0,175,19,鬼越,오니고에역,Q7093901,matched_station_line,station_name+line:京成本線,Wikidata CC0
0,175,20,京成中山,게이세이나카야마역,Q6383846,matched_station_line,station_name+line:京成本線,Wikidata CC0
0,175,21,東中山,히가시나카야마역,Q8015446,matched_station_line,station_name+line:京成本線,Wikidata CC0
0,175,22,京成西船,게이세이니시후나역,Q6383831,matched_station_line,station_name+line:京成本線,Wikidata CC0
0,175,23,海神,가이진역,Q6347743,matched_station_line,station_name+line:京成本線,Wikidata CC0
0,175,25,京成船橋,게이세이후나바시역,Q841409,matched_station_line,station_name+line:京成本線,Wikidata CC0
0,175,27,大神宮下,다이진구시타역,Q5209145,matched_station_line,station_name+line:京成本線,Wikidata CC0
0,175,28,船橋競馬場,후나바시케이바조역,Q5508710,matched_station_line,station_name+line:京成本線,Wikidata CC0
0,175,29,谷津,야쓰역,Q8050270,matched_station_line,station_name+line:京成本線,Wikidata CC0
0,175,31,京成津田沼,게이세이쓰다누마역,Q4389595,matched_station_line,station_name+line:京成本線,Wikidata CC0
0,175,33,京成大久保,게이세이오쿠보역,Q6383851,matched_station_line,station_name+line:京成本線,Wikidata CC0
0,175,35,実籾,미모미역,Q6862305,matched_station_line,station_name+line:京成本線,Wikidata CC0
0,175,37,八千代台,야치요다이역,Q4373709,matched_station_line,station_name+line:京成本線,Wikidata CC0
0,175,39,京成大和田,게이세이오와다역,Q6383852,matched_station_line,station_name+line:京成本線,Wikidata CC0
0,175,41,勝田台,가쓰타다이역,Q4502157,matched_station_line,station_name+line:京成本線,Wikidata CC0
0,175,43,志津,시즈역,Q7499472,matched_station_line,station_name+line:京成本線,Wikidata CC0
0,175,44,ユーカリが丘,유카리가오카역,Q8062735,matched_station_line,station_name+line:京成本線,Wikidata CC0
0,175,46,京成臼井,게이세이우스이역,Q6383832,matched_station_line,station_name+line:京成本線,Wikidata CC0
0,175,49,京成佐倉,게이세이사쿠라역,Q4502033,matched_station_line,station_name+line:京成本線,Wikidata CC0
0,175,51,大佐倉,오사쿠라역,Q8081685,matched_station_line,station_name+line:京成本線,Wikidata CC0
0,175,53,京成酒々井,게이세이시스이역,Q6383847,matched_station_line,station_name+line:京成本線,Wikidata CC0
0,175,55,宗吾参道,소고산도역,Q7667572,matched_station_line,station_name+line:京成本線,Wikidata CC0
0,175,57,公津の杜,고즈노모리역,Q6455356,matched_station_line,station_name+line:京成本線,Wikidata CC0
0,175,58,京成成田,게이세이나리타역,Q4502163,matched_station_line,station_name+line:京成本線,Wikidata CC0
0,175,61,東成田,히가시나리타역,Q846460,matched_station_line,station_name+line:京成東成田線,Wikidata CC0
0,176,1,青砥,아오토역,Q4132960,matched_station_line,station_name+line:京成押上線,Wikidata CC0
0,176,2,京成立石,게이세이 다테이시역,Q5366765,matched_station_line,station_name+line:京成押上線,Wikidata CC0
0,176,3,四ツ木,요쓰기역,Q8015357,matched_station_line,station_name+line:京成押上線,Wikidata CC0
0,176,4,八広,야히로역,Q8015247,matched_station_line,station_name+line:京成押上線,Wikidata CC0
0,176,5,京成曳舟,게이세이 히키후네역,Q5366562,matched_station_line,station_name+line:京成押上線,Wikidata CC0
0,176,6,押上,오시아게역,Q80545,matched_station_line,station_name+line:京成押上線,Wikidata CC0
0,177,1,京成高砂,게이세이 다카사고역,Q4162460,matched_station_line,station_name+line:京成金町線,Wikidata CC0
0,177,2,柴又,시바마타역,Q7496017,matched_station_line,station_name+line:京成金町線,Wikidata CC0
0,177,4,京成金町,게이세이카나마치역,Q6383841,matched_station_line,station_name+line:京成金町線,Wikidata CC0
0,178,1,京成津田沼,게이세이쓰다누마역,Q4389595,matched_station_line,station_name+line:京成千葉線,Wikidata CC0
0,178,4,京成幕張,게이세이마쿠하리역,Q6383845,matched_station_line,station_name+line:京成千葉線,Wikidata CC0
0,178,6,検見川,게미가와역,Q6386953,matched_station_line,station_name+line:京成千葉線,Wikidata CC0
0,178,8,京成稲毛,게이세이이나게역,Q11374398,matched_station_line,station_name+line:京成千葉線,Wikidata CC0
0,178,10,みどり台,미도리다이역,Q6842906,matched_station_line,station_name+line:京成千葉線,Wikidata CC0
0,178,11,西登戸,니시노부토역,Q7040665,matched_station_line,station_name+line:京成千葉線,Wikidata CC0
0,178,12,新千葉,신치바역,Q7497084,matched_station_line,station_name+line:京成千葉線,Wikidata CC0
0,178,13,京成千葉,게이세이 지바역,Q6383838,matched_station_line,station_name+line:京成千葉線,Wikidata CC0
0,178,14,千葉中央,지바추오역,Q5095292,matched_station_line,station_name+line:京成千葉線,Wikidata CC0
0,179,1,京成成田,게이세이나리타역,Q4502163,matched_station_line,station_name+line:京成本線,Wikidata CC0
0,179,4,空港第2ビル,공항 제2빌딩역,Q841454,matched_station_line,station_name+line:京成本線,Wikidata CC0
0,179,5,成田空港,나리타 공항역,Q906732,matched_station_line,station_name+line:京成本線,Wikidata CC0
0,180,1,東成田,히가시나리타역,Q846460,matched_station_line,station_name+line:芝山鉄道線,Wikidata CC0
0,180,3,芝山千代田,시바야마치요다역,Q846391,matched_station_line,station_name+line:芝山鉄道線,Wikidata CC0
0,181,1,千葉中央,지바추오역,Q5095292,matched_station_line,station_name+line:京成千原線,Wikidata CC0
0,181,4,千葉寺,지바데라역,Q11405986,matched_station_line,station_name+line:京成千原線,Wikidata CC0
0,181,6,大森台,오모리다이역,Q8081632,matched_station_line,station_name+line:京成千原線,Wikidata CC0
0,181,9,学園前,가쿠엔마에역,Q5517706,matched_station_line,station_name+line:京成千原線,Wikidata CC0
0,181,11,おゆみ野,오유미노역,Q7116390,matched_station_line,station_name+line:京成千原線,Wikidata CC0
0,181,14,ちはら台,지하라다이역,Q5097270,matched_station_line,station_name+line:京成千原線,Wikidata CC0
0,182,1,松戸,마쓰도역,Q841460,matched_station_line,station_name+line:京成松戸線,Wikidata CC0
0,182,2,上本郷,가미혼고역,Q6357786,matched_station_line,station_name+line:京成松戸線,Wikidata CC0
0,182,3,松戸新田,마쓰도신덴역,Q11530713,matched_station_line,station_name+line:京成松戸線,Wikidata CC0
0,182,4,みのり台,미노리다이역,Q6869225,matched_station_line,station_name+line:京成松戸線,Wikidata CC0
0,182,5,八柱,야바시라역,Q5367230,matched_station_line,station_name+line:京成松戸線,Wikidata CC0
0,182,6,常盤平,도키와다이라역,Q7813628,matched_station_line,station_name+line:京成松戸線,Wikidata CC0
0,182,8,五香,고코역,Q5578138,matched_station_line,station_name+line:京成松戸線,Wikidata CC0
0,182,9,元山,모토야마역,Q6918571,matched_station_line,station_name+line:京成松戸線,Wikidata CC0
0,182,10,くぬぎ山,구누기야마역,Q6445119,matched_station_line,station_name+line:京成松戸線,Wikidata CC0
0,182,11,北初富,기타하쓰토미역,Q6417537,matched_station_line,station_name+line:京成松戸線,Wikidata CC0
0,182,12,新鎌ヶ谷,신카마가야역,Q842992,matched_station_line,station_name+line:京成松戸線,Wikidata CC0
0,182,13,初富,하쓰토미역,Q5367450,matched_station_line,station_name+line:京成松戸線,Wikidata CC0
0,182,14,鎌ヶ谷大仏,가마가야다이부쓰역,Q12060945,matched_station_line,station_name+line:京成松戸線,Wikidata CC0
0,182,15,二和向台,후타와무코다이역,Q5510499,matched_station_line,station_name+line:京成松戸線,Wikidata CC0
0,182,16,三咲,미사키역,Q6875087,matched_station_line,station_name+line:京成松戸線,Wikidata CC0
0,182,17,滝不動,다키후도역,Q11565062,matched_station_line,station_name+line:京成松戸線,Wikidata CC0
0,182,18,高根公団,다카네코단역,Q7677176,matched_station_line,station_name+line:京成松戸線,Wikidata CC0
0,182,19,高根木戸,다카네키도역,Q7677174,matched_station_line,station_name+line:京成松戸線,Wikidata CC0
0,182,20,北習志野,기타나라시노역,Q6417578,matched_station_line,station_name+line:京成松戸線,Wikidata CC0
0,182,21,習志野,나라시노역,Q6965411,matched_station_line,station_name+line:京成松戸線,Wikidata CC0
0,182,22,薬園台,야쿠엔다이역,Q8047226,matched_station_line,station_name+line:京成松戸線,Wikidata CC0
0,182,23,前原,마에바라역,Q11397077,matched_station_line,station_name+line:京成松戸線,Wikidata CC0
0,182,24,新津田沼,신쓰다누마역,Q285362,matched_station_line,station_name+line:京成松戸線,Wikidata CC0
0,182,25,京成津田沼,게이세이쓰다누마역,Q4389595,matched_station_line,station_name+line:京成松戸線,Wikidata CC0
0,184,1,西船橋,니시후나바시역,Q128803,matched_station_line,station_name+line:東葉高速線,Wikidata CC0
0,184,3,東海神,히가시카이진역,Q5366546,matched_station_line,station_name+line:東葉高速線,Wikidata CC0
0,184,6,飯山満,하사마역,Q5366376,matched_station_line,station_name+line:東葉高速線,Wikidata CC0
0,184,8,北習志野,기타나라시노역,Q6417578,matched_station_line,station_name+line:東葉高速線,Wikidata CC0
0,184,9,船橋日大前,후나바시니치다이마에역,Q5366251,matched_station_line,station_name+line:東葉高速線,Wikidata CC0
0,184,11,八千代緑が丘,야치요미도리가오카역,Q5367282,matched_station_line,station_name+line:東葉高速線,Wikidata CC0
0,184,14,八千代中央,야치요추오역,Q5366268,matched_station_line,station_name+line:東葉高速線,Wikidata CC0
0,184,16,村上,무라카미역,Q6937257,matched_station_line,station_name_only,Wikidata CC0
0,184,17,東葉勝田台,도요 가쓰타다이역,Q7862750,matched_station_line,station_name+line:東葉高速線,Wikidata CC0
0,185,1,京成高砂,게이세이 다카사고역,Q4162460,matched_station_line,station_name+line:北総鉄道北総線,Wikidata CC0
0,185,2,新柴又,신시바마타역,Q5370898,matched_station_line,station_name+line:北総鉄道北総線,Wikidata CC0
0,185,3,矢切,야기리역,Q5370868,matched_station_line,station_name+line:北総鉄道北総線,Wikidata CC0
0,185,4,北国分,기타코쿠분역,Q5366284,matched_station_line,station_name+line:北総鉄道北総線,Wikidata CC0
0,185,6,秋山,아키야마역,Q858983,matched_station_line,station_name+line:北総鉄道北総線,Wikidata CC0
0,185,7,東松戸,히가시마쓰도역,Q3467990,matched_station_line,station_name+line:北総鉄道北総線,Wikidata CC0
0,185,12,松飛台,마쓰히다이역,Q6788097,matched_station_line,station_name+line:北総鉄道北総線,Wikidata CC0
0,185,14,大町,오마치역,Q8081600,matched_station_line,station_name+line:北総鉄道北総線,Wikidata CC0
0,185,16,新鎌ヶ谷,신카마가야역,Q842992,matched_station_line,station_name+line:北総鉄道北総線,Wikidata CC0
0,185,18,西白井,니시시로이역,Q5367967,matched_station_line,station_name+line:北総鉄道北総線,Wikidata CC0
0,185,20,白井,시로이역,Q7498913,matched_station_line,station_name+line:北総鉄道北総線,Wikidata CC0
0,185,22,小室,고무로역,Q6428666,matched_station_line,station_name+line:北総鉄道北総線,Wikidata CC0
0,185,25,千葉ニュータウン中央,지바뉴타운추오역,Q855466,matched_station_line,station_name+line:北総鉄道北総線,Wikidata CC0
0,185,29,印西牧の原,인자이마키노하라역,Q5366605,matched_station_line,station_name+line:北総鉄道北総線,Wikidata CC0
0,185,33,印旛日本医大,인바니혼이다이역,Q859077,matched_station_line,station_name+line:北総鉄道北総線,Wikidata CC0
0,186,1,池袋,이케부쿠로역,Q173919,matched_station_line,station_name_only,Wikidata CC0
0,186,3,椎名町,시나마치역,Q7496494,matched_station_line,station_name+line:西武池袋線,Wikidata CC0
0,186,4,東長崎,히가시나가사키역,Q843275,matched_station_line,station_name+line:西武池袋線,Wikidata CC0
0,186,5,江古田,에코다역,Q5350525,matched_station_line,station_name+line:西武池袋線,Wikidata CC0
0,186,6,桜台,사쿠라다이역,Q843041,matched_station_line,station_name+line:西武池袋線,Wikidata CC0
0,186,7,練馬,네리마역,Q134373840,matched_station_line,station_name_only,Wikidata CC0
0,186,11,中村橋,나카무라바시역,Q6960255,matched_station_line,station_name+line:西武池袋線,Wikidata CC0
0,186,12,富士見台,후지미다이역,Q5507443,matched_station_line,station_name+line:西武池袋線,Wikidata CC0
0,186,13,練馬高野台,네리마타카노다이역,Q843164,matched_station_line,station_name+line:西武池袋線,Wikidata CC0
0,186,14,石神井公園,샤쿠지이코엔역,Q8016003,matched_station_line,station_name+line:西武池袋線,Wikidata CC0
0,186,15,大泉学園,오이즈미가쿠엔역,Q8016303,matched_station_line,station_name+line:西武池袋線,Wikidata CC0
0,186,16,保谷,호야역,Q843153,matched_station_line,station_name+line:西武池袋線,Wikidata CC0
0,186,18,ひばりヶ丘,히바리가오카역,Q8016226,matched_station_line,station_name+line:西武池袋線,Wikidata CC0
0,186,19,東久留米,히가시쿠루메역,Q5753665,matched_station_line,station_name+line:西武池袋線,Wikidata CC0
0,186,20,清瀬,기요세역,Q6419078,matched_station_line,station_name+line:西武池袋線,Wikidata CC0
0,186,22,秋津,아키쓰역,Q842513,matched_station_line,station_name+line:西武池袋線,Wikidata CC0
0,186,29,所沢,도코로자와역,Q842569,matched_station_line,station_name+line:西武池袋線,Wikidata CC0
0,186,31,西所沢,니시토코로자와역,Q7040433,matched_station_line,station_name+line:西武池袋線,Wikidata CC0
0,186,36,小手指,고테사시역,Q6433936,matched_station_line,station_name+line:西武池袋線,Wikidata CC0
0,186,38,狭山ヶ丘,사야마가오카역,Q7429111,matched_station_line,station_name+line:西武池袋線,Wikidata CC0
0,186,39,武蔵藤沢,무사시후지사와역,Q8015433,matched_station_line,station_name+line:西武池袋線,Wikidata CC0
0,186,42,稲荷山公園,이나리야마코엔역,Q6013618,matched_station_line,station_name+line:西武池袋線,Wikidata CC0
0,186,43,入間市,이루마시역,Q6074023,matched_station_line,station_name+line:西武池袋線,Wikidata CC0
0,186,45,仏子,부시역,Q5001507,matched_station_line,station_name+line:西武池袋線,Wikidata CC0
0,186,46,元加治,모토카지역,Q6918030,matched_station_line,station_name+line:西武池袋線,Wikidata CC0
0,186,48,飯能,한노역,Q5649307,matched_station_line,station_name+line:西武池袋線,Wikidata CC0
0,186,49,東飯能,히가시한노역,Q842772,matched_station_line,station_name+line:西武池袋線,Wikidata CC0
0,186,51,高麗,고마 역 (사이타마 현),Q6428027,matched_station_line,station_name+line:西武池袋線,Wikidata CC0
0,186,53,武蔵横手,무사시요코테역,Q8015462,matched_station_line,station_name+line:西武池袋線,Wikidata CC0
0,186,55,東吾野,히가시아가노역,Q8016063,matched_station_line,station_name+line:西武池袋線,Wikidata CC0
0,186,58,吾野,아가노역,Q4691200,matched_station_line,station_name+line:西武秩父線,Wikidata CC0
0,186,60,西吾野,니시아가노역,Q7040305,matched_station_line,station_name+line:西武秩父線,Wikidata CC0
0,186,62,正丸,쇼마루역,Q8017361,matched_station_line,station_name+line:西武秩父線,Wikidata CC0
0,186,66,芦ヶ久保,아시가쿠보역,Q4805059,matched_station_line,station_name+line:西武秩父線,Wikidata CC0
0,186,69,横瀬,요코제역,Q8016151,matched_station_line,station_name+line:西武秩父線,Wikidata CC0
0,186,71,西武秩父,세이부 지치부역,Q7446590,matched_station_line,station_name+line:西武秩父線,Wikidata CC0
0,189,1,西武新宿,세이부신주쿠역,Q167299,matched_station_line,station_name+line:西武新宿線,Wikidata CC0
0,189,3,高田馬場,다카다노바바역,Q801506,matched_station_line,station_name_only,Wikidata CC0
0,189,4,下落合,시모오치아이역,Q843464,matched_station_line,station_name+line:西武新宿線,Wikidata CC0
0,189,5,中井,나카이역,Q275116,matched_station_line,station_name+line:西武新宿線,Wikidata CC0
0,189,6,新井薬師前,아라이야쿠시마에역,Q843454,matched_station_line,station_name+line:西武新宿線,Wikidata CC0
0,189,7,沼袋,누마부쿠로역,Q843370,matched_station_line,station_name+line:西武新宿線,Wikidata CC0
0,189,8,野方,노가타역,Q260859,matched_station_line,station_name+line:西武新宿線,Wikidata CC0
0,189,9,都立家政,도리쓰카세이역,Q843447,matched_station_line,station_name+line:西武新宿線,Wikidata CC0
0,189,10,鷺ノ宮,사기노미야역,Q843170,matched_station_line,station_name+line:西武新宿線,Wikidata CC0
0,189,11,下井草,시모이구사역,Q843437,matched_station_line,station_name+line:西武新宿線,Wikidata CC0
0,189,12,井荻,이오기역,Q843289,matched_station_line,station_name+line:西武新宿線,Wikidata CC0
0,189,13,上井草,가미이구사역,Q5973346,matched_station_line,station_name+line:西武新宿線,Wikidata CC0
0,189,14,上石神井,가미샤쿠지이역,Q842904,matched_station_line,station_name+line:西武新宿線,Wikidata CC0
0,189,15,武蔵関,무사시세키역,Q843304,matched_station_line,station_name+line:西武新宿線,Wikidata CC0
0,189,16,東伏見,히가시후시미역,Q5753520,matched_station_line,station_name+line:西武新宿線,Wikidata CC0
0,189,17,西武柳沢,세이부 야기사와역,Q8014478,matched_station_line,station_name+line:西武新宿線,Wikidata CC0
0,189,18,田無,다나시역,Q843176,matched_station_line,station_name+line:西武新宿線,Wikidata CC0
0,189,20,花小金井,하나코가네이역,Q5646738,matched_station_line,station_name+line:西武新宿線,Wikidata CC0
0,189,22,小平,고다이라역,Q6425085,matched_station_line,station_name+line:西武新宿線,Wikidata CC0
0,189,24,久米川,구메가와역,Q6443795,matched_station_line,station_name+line:西武新宿線,Wikidata CC0
0,189,25,東村山,히가시무라야마역,Q5753740,matched_station_line,station_name+line:西武新宿線,Wikidata CC0
0,189,29,所沢,도코로자와역,Q842569,matched_station_line,station_name+line:西武新宿線,Wikidata CC0
0,189,31,航空公園,고쿠코엔역,Q6455205,matched_station_line,station_name+line:西武新宿線,Wikidata CC0
0,189,32,新所沢,신토코로자와역,Q7497140,matched_station_line,station_name+line:西武新宿線,Wikidata CC0
0,189,35,入曽,이리소역,Q6071849,matched_station_line,station_name+line:西武新宿線,Wikidata CC0
0,189,37,狭山市,사야마시역,Q7429114,matched_station_line,station_name+line:西武新宿線,Wikidata CC0
0,189,39,新狭山,신사야마역,Q7497127,matched_station_line,station_name+line:西武新宿線,Wikidata CC0
0,189,41,南大塚,미나미오쓰카역,Q8015394,matched_station_line,station_name+line:西武新宿線,Wikidata CC0
0,189,46,本川越,혼카와고에역,Q842892,matched_station_line,station_name+line:西武新宿線,Wikidata CC0
0,190,1,国分寺,고쿠분지역,Q251693,matched_station_line,station_name+line:西武国分寺線,Wikidata CC0
0,190,3,恋ヶ窪,고이가쿠보역,Q6426270,matched_station_line,station_name+line:西武国分寺線,Wikidata CC0
0,190,4,鷹の台,다카노다이역,Q7677190,matched_station_line,station_name+line:西武国分寺線,Wikidata CC0
0,190,9,小川,오가와 역 (도쿄 도),Q7079856,matched_station_line,station_name+line:西武国分寺線,Wikidata CC0
0,190,25,東村山,히가시무라야마역,Q5753740,matched_station_line,station_name+line:西武国分寺線,Wikidata CC0
0,190,27,西武園,세이부엔역,Q7446611,matched_station_line,station_name+line:西武西武園線,Wikidata CC0
0,191,1,拝島,하이지마역,Q1065988,matched_station_line,station_name+line:西武拝島線,Wikidata CC0
0,191,3,西武立川,세이부 다치카와역,Q8014513,matched_station_line,station_name+line:西武拝島線,Wikidata CC0
0,191,4,武蔵砂川,무사시스나가와역,Q8015376,matched_station_line,station_name+line:西武拝島線,Wikidata CC0
0,191,6,玉川上水,다마가와조스이역,Q842489,matched_station_line,station_name+line:西武拝島線,Wikidata CC0
0,191,7,東大和市,히가시야마토시역,Q5754181,matched_station_line,station_name+line:西武拝島線,Wikidata CC0
0,191,9,小川,오가와 역 (도쿄 도),Q7079856,matched_station_line,station_name+line:西武拝島線,Wikidata CC0
0,191,10,萩山,하기야마역,Q5638755,matched_station_line,station_name+line:西武拝島線,Wikidata CC0
0,191,22,小平,고다이라역,Q6425085,matched_station_line,station_name+line:西武拝島線,Wikidata CC0
0,192,1,国分寺,고쿠분지역,Q251693,matched_station_line,station_name+line:西武多摩湖線,Wikidata CC0
0,192,2,一橋学園,히토쓰바시가쿠엔역,Q5872402,matched_station_line,station_name+line:西武多摩湖線,Wikidata CC0
0,192,4,青梅街道,오메카이도역,Q8014548,matched_station_line,station_name+line:西武多摩湖線,Wikidata CC0
0,192,10,萩山,하기야마역,Q5638755,matched_station_line,station_name+line:西武多摩湖線,Wikidata CC0
0,192,11,八坂,야사카역,Q8014496,matched_station_line,station_name+line:西武多摩湖線,Wikidata CC0
0,192,13,武蔵大和,무사시야마토역,Q6940151,matched_station_line,station_name+line:西武多摩湖線,Wikidata CC0
0,192,14,多摩湖,세이부유엔치역,Q7446596,matched_station_line,station_name_only,Wikidata CC0
0,192,15,西武園ゆうえんち,유엔치니시역,Q8014583,matched_station_line,station_name+line:西武山口線,Wikidata CC0
0,192,17,西武球場前,세이부큐조마에역,Q7446591,matched_station_line,station_name_only,Wikidata CC0
0,192,19,下山口,시모야마구치역,Q7496941,matched_station_line,station_name+line:西武狭山線,Wikidata CC0
0,193,1,小竹向原,고타케무카이하라역,Q93684,matched_station_line,station_name+line:西武有楽町線,Wikidata CC0
0,193,3,新桜台,신사쿠라다이역,Q7497126,matched_station_line,station_name+line:西武有楽町線,Wikidata CC0
0,193,7,練馬,네리마역,Q134373840,matched_station_line,station_name_only,Wikidata CC0
0,193,8,豊島園,도시마엔역,Q906947,matched_station_line,station_name+line:西武豊島線,Wikidata CC0
0,194,1,武蔵境,무사시사카이역,Q137550,matched_station_line,station_name+line:西武多摩川線,Wikidata CC0
0,194,2,新小金井,신코가네이역,Q5368666,matched_station_line,station_name+line:西武多摩川線,Wikidata CC0
0,194,4,多磨,다마역,Q5368661,matched_station_line,station_name+line:西武多摩川線,Wikidata CC0
0,194,5,白糸台,시라이토다이역,Q5368205,matched_station_line,station_name+line:西武多摩川線,Wikidata CC0
0,194,7,是政,고레마사역,Q5367981,matched_station_line,station_name+line:西武多摩川線,Wikidata CC0
0,196,5,秋葉原,아키하바라역,Q800374,matched_station_line,station_name_only,Wikidata CC0
0,196,7,新御徒町,신오카치마치역,Q80540,matched_station_line,station_name_only,Wikidata CC0
0,196,9,浅草,아사쿠사역,Q800405,matched_station_line,station_name_only,Wikidata CC0
0,196,11,南千住,미나미센주역,Q80570,matched_station_line,station_name+line:常磐線,Wikidata CC0
0,196,13,北千住,기타센주역,Q801026,matched_station_line,station_name+line:常磐線,Wikidata CC0
0,196,16,青井,아오이역,Q850623,matched_station_line,station_name_only,Wikidata CC0
0,196,18,六町,로쿠초역,Q5369300,matched_station_line,station_name_only,Wikidata CC0
0,196,21,八潮,야시오역,Q8017379,matched_station_line,station_name_only,Wikidata CC0
0,196,24,三郷中央,미사토추오역,Q5368856,matched_station_line,station_name_only,Wikidata CC0
0,196,26,南流山,미나미나가레야마역,Q267770,matched_station_line,station_name_only,Wikidata CC0
0,196,28,流山セントラルパーク,나가레야마 센트럴 파크역,Q850570,matched_station_line,station_name_only,Wikidata CC0
0,196,30,流山おおたかの森,나가레야마오타카노모리역,Q841689,matched_station_line,station_name_only,Wikidata CC0
0,196,33,柏の葉キャンパス,가시와노하 캠퍼스역,Q6374365,matched_station_line,station_name_only,Wikidata CC0
0,196,35,柏たなか,가시와타나카역,Q5366315,matched_station_line,station_name_only,Wikidata CC0
0,196,39,守谷,모리야역,Q5371869,matched_station_line,station_name_only,Wikidata CC0
0,196,42,みらい平,미라이다이라역,Q5366385,matched_station_line,station_name_only,Wikidata CC0
0,196,45,みどりの,미도리노역,Q5366321,matched_station_line,station_name_only,Wikidata CC0
0,196,48,万博記念公園,반파쿠키넨코엔역,Q1002726,matched_station_line,station_name_only,Wikidata CC0
0,196,51,研究学園,겐큐가쿠엔 역,Q5366720,matched_station_line,station_name_only,Wikidata CC0
0,196,54,つくば,쓰쿠바역,Q1069714,matched_station_line,station_name_only,Wikidata CC0
0,197,1,新宿,신주쿠역,Q801447,matched_station_line,station_name_only,Wikidata CC0
0,197,2,初台,하쓰다이역,Q4496691,matched_station_line,station_name+line:京王新線,Wikidata CC0
0,197,3,幡ヶ谷,하타가야역,Q4496513,matched_station_line,station_name+line:京王新線,Wikidata CC0
0,197,4,笹塚,사사즈카역,Q841861,matched_station_line,station_name+line:京王新線,Wikidata CC0
0,197,5,代田橋,다이타바시역,Q4154095,matched_station_line,station_name+line:京王線,Wikidata CC0
0,197,6,明大前,메이다이마에역,Q906793,matched_station_line,station_name+line:京王井の頭線,Wikidata CC0
0,197,7,下高井戸,시모타카이도역,Q994285,matched_station_line,station_name+line:京王線,Wikidata CC0
0,197,8,桜上水,사쿠라조스이역,Q842009,matched_station_line,station_name+line:京王線,Wikidata CC0
0,197,9,上北沢,가미키타자와역,Q4211559,matched_station_line,station_name+line:京王線,Wikidata CC0
0,197,10,八幡山,하치만야마역,Q4496530,matched_station_line,station_name+line:京王線,Wikidata CC0
0,197,11,芦花公園,로카코엔역,Q2717793,matched_station_line,station_name+line:京王線,Wikidata CC0
0,197,12,千歳烏山,지토세카라스야마역,Q841868,matched_station_line,station_name+line:京王線,Wikidata CC0
0,197,13,仙川,센가와역,Q906121,matched_station_line,station_name+line:京王線,Wikidata CC0
0,197,14,つつじヶ丘,쓰쓰지가오카역,Q841913,matched_station_line,station_name+line:京王線,Wikidata CC0
0,197,15,柴崎,시바사키역,Q4418205,matched_station_line,station_name+line:京王線,Wikidata CC0
0,197,16,国領,고쿠료역,Q4227494,matched_station_line,station_name+line:京王線,Wikidata CC0
0,197,17,布田,후다역,Q4493273,matched_station_line,station_name+line:京王線,Wikidata CC0
0,197,18,調布,조후역,Q1063956,matched_station_line,station_name+line:京王相模原線,Wikidata CC0
0,197,20,飛田給,도비타큐역,Q4459114,matched_station_line,station_name+line:京王線,Wikidata CC0
0,197,21,武蔵野台,무사시노다이역,Q4308321,matched_station_line,station_name+line:京王線,Wikidata CC0
0,197,22,多磨霊園,다마레이엔역,Q7680496,matched_station_line,station_name+line:京王線,Wikidata CC0
0,197,23,東府中,히가시후추역,Q4497461,matched_station_line,station_name+line:京王競馬場線,Wikidata CC0
0,197,24,府中,후추역,Q4493756,matched_station_line,station_name+line:京王線,Wikidata CC0
0,197,25,分倍河原,부바이가와라역,Q857315,matched_station_line,station_name+line:京王線,Wikidata CC0
0,197,26,中河原,나카가와라역,Q4312482,matched_station_line,station_name+line:京王線,Wikidata CC0
0,197,27,聖蹟桜ヶ丘,세이세키사쿠라가오카역,Q1064646,matched_station_line,station_name+line:京王線,Wikidata CC0
0,197,28,百草園,모구사엔역,Q4299262,matched_station_line,station_name+line:京王線,Wikidata CC0
0,197,29,高幡不動,다카하타후도역,Q1064614,matched_station_line,station_name+line:京王動物園線,Wikidata CC0
0,197,30,南平,미나미다이라역,Q4294001,matched_station_line,station_name+line:京王線,Wikidata CC0
0,197,31,平山城址公園,히라야마조시코엔역,Q4497858,matched_station_line,station_name+line:京王線,Wikidata CC0
0,197,32,長沼,나가누마역,Q6958464,matched_station_line,station_name+line:京王線,Wikidata CC0
0,197,33,北野,기타노역,Q4222444,matched_station_line,station_name+line:京王高尾線,Wikidata CC0
0,197,34,京王八王子,게이오 하치오지역,Q906143,matched_station_line,station_name+line:京王線,Wikidata CC0
0,199,1,調布,조후역,Q1063956,matched_station_line,station_name+line:京王相模原線,Wikidata CC0
0,199,2,京王多摩川,게이오 다마가와역,Q4251058,matched_station_line,station_name+line:京王相模原線,Wikidata CC0
0,199,3,京王稲田堤,게이오 이나다즈쓰미역,Q4251057,matched_station_line,station_name+line:京王相模原線,Wikidata CC0
0,199,4,京王よみうりランド,게이오 요미우리 랜드역,Q4251055,matched_station_line,station_name+line:京王相模原線,Wikidata CC0
0,199,5,稲城,이나기역,Q4200479,matched_station_line,station_name+line:京王相模原線,Wikidata CC0
0,199,6,若葉台,와카바다이역,Q4102591,matched_station_line,station_name+line:京王相模原線,Wikidata CC0
0,199,9,京王堀之内,게이오 호리노우치역,Q269149,matched_station_line,station_name+line:京王相模原線,Wikidata CC0
0,199,10,南大沢,미나미오사와역,Q4293994,matched_station_line,station_name+line:京王相模原線,Wikidata CC0
0,199,11,多摩境,다마사카이역,Q4450818,matched_station_line,station_name+line:京王相模原線,Wikidata CC0
0,199,12,橋本,하시모토역,Q800895,matched_station_line,station_name+line:京王相模原線,Wikidata CC0
0,200,1,北野,기타노역,Q4222444,matched_station_line,station_name+line:京王高尾線,Wikidata CC0
0,200,2,京王片倉,게이오 가타쿠라역,Q4251056,matched_station_line,station_name+line:京王高尾線,Wikidata CC0
0,200,4,めじろ台,메지로다이역,Q6810499,matched_station_line,station_name+line:京王高尾線,Wikidata CC0
0,200,5,狭間,하자마역,Q4494570,matched_station_line,station_name+line:京王高尾線,Wikidata CC0
0,200,6,高尾,다카오역,Q1065002,matched_station_line,station_name+line:京王高尾線,Wikidata CC0
0,200,7,高尾山口,다카오산구치역,Q4450115,matched_station_line,station_name+line:京王高尾線,Wikidata CC0
0,201,1,東府中,히가시후추역,Q4497461,matched_station_line,station_name+line:京王競馬場線,Wikidata CC0
0,201,2,府中競馬正門前,후추케이바세이몬마에역,Q4493753,matched_station_line,station_name+line:京王競馬場線,Wikidata CC0
0,202,1,高幡不動,다카하타후도역,Q1064614,matched_station_line,station_name+line:京王動物園線,Wikidata CC0
0,202,2,多摩動物公園,다마도부쓰코엔역,Q4450752,matched_station_line,station_name+line:京王動物園線,Wikidata CC0
0,203,1,渋谷,시부야역,Q428811,matched_station_line,station_name_only,Wikidata CC0
0,203,2,神泉,신센역,Q4389637,matched_station_line,station_name+line:京王井の頭線,Wikidata CC0
0,203,3,駒場東大前,고마바토다이마에역,Q4229113,matched_station_line,station_name+line:京王井の頭線,Wikidata CC0
0,203,4,池ノ上,이케노우에역,Q4199142,matched_station_line,station_name+line:京王井の頭線,Wikidata CC0
0,203,5,下北沢,시모키타자와역,Q1059947,matched_station_line,station_name+line:京王井の頭線,Wikidata CC0
0,203,6,新代田,신다이타역,Q263289,matched_station_line,station_name+line:京王井の頭線,Wikidata CC0
0,203,7,東松原,히가시마쓰바라역,Q4389689,matched_station_line,station_name+line:京王井の頭線,Wikidata CC0
0,203,8,明大前,메이다이마에역,Q906793,matched_station_line,station_name+line:京王井の頭線,Wikidata CC0
0,203,9,永福町,에이후쿠초역,Q4389461,matched_station_line,station_name+line:京王井の頭線,Wikidata CC0
0,203,10,西永福,니시에이후쿠역,Q31589,matched_station_line,station_name+line:京王井の頭線,Wikidata CC0
0,203,11,浜田山,하마다야마역,Q27101,matched_station_line,station_name+line:京王井の頭線,Wikidata CC0
0,203,12,高井戸,다카이도역,Q31309,matched_station_line,station_name+line:京王井の頭線,Wikidata CC0
0,203,13,富士見ヶ丘,후지미가오카역,Q27285,matched_station_line,station_name+line:京王井の頭線,Wikidata CC0
0,203,14,久我山,구가야마역,Q4244277,matched_station_line,station_name+line:京王井の頭線,Wikidata CC0
0,203,15,三鷹台,미타카다이역,Q4296577,matched_station_line,station_name+line:京王井の頭線,Wikidata CC0
0,203,16,井の頭公園,이노카시라코엔역,Q4201277,matched_station_line,station_name+line:京王井の頭線,Wikidata CC0
0,203,17,吉祥寺,기치조지역,Q801004,matched_station_line,station_name+line:京王井の頭線,Wikidata CC0
0,206,2,桜木町,사쿠라기초역,Q801396,matched_station_line,station_name_only,Wikidata CC0
0,206,3,高島町,다카시마초역,Q850673,matched_station_line,station_name_only,Wikidata CC0
0,206,5,横浜,요코하마역,Q801658,matched_station_line,station_name_only,Wikidata CC0
0,206,7,反町,단마치역,Q7681523,matched_station_line,station_name+line:東急東横線,Wikidata CC0
0,206,8,東白楽,히가시하쿠라쿠역,Q5753538,matched_station_line,station_name+line:東急東横線,Wikidata CC0
0,206,9,白楽,하쿠라쿠역,Q5640648,matched_station_line,station_name+line:東急東横線,Wikidata CC0
0,206,10,妙蓮寺,묘렌지역,Q6949405,matched_station_line,station_name+line:東急東横線,Wikidata CC0
0,206,12,菊名,기쿠나역,Q801006,matched_station_line,station_name+line:東急東横線,Wikidata CC0
0,206,14,大倉山,오쿠라야마역,Q8081588,matched_station_line,station_name+line:東急東横線,Wikidata CC0
0,206,15,綱島,쓰나시마역,Q7937387,matched_station_line,station_name+line:東急東横線,Wikidata CC0
0,206,17,日吉,히요시역,Q390392,matched_station_line,station_name+line:東急東横線,Wikidata CC0
0,206,18,元住吉,모토스미요시역,Q7937375,matched_station_line,station_name+line:東急東横線,Wikidata CC0
0,206,20,武蔵小杉,무사시코스기역,Q801207,matched_station_line,station_name+line:東急東横線,Wikidata CC0
0,206,22,新丸子,신마루코역,Q7497117,matched_station_line,station_name+line:東急東横線,Wikidata CC0
0,206,25,多摩川,다마가와역,Q7680540,matched_station_line,station_name+line:東急東横線,Wikidata CC0
0,206,26,田園調布,덴엔초후역,Q5256442,matched_station_line,station_name+line:東急東横線,Wikidata CC0
0,206,30,自由が丘,지유가오카 역 (도쿄 도),Q800972,matched_station_line,station_name+line:東急東横線,Wikidata CC0
0,206,31,都立大学,도립대학역,Q7825831,matched_station_line,station_name+line:東急東横線,Wikidata CC0
0,206,32,学芸大学,가쿠게이 대학역,Q5517709,matched_station_line,station_name+line:東急東横線,Wikidata CC0
0,206,33,祐天寺,유텐지역,Q3178446,matched_station_line,station_name+line:東急東横線,Wikidata CC0
0,206,35,中目黒,나카메구로역,Q1132605,matched_station_line,station_name+line:東急東横線,Wikidata CC0
0,206,37,代官山,다이칸야마역,Q852326,matched_station_line,station_name+line:東急東横線,Wikidata CC0
0,206,38,渋谷,시부야역,Q428811,matched_station_line,station_name_only,Wikidata CC0
0,207,18,蒲田,가마타 역 (도쿄 도),Q800981,matched_station_line,station_name+line:東急多摩川線,Wikidata CC0
0,207,20,矢口渡,야구치노와타시역,Q8046756,matched_station_line,station_name+line:東急多摩川線,Wikidata CC0
0,207,21,武蔵新田,무사시닛타역,Q6940140,matched_station_line,station_name+line:東急多摩川線,Wikidata CC0
0,207,22,下丸子,시모마루코역,Q7496927,matched_station_line,station_name+line:東急多摩川線,Wikidata CC0
0,207,23,鵜の木,우노키역,Q7897240,matched_station_line,station_name+line:東急多摩川線,Wikidata CC0
0,207,24,沼部,누마베역,Q11554639,matched_station_line,station_name+line:東急多摩川線,Wikidata CC0
0,207,25,多摩川,다마가와역,Q7680540,matched_station_line,station_name+line:東急多摩川線,Wikidata CC0
0,207,26,田園調布,덴엔초후역,Q5256442,matched_station_line,station_name+line:東急目黒線,Wikidata CC0
0,207,27,奥沢,오쿠사와역,Q7082777,matched_station_line,station_name+line:東急目黒線,Wikidata CC0
0,207,28,大岡山,오오카야마역,Q843724,matched_station_line,station_name+line:東急目黒線,Wikidata CC0
0,207,29,洗足,센조쿠역,Q7451439,matched_station_line,station_name+line:東急目黒線,Wikidata CC0
0,207,30,西小山,니시코야마역,Q5370722,matched_station_line,station_name+line:東急目黒線,Wikidata CC0
0,207,31,武蔵小山,무사시코야마역,Q3097145,matched_station_line,station_name+line:東急目黒線,Wikidata CC0
0,207,32,不動前,후도마에역,Q852869,matched_station_line,station_name+line:東急目黒線,Wikidata CC0
0,207,33,目黒,메구로역,Q678461,matched_station_line,station_name_only,Wikidata CC0
0,208,2,大井町,오이마치역,Q801690,matched_station_line,station_name+line:東急大井町線,Wikidata CC0
0,208,3,下神明,시모신메이역,Q7496934,matched_station_line,station_name+line:東急大井町線,Wikidata CC0
0,208,4,戸越公園,도고시 공원역,Q999134,matched_station_line,station_name+line:東急大井町線,Wikidata CC0
0,208,5,中延,나카노부역,Q1040875,matched_station_line,station_name+line:東急大井町線,Wikidata CC0
0,208,6,荏原町,에바라마치역,Q5331501,matched_station_line,station_name+line:東急大井町線,Wikidata CC0
0,208,7,旗の台,하타노다이역,Q852281,matched_station_line,station_name+line:東急大井町線,Wikidata CC0
0,208,8,北千束,기타센조쿠역,Q6417605,matched_station_line,station_name+line:東急大井町線,Wikidata CC0
0,208,28,大岡山,오오카야마역,Q843724,matched_station_line,station_name+line:東急大井町線,Wikidata CC0
0,208,29,緑が丘,미도리가오카역,Q6842941,matched_station_line,station_name+line:東急大井町線,Wikidata CC0
0,208,30,自由が丘,지유가오카 역 (도쿄 도),Q800972,matched_station_line,station_name+line:東急大井町線,Wikidata CC0
0,208,31,九品仏,구혼부쓰역,Q6442177,matched_station_line,station_name+line:東急大井町線,Wikidata CC0
0,208,32,尾山台,오야마다이역,Q7116237,matched_station_line,station_name+line:東急大井町線,Wikidata CC0
0,208,33,等々力,도도로키역,Q7812857,matched_station_line,station_name+line:東急大井町線,Wikidata CC0
0,208,34,上野毛,가미노게역,Q6357226,matched_station_line,station_name+line:東急大井町線,Wikidata CC0
0,208,35,二子玉川,후타코타마가와역,Q1042466,matched_station_line,station_name+line:東急大井町線,Wikidata CC0
0,208,36,二子新地,후타코신치역,Q5510461,matched_station_line,station_name+line:東急田園都市線,Wikidata CC0
0,208,37,高津,다카쓰역,Q7677439,matched_station_line,station_name+line:東急田園都市線,Wikidata CC0
0,208,39,溝の口,미조노쿠치역,Q5366296,matched_station_line,station_name+line:東急田園都市線,Wikidata CC0
0,208,41,梶が谷,가지가야역,Q11538785,matched_station_line,station_name+line:東急田園都市線,Wikidata CC0
0,208,42,宮崎台,미야자키다이역,Q6884463,matched_station_line,station_name+line:東急田園都市線,Wikidata CC0
0,208,43,宮前平,미야마에다이라역,Q6884310,matched_station_line,station_name+line:東急田園都市線,Wikidata CC0
0,208,44,鷺沼,사기누마역,Q7399289,matched_station_line,station_name+line:東急田園都市線,Wikidata CC0
0,208,45,たまプラーザ,다마 플라자역,Q3299307,matched_station_line,station_name+line:東急田園都市線,Wikidata CC0
0,208,46,あざみ野,아자미노역,Q852232,matched_station_line,station_name_only,Wikidata CC0
0,208,47,江田,에다역,Q5335639,matched_station_line,station_name+line:東急田園都市線,Wikidata CC0
0,208,48,市が尾,이치가오역,Q11479967,matched_station_line,station_name+line:東急田園都市線,Wikidata CC0
0,208,49,藤が丘,후지가오카역,Q5366756,matched_station_line,station_name+line:東急田園都市線,Wikidata CC0
0,208,50,青葉台,아오바다이역,Q857586,matched_station_line,station_name+line:東急田園都市線,Wikidata CC0
0,208,51,田奈,다나역,Q7682183,matched_station_line,station_name+line:東急田園都市線,Wikidata CC0
0,208,53,長津田,나가쓰타역,Q801229,matched_station_line,station_name+line:東急田園都市線,Wikidata CC0
0,208,55,つくし野,쓰쿠시노역,Q7850118,matched_station_line,station_name+line:東急田園都市線,Wikidata CC0
0,208,57,すずかけ台,스즈카케다이역,Q7651185,matched_station_line,station_name+line:東急田園都市線,Wikidata CC0
0,208,59,南町田グランベリーパーク,미나미마치다 역,Q6862943,matched_station_line,station_name+line:東急田園都市線,Wikidata CC0
0,208,61,つきみ野,쓰키미노역,Q7850073,matched_station_line,station_name+line:東急田園都市線,Wikidata CC0
0,208,63,中央林間,주오린칸역,Q906671,matched_station_line,station_name+line:東急田園都市線,Wikidata CC0
0,209,2,五反田,고탄다역,Q736018,matched_station_line,station_name_only,Wikidata CC0
0,209,3,大崎広小路,오사키히로코지역,Q8081686,matched_station_line,station_name+line:東急池上線,Wikidata CC0
0,209,4,戸越銀座,도고시긴자역,Q11496630,matched_station_line,station_name+line:東急池上線,Wikidata CC0
0,209,5,荏原中延,에바라나카노부역,Q5331497,matched_station_line,station_name+line:東急池上線,Wikidata CC0
0,209,7,旗の台,하타노다이역,Q852281,matched_station_line,station_name+line:東急池上線,Wikidata CC0
0,209,8,長原,나가하라역,Q6958330,matched_station_line,station_name+line:東急池上線,Wikidata CC0
0,209,9,洗足池,센조쿠이케역,Q7451436,matched_station_line,station_name+line:東急池上線,Wikidata CC0
0,209,10,石川台,이시카와다이역,Q6080316,matched_station_line,station_name+line:東急池上線,Wikidata CC0
0,209,11,雪が谷大塚,유키가야오쓰카역,Q8060692,matched_station_line,station_name+line:東急池上線,Wikidata CC0
0,209,12,御嶽山,온타케산역,Q7094574,matched_station_line,station_name+line:東急池上線,Wikidata CC0
0,209,13,久が原,구가하라역,Q6441939,matched_station_line,station_name+line:東急池上線,Wikidata CC0
0,209,14,千鳥町,지도리초역,Q5096628,matched_station_line,station_name+line:東急池上線,Wikidata CC0
0,209,15,池上,이케가미역,Q5995781,matched_station_line,station_name+line:東急池上線,Wikidata CC0
0,209,16,蓮沼,하스누마역,Q5680732,matched_station_line,station_name+line:東急池上線,Wikidata CC0
0,209,18,蒲田,가마타 역 (도쿄 도),Q800981,matched_station_line,station_name+line:東急池上線,Wikidata CC0
0,209,133,新綱島,신쓰나시마역,Q72526734,matched_station_line,station_name+line:東急新横浜線,Wikidata CC0
0,209,137,新横浜,신요코하마역,Q801437,matched_station_line,station_name_only,Wikidata CC0
0,210,2,渋谷,시부야역,Q428811,matched_station_line,station_name_only,Wikidata CC0
0,210,4,池尻大橋,이케지리오하시역,Q852141,matched_station_line,station_name+line:東急田園都市線,Wikidata CC0
0,210,6,三軒茶屋,산겐자야역,Q7417938,matched_station_line,station_name+line:東急田園都市線,Wikidata CC0
0,210,8,駒沢大学,고마자와 대학역,Q6428224,matched_station_line,station_name+line:東急田園都市線,Wikidata CC0
0,210,10,桜新町,사쿠라신마치역,Q261870,matched_station_line,station_name+line:東急田園都市線,Wikidata CC0
0,210,12,用賀,요가역,Q5367233,matched_station_line,station_name+line:東急田園都市線,Wikidata CC0
0,210,14,二子玉川,후타코타마가와역,Q1042466,matched_station_line,station_name+line:東急田園都市線,Wikidata CC0
0,211,6,三軒茶屋,산겐자야역,Q7417938,matched_station_line,station_name+line:東急世田谷線,Wikidata CC0
0,211,8,西太子堂,니시타이시도역,Q7040419,matched_station_line,station_name+line:東急世田谷線,Wikidata CC0
0,211,9,若林,와카바야시역,Q7960749,matched_station_line,station_name+line:東急世田谷線,Wikidata CC0
0,211,10,松陰神社前,쇼인진자마에역,Q7506130,matched_station_line,station_name+line:東急世田谷線,Wikidata CC0
0,211,11,世田谷,세타가야역,Q7456328,matched_station_line,station_name+line:東急世田谷線,Wikidata CC0
0,211,12,上町,가미마치역,Q6358110,matched_station_line,station_name+line:東急世田谷線,Wikidata CC0
0,211,13,宮の坂,미야노사카역,Q6884414,matched_station_line,station_name+line:東急世田谷線,Wikidata CC0
0,211,15,山下,야마시타역,Q8047952,matched_station_line,station_name+line:東急世田谷線,Wikidata CC0
0,211,17,松原,마쓰바라역,Q6788018,matched_station_line,station_name+line:東急世田谷線,Wikidata CC0
0,211,18,下高井戸,시모타카이도역,Q994285,matched_station_line,station_name+line:東急世田谷線,Wikidata CC0
0,211,53,長津田,나가쓰타역,Q801229,matched_station_line,station_name+line:東急こどもの国線,Wikidata CC0
0,211,55,恩田,온다역,Q7092149,matched_station_line,station_name+line:東急こどもの国線,Wikidata CC0
0,211,58,こどもの国,고도모노쿠니역,Q6425421,matched_station_line,station_name+line:東急こどもの国線,Wikidata CC0
0,212,1,横浜,요코하마역,Q801658,matched_station_line,station_name_only,Wikidata CC0
0,212,3,新高島,신타카시마역,Q854231,matched_station_line,station_name+line:みなとみらい21線,Wikidata CC0
0,212,5,みなとみらい,미나토미라이역,Q3299269,matched_station_line,station_name+line:みなとみらい21線,Wikidata CC0
0,212,7,馬車道,바샤미치역,Q4866771,matched_station_line,station_name+line:みなとみらい21線,Wikidata CC0
0,212,9,日本大通り,니혼오도리역,Q7034272,matched_station_line,station_name+line:みなとみらい21線,Wikidata CC0
0,212,11,元町・中華街,모토마치·주카가이역,Q995359,matched_station_line,station_name+line:みなとみらい21線,Wikidata CC0
0,213,1,泉岳寺,센가쿠지역,Q905742,matched_station_line,station_name+line:京急本線,Wikidata CC0
0,213,2,品川,시나가와역,Q801442,matched_station_line,station_name_only,Wikidata CC0
0,213,3,北品川,기타시나가와역,Q858214,matched_station_line,station_name+line:京急本線,Wikidata CC0
0,213,4,新馬場,신반바역,Q863236,matched_station_line,station_name+line:京急本線,Wikidata CC0
0,213,6,青物横丁,아오모노요코초역,Q852188,matched_station_line,station_name+line:京急本線,Wikidata CC0
0,213,7,鮫洲,사메즈역,Q3019291,matched_station_line,station_name+line:京急本線,Wikidata CC0
0,213,8,立会川,다치아이가와역,Q3019280,matched_station_line,station_name+line:京急本線,Wikidata CC0
0,213,9,大森海岸,오모리카이간역,Q1592872,matched_station_line,station_name+line:京急本線,Wikidata CC0
0,213,10,平和島,헤이와지마역,Q5367220,matched_station_line,station_name+line:京急本線,Wikidata CC0
0,213,11,大森町,오모리마치역,Q5362060,matched_station_line,station_name+line:京急本線,Wikidata CC0
0,213,12,梅屋敷,우메야시키역,Q865643,matched_station_line,station_name+line:京急本線,Wikidata CC0
0,213,13,京急蒲田,게이큐 가마타역,Q841552,matched_station_line,station_name+line:京急本線,Wikidata CC0
0,213,14,雑色,조시키역,Q8076244,matched_station_line,station_name+line:京急本線,Wikidata CC0
0,213,15,六郷土手,로쿠고도테역,Q7360103,matched_station_line,station_name+line:京急本線,Wikidata CC0
0,213,16,京急川崎,게이큐 가와사키역,Q6383705,matched_station_line,station_name+line:京急本線,Wikidata CC0
0,213,17,八丁畷,핫초나와테역,Q5366338,matched_station_line,station_name+line:京急本線,Wikidata CC0
0,213,18,鶴見市場,쓰루미이치바역,Q5361946,matched_station_line,station_name+line:京急本線,Wikidata CC0
0,213,19,京急鶴見,게이큐 쓰루미역,Q5366409,matched_station_line,station_name+line:京急本線,Wikidata CC0
0,213,20,花月総持寺,가게쓰소지지역,Q6346519,matched_station_line,station_name+line:京急本線,Wikidata CC0
0,213,21,生麦,나마무기역,Q6961267,matched_station_line,station_name+line:京急本線,Wikidata CC0
0,213,22,京急新子安,게이큐 신코야스역,Q6383710,matched_station_line,station_name+line:京急本線,Wikidata CC0
0,213,23,子安,고야스역,Q6435147,matched_station_line,station_name+line:京急本線,Wikidata CC0
0,213,24,神奈川新町,가나가와신마치역,Q5368901,matched_station_line,station_name+line:京急本線,Wikidata CC0
0,213,25,京急東神奈川,게이큐 히가시카나가와역,Q6960205,matched_station_line,station_name+line:京急本線,Wikidata CC0
0,213,26,神奈川,가나가와역,Q5362069,matched_station_line,station_name+line:京急本線,Wikidata CC0
0,213,27,横浜,요코하마역,Q801658,matched_station_line,station_name_only,Wikidata CC0
0,213,28,戸部,도베역,Q7811562,matched_station_line,station_name+line:京急本線,Wikidata CC0
0,213,29,日ノ出町,히노데초역,Q5767411,matched_station_line,station_name+line:京急本線,Wikidata CC0
0,213,30,黄金町,고가네초역,Q6425766,matched_station_line,station_name+line:京急本線,Wikidata CC0
0,213,31,南太田,미나미오타역,Q6863036,matched_station_line,station_name+line:京急本線,Wikidata CC0
0,213,32,井土ヶ谷,이도가야역,Q5989285,matched_station_line,station_name+line:京急本線,Wikidata CC0
0,213,34,上大岡,가미오오카역,Q865627,matched_station_line,station_name_only,Wikidata CC0
0,213,36,屏風浦,뵤부가우라역,Q5004739,matched_station_line,station_name+line:京急本線,Wikidata CC0
0,213,39,京急富岡,게이큐 도미오카역,Q12060974,matched_station_line,station_name+line:京急本線,Wikidata CC0
0,213,40,能見台,노켄다이역,Q7071606,matched_station_line,station_name+line:京急本線,Wikidata CC0
0,213,41,金沢文庫,가나자와분코역,Q6360872,matched_station_line,station_name+line:京急本線,Wikidata CC0
0,213,42,金沢八景,가나자와핫케이역,Q6360870,matched_station_line,station_name+line:京急本線,Wikidata CC0
0,213,43,追浜,옷파마역,Q7098536,matched_station_line,station_name+line:京急本線,Wikidata CC0
0,213,44,京急田浦,게이큐 다우라역,Q6383711,matched_station_line,station_name+line:京急本線,Wikidata CC0
0,213,46,安針塚,안진즈카역,Q4765822,matched_station_line,station_name+line:京急本線,Wikidata CC0
0,213,47,逸見,헤미역,Q5711388,matched_station_line,station_name+line:京急本線,Wikidata CC0
0,213,48,汐入,시오이리역,Q7497872,matched_station_line,station_name+line:京急本線,Wikidata CC0
0,213,49,横須賀中央,요코스카추오역,Q8054669,matched_station_line,station_name+line:京急本線,Wikidata CC0
0,213,50,県立大学,겐리쓰다이가쿠역,Q6391354,matched_station_line,station_name+line:京急本線,Wikidata CC0
0,213,51,堀ノ内,호리노우치역,Q5370292,matched_station_line,station_name+line:京急本線,Wikidata CC0
0,213,52,京急大津,게이큐 오쓰역,Q5370884,matched_station_line,station_name+line:京急本線,Wikidata CC0
0,213,53,馬堀海岸,마보리카이간역,Q5370891,matched_station_line,station_name+line:京急本線,Wikidata CC0
0,213,54,浦賀,우라가역,Q268790,matched_station_line,station_name+line:京急本線,Wikidata CC0
0,214,1,京急蒲田,게이큐 가마타역,Q841552,matched_station_line,station_name+line:京急空港線,Wikidata CC0
0,214,2,糀谷,고지야역,Q5361691,matched_station_line,station_name+line:京急空港線,Wikidata CC0
0,214,3,大鳥居,오토리이역,Q5362449,matched_station_line,station_name+line:京急空港線,Wikidata CC0
0,214,4,穴守稲荷,아나모리이나리역,Q4751212,matched_station_line,station_name+line:京急空港線,Wikidata CC0
0,214,5,天空橋,덴쿠바시역,Q5367248,matched_station_line,station_name+line:京急空港線,Wikidata CC0
0,214,6,羽田空港第3ターミナル,하네다 공항 제3터미널역,Q11284112,matched_station_line,station_name+line:京急空港線,Wikidata CC0
0,214,7,羽田空港第1・第2ターミナル,하네다 공항 국내선 터미널역,Q906745,matched_station_line,station_name+line:京急空港線,Wikidata CC0
0,215,1,京急川崎,게이큐 가와사키역,Q6383705,matched_station_line,station_name+line:京急大師線,Wikidata CC0
0,215,2,港町,미나토초역,Q6863265,matched_station_line,station_name+line:京急大師線,Wikidata CC0
0,215,3,鈴木町,스즈키초역,Q7651381,matched_station_line,station_name+line:京急大師線,Wikidata CC0
0,215,4,川崎大師,가와사키다이시역,Q6379720,matched_station_line,station_name+line:京急大師線,Wikidata CC0
0,215,5,東門前,히가시몬젠역,Q5754076,matched_station_line,station_name+line:京急大師線,Wikidata CC0
0,215,6,大師橋,다이시바시역,Q7418195,matched_station_line,station_name+line:京急大師線,Wikidata CC0
0,215,7,小島新田,고지마신덴역,Q6426486,matched_station_line,station_name+line:京急大師線,Wikidata CC0
0,216,1,金沢八景,가나자와핫케이역,Q6360870,matched_station_line,station_name+line:京急逗子線,Wikidata CC0
0,216,2,六浦,무쓰우라역,Q11312859,matched_station_line,station_name+line:京急逗子線,Wikidata CC0
0,216,4,神武寺,진무지역,Q6199430,matched_station_line,station_name+line:京急逗子線,Wikidata CC0
0,216,6,逗子・葉山,즈시·하야마역,Q3266545,matched_station_line,station_name+line:京急逗子線,Wikidata CC0
0,217,1,堀ノ内,호리노우치역,Q5370292,matched_station_line,station_name+line:京急久里浜線,Wikidata CC0
0,217,2,新大津,신오쓰역,Q5370229,matched_station_line,station_name+line:京急久里浜線,Wikidata CC0
0,217,3,北久里浜,기타쿠리하마역,Q5370713,matched_station_line,station_name+line:京急久里浜線,Wikidata CC0
0,217,5,京急久里浜,게이큐 구리하마역,Q6383706,matched_station_line,station_name+line:京急久里浜線,Wikidata CC0
0,217,6,YRP野比,YRP 노비역,Q8046018,matched_station_line,station_name+line:京急久里浜線,Wikidata CC0
0,217,7,京急長沢,게이큐 나가사와역,Q6383708,matched_station_line,station_name+line:京急久里浜線,Wikidata CC0
0,217,8,津久井浜,쓰쿠이하마역,Q7850103,matched_station_line,station_name+line:京急久里浜線,Wikidata CC0
0,217,9,三浦海岸,미우라카이간역,Q5371356,matched_station_line,station_name+line:京急久里浜線,Wikidata CC0
0,217,10,三崎口,미사키구치역,Q846713,matched_station_line,station_name+line:京急久里浜線,Wikidata CC0
0,220,1,松本,마쓰모토역,Q843167,matched_station_line,station_name+line:アルピコ交通上高地線,Wikidata CC0
0,220,5,渚,나기사역,Q5358380,matched_station_line,station_name_only,Wikidata CC0
0,220,21,下島,시모지마역,Q990450,matched_station_line,station_name_only,Wikidata CC0
0,220,27,新島々,신시마시마역,Q11502026,matched_station_line,station_name+line:アルピコ交通上高地線,Wikidata CC0
0,222,1,新百合ヶ丘,신유리가오카역,Q1061373,matched_station_line,station_name+line:小田急多摩線,Wikidata CC0
0,222,2,五月台,사쓰키다이역,Q4409583,matched_station_line,station_name+line:小田急多摩線,Wikidata CC0
0,222,3,栗平,구리히라역,Q4248427,matched_station_line,station_name+line:小田急多摩線,Wikidata CC0
0,222,4,黒川,구로카와역,Q4248710,matched_station_line,station_name+line:小田急多摩線,Wikidata CC0
0,222,5,はるひ野,하루히노역,Q4496149,matched_station_line,station_name+line:小田急多摩線,Wikidata CC0
0,222,10,唐木田,가라키다역,Q4213880,matched_station_line,station_name+line:小田急多摩線,Wikidata CC0
0,224,1,新宿,신주쿠역,Q801447,matched_station_line,station_name_only,Wikidata CC0
0,224,2,南新宿,미나미신주쿠역,Q1135947,matched_station_line,station_name+line:小田急小田原線,Wikidata CC0
0,224,3,参宮橋,산구바시역,Q1010020,matched_station_line,station_name+line:小田急小田原線,Wikidata CC0
0,224,4,代々木八幡,요요기하치만역,Q1083866,matched_station_line,station_name+line:小田急小田原線,Wikidata CC0
0,224,5,代々木上原,요요기우에하라역,Q1131825,matched_station_line,station_name+line:小田急小田原線,Wikidata CC0
0,224,6,東北沢,히가시키타자와역,Q4497457,matched_station_line,station_name+line:小田急小田原線,Wikidata CC0
0,224,7,下北沢,시모키타자와역,Q1059947,matched_station_line,station_name+line:小田急小田原線,Wikidata CC0
0,224,8,世田谷代田,세타가야다이타역,Q4448445,matched_station_line,station_name+line:小田急小田原線,Wikidata CC0
0,224,9,梅ヶ丘,우메가오카역,Q4475573,matched_station_line,station_name+line:小田急小田原線,Wikidata CC0
0,224,10,豪徳寺,고토쿠지역,Q4147064,matched_station_line,station_name+line:小田急小田原線,Wikidata CC0
0,224,11,経堂,교도역,Q4251372,matched_station_line,station_name+line:小田急小田原線,Wikidata CC0
0,224,12,千歳船橋,지토세후나바시역,Q4458343,matched_station_line,station_name+line:小田急小田原線,Wikidata CC0
0,224,13,祖師ヶ谷大蔵,소시가야오쿠라역,Q4429457,matched_station_line,station_name+line:小田急小田原線,Wikidata CC0
0,224,14,成城学園前,세이조가쿠엔마에역,Q4448389,matched_station_line,station_name+line:小田急小田原線,Wikidata CC0
0,224,15,喜多見,기타미역,Q4222438,matched_station_line,station_name+line:小田急小田原線,Wikidata CC0
0,224,17,狛江,고마에역,Q4229429,matched_station_line,station_name+line:小田急小田原線,Wikidata CC0
0,224,18,和泉多摩川,이즈미타마가와역,Q4197917,matched_station_line,station_name+line:小田急小田原線,Wikidata CC0
0,224,19,登戸,노보리토역,Q801266,matched_station_line,station_name+line:小田急小田原線,Wikidata CC0
0,224,20,向ヶ丘遊園,무코가오카유엔역,Q801204,matched_station_line,station_name+line:小田急小田原線,Wikidata CC0
0,224,21,生田,이쿠타역,Q4199128,matched_station_line,station_name+line:小田急小田原線,Wikidata CC0
0,224,22,読売ランド前,요미우리 랜드 마에역,Q4053762,matched_station_line,station_name+line:小田急小田原線,Wikidata CC0
0,224,23,百合ヶ丘,유리가오카역,Q4534822,matched_station_line,station_name+line:小田急小田原線,Wikidata CC0
0,224,24,新百合ヶ丘,신유리가오카역,Q1061373,matched_station_line,station_name+line:小田急小田原線,Wikidata CC0
0,224,25,柿生,가키오역,Q4208911,matched_station_line,station_name+line:小田急小田原線,Wikidata CC0
0,224,26,鶴川,쓰루카와역,Q4506208,matched_station_line,station_name+line:小田急小田原線,Wikidata CC0
0,224,28,玉川学園前,다마가와가쿠엔마에역,Q7680544,matched_station_line,station_name+line:小田急小田原線,Wikidata CC0
0,224,30,町田,마치다역,Q801146,matched_station_line,station_name_only,Wikidata CC0
0,224,31,相模大野,사가미오노역,Q1054659,matched_station_line,station_name+line:小田急小田原線,Wikidata CC0
0,224,33,小田急相模原,오다큐사가미하라역,Q4331335,matched_station_line,station_name+line:小田急小田原線,Wikidata CC0
0,224,34,相武台前,소부다이마에역,Q4426128,matched_station_line,station_name+line:小田急小田原線,Wikidata CC0
0,224,35,座間,자마역,Q4160705,matched_station_line,station_name+line:小田急小田原線,Wikidata CC0
0,224,37,海老名,에비나역,Q865932,matched_station_line,station_name+line:小田急小田原線,Wikidata CC0
0,224,38,厚木,아쓰기역,Q994477,matched_station_line,station_name+line:小田急小田原線,Wikidata CC0
0,224,39,本厚木,혼아쓰기역,Q4499730,matched_station_line,station_name+line:小田急小田原線,Wikidata CC0
0,224,41,愛甲石田,아이코이시다역,Q1107009,matched_station_line,station_name+line:小田急小田原線,Wikidata CC0
0,224,43,伊勢原,이세하라역,Q4205219,matched_station_line,station_name+line:小田急小田原線,Wikidata CC0
0,224,45,鶴巻温泉,쓰루마키온센역,Q4506211,matched_station_line,station_name+line:小田急小田原線,Wikidata CC0
0,224,46,東海大学前,도카이다이가쿠마에역,Q4459449,matched_station_line,station_name+line:小田急小田原線,Wikidata CC0
0,224,48,秦野,하다노역,Q4494514,matched_station_line,station_name+line:小田急小田原線,Wikidata CC0
0,224,50,渋沢,시부사와역,Q4418411,matched_station_line,station_name+line:小田急小田原線,Wikidata CC0
0,224,52,新松田,신마쓰다역,Q4419978,matched_station_line,station_name+line:小田急小田原線,Wikidata CC0
0,224,54,開成,가이세이역,Q4208752,matched_station_line,station_name+line:小田急小田原線,Wikidata CC0
0,224,55,栢山,가야마역,Q4218388,matched_station_line,station_name+line:小田急小田原線,Wikidata CC0
0,224,56,富水,도미즈역,Q7818992,matched_station_line,station_name+line:小田急小田原線,Wikidata CC0
0,224,57,螢田,호타루다역,Q4500301,matched_station_line,station_name+line:小田急小田原線,Wikidata CC0
0,224,58,足柄,아시가라역,Q1108294,matched_station_line,station_name+line:小田急小田原線,Wikidata CC0
0,224,59,小田原,오다와라역,Q801290,matched_station_line,station_name+line:小田急小田原線,Wikidata CC0
0,225,1,相模大野,사가미오노역,Q1054659,matched_station_line,station_name+line:小田急江ノ島線,Wikidata CC0
0,225,2,東林間,히가시린칸역,Q4497459,matched_station_line,station_name+line:小田急江ノ島線,Wikidata CC0
0,225,3,中央林間,주오린칸역,Q906671,matched_station_line,station_name+line:小田急江ノ島線,Wikidata CC0
0,225,4,南林間,미나미린칸역,Q999127,matched_station_line,station_name+line:小田急江ノ島線,Wikidata CC0
0,225,5,鶴間,쓰루마역,Q4506209,matched_station_line,station_name+line:小田急江ノ島線,Wikidata CC0
0,225,7,大和,야마토역,Q1036368,matched_station_line,station_name+line:小田急江ノ島線,Wikidata CC0
0,225,8,桜ヶ丘,사쿠라가오카역,Q4405554,matched_station_line,station_name+line:小田急江ノ島線,Wikidata CC0
0,225,9,高座渋谷,고자시부야역,Q4226172,matched_station_line,station_name+line:小田急江ノ島線,Wikidata CC0
0,225,11,長後,조고역,Q4468045,matched_station_line,station_name+line:小田急江ノ島線,Wikidata CC0
0,225,12,湘南台,쇼난다이역,Q1036357,matched_station_line,station_name_only,Wikidata CC0
0,225,13,六会日大前,무쓰아이 니치다이 앞역,Q4309032,matched_station_line,station_name+line:小田急江ノ島線,Wikidata CC0
0,225,14,善行,젠교역,Q4160904,matched_station_line,station_name+line:小田急江ノ島線,Wikidata CC0
0,225,15,藤沢本町,후지사와혼마치역,Q4493282,matched_station_line,station_name+line:小田急江ノ島線,Wikidata CC0
0,225,16,藤沢,후지사와역,Q1133110,matched_station_line,station_name+line:江ノ島電鉄線,Wikidata CC0
0,225,17,本鵠沼,혼쿠게누마역,Q4499731,matched_station_line,station_name+line:小田急江ノ島線,Wikidata CC0
0,225,18,鵠沼海岸,구게누마카이간역,Q4244329,matched_station_line,station_name+line:小田急江ノ島線,Wikidata CC0
0,225,20,片瀬江ノ島,가타세에노시마역,Q1058370,matched_station_line,station_name+line:小田急江ノ島線,Wikidata CC0
0,227,44,浅草,아사쿠사역,Q800405,matched_station_line,station_name+line:東京メトロ銀座線,Wikidata CC0
0,227,45,田原町,다와라마치역,Q1196090,matched_station_line,station_name+line:東京メトロ銀座線,Wikidata CC0
0,227,46,稲荷町,이나리초역,Q347996,matched_station_line,station_name+line:東京メトロ銀座線,Wikidata CC0
0,227,47,上野,우에노역,Q801551,matched_station_line,station_name_only,Wikidata CC0
0,227,48,上野広小路,우에노히로코지역,Q1156446,matched_station_line,station_name+line:東京メトロ銀座線,Wikidata CC0
0,227,49,末広町,스에히로초역,Q347988,matched_station_line,station_name+line:東京メトロ銀座線,Wikidata CC0
0,227,50,神田,간다역,Q800989,matched_station_line,station_name_only,Wikidata CC0
0,227,51,三越前,미쓰코시마에역,Q76898,matched_station_line,station_name+line:東京メトロ銀座線,Wikidata CC0
0,227,52,日本橋,니혼바시역,Q775847,matched_station_line,station_name+line:東京メトロ銀座線,Wikidata CC0
0,227,53,京橋,교바시역,Q347981,matched_station_line,station_name+line:東京メトロ銀座線,Wikidata CC0
0,227,54,銀座,긴자역,Q602372,matched_station_line,station_name+line:東京メトロ銀座線,Wikidata CC0
0,227,56,虎ノ門,도라노몬역,Q347972,matched_station_line,station_name+line:東京メトロ銀座線,Wikidata CC0
0,227,57,溜池山王,다메이케산노역,Q277208,matched_station_line,station_name+line:東京メトロ銀座線,Wikidata CC0
0,227,58,赤坂見附,아카사카미쓰케역,Q602384,matched_station_line,station_name+line:東京メトロ銀座線,Wikidata CC0
0,227,59,青山一丁目,아오야마 1초메 역,Q602410,matched_station_line,station_name+line:東京メトロ銀座線,Wikidata CC0
0,227,60,外苑前,가이엔마에역,Q275433,matched_station_line,station_name+line:東京メトロ銀座線,Wikidata CC0
0,227,61,表参道,오모테산도역,Q1326733,matched_station_line,station_name+line:東京メトロ銀座線,Wikidata CC0
0,227,62,渋谷,시부야역,Q428811,matched_station_line,station_name_only,Wikidata CC0
0,227,71,北綾瀬,기타아야세역,Q1040951,matched_station_line,station_name+line:東京メトロ千代田線,Wikidata CC0
0,227,72,綾瀬,아야세역,Q390691,matched_station_line,station_name+line:東京メトロ千代田線,Wikidata CC0
0,227,74,北千住,기타센주역,Q801026,matched_station_line,station_name+line:東京メトロ千代田線,Wikidata CC0
0,227,76,町屋,마치야역,Q390638,matched_station_line,station_name+line:東京メトロ千代田線,Wikidata CC0
0,227,77,西日暮里,니시닛포리역,Q636845,matched_station_line,station_name_only,Wikidata CC0
0,227,78,千駄木,센다기역,Q390662,matched_station_line,station_name+line:東京メトロ千代田線,Wikidata CC0
0,227,79,根津,네즈역,Q390655,matched_station_line,station_name+line:東京メトロ千代田線,Wikidata CC0
0,227,80,湯島,유시마역,Q390694,matched_station_line,station_name+line:東京メトロ千代田線,Wikidata CC0
0,227,81,新御茶ノ水,신오차노미즈역,Q80433,matched_station_line,station_name+line:東京メトロ千代田線,Wikidata CC0
0,227,83,大手町,오테마치역,Q1326767,matched_station_line,station_name+line:東京メトロ千代田線,Wikidata CC0
0,227,84,二重橋前,니주바시마에역,Q390676,matched_station_line,station_name+line:東京メトロ千代田線,Wikidata CC0
0,227,85,日比谷,히비야역,Q511753,matched_station_line,station_name+line:東京メトロ千代田線,Wikidata CC0
0,227,86,霞ケ関,가스미가세키역,Q741614,matched_station_line,station_name+line:東京メトロ千代田線,Wikidata CC0
0,227,87,国会議事堂前,곳카이기지도마에역,Q1192508,matched_station_line,station_name+line:東京メトロ千代田線,Wikidata CC0
0,227,88,赤坂,아카사카역,Q1042002,matched_station_line,station_name+line:東京メトロ千代田線,Wikidata CC0
0,227,89,乃木坂,노기자카역,Q347791,matched_station_line,station_name+line:東京メトロ千代田線,Wikidata CC0
0,227,91,表参道,오모테산도역,Q1326733,matched_station_line,station_name+line:東京メトロ千代田線,Wikidata CC0
0,227,92,明治神宮前,메이지진구마에역,Q80429,matched_station_line,station_name+line:東京メトロ千代田線,Wikidata CC0
0,227,93,代々木公園,요요기코엔역,Q347796,matched_station_line,station_name+line:東京メトロ千代田線,Wikidata CC0
0,227,94,代々木上原,요요기우에하라역,Q1131825,matched_station_line,station_name+line:東京メトロ千代田線,Wikidata CC0
0,227,101,和光市,와코시역,Q128298,matched_station_line,station_name+line:東京メトロ有楽町線,Wikidata CC0
0,227,102,地下鉄成増,지카테쓰나리마스역,Q80506,matched_station_line,station_name+line:東京メトロ有楽町線,Wikidata CC0
0,227,104,地下鉄赤塚,지카테쓰아카쓰카역,Q80412,matched_station_line,station_name+line:東京メトロ有楽町線,Wikidata CC0
0,227,106,平和台,헤이와다이역,Q80427,matched_station_line,station_name+line:東京メトロ有楽町線,Wikidata CC0
0,227,107,氷川台,히카와다이역,Q93680,matched_station_line,station_name+line:東京メトロ有楽町線,Wikidata CC0
0,227,109,小竹向原,고타케무카이하라역,Q93684,matched_station_line,station_name+line:東京メトロ有楽町線,Wikidata CC0
0,227,110,千川,센카와역,Q128304,matched_station_line,station_name+line:東京メトロ有楽町線,Wikidata CC0
0,227,111,要町,가나메초역,Q128296,matched_station_line,station_name+line:東京メトロ有楽町線,Wikidata CC0
0,227,112,池袋,이케부쿠로역,Q173919,matched_station_line,station_name_only,Wikidata CC0
0,227,113,東池袋,히가시이케부쿠로역,Q331193,matched_station_line,station_name+line:東京メトロ有楽町線,Wikidata CC0
0,227,114,護国寺,고코쿠지역,Q331941,matched_station_line,station_name+line:東京メトロ有楽町線,Wikidata CC0
0,227,115,江戸川橋,에도가와바시역,Q331929,matched_station_line,station_name+line:東京メトロ有楽町線,Wikidata CC0
0,227,117,飯田橋,이다바시역,Q800953,matched_station_line,station_name+line:東京メトロ有楽町線,Wikidata CC0
0,227,118,市ケ谷,이치가야역,Q800947,matched_station_line,station_name_only,Wikidata CC0
0,227,119,麹町,고지마치역,Q331948,matched_station_line,station_name+line:東京メトロ有楽町線,Wikidata CC0
0,227,120,永田町,나가타초역,Q1142211,matched_station_line,station_name+line:東京メトロ有楽町線,Wikidata CC0
0,227,121,桜田門,사쿠라다몬역,Q277196,matched_station_line,station_name+line:東京メトロ有楽町線,Wikidata CC0
0,227,122,有楽町,유라쿠초역,Q801655,matched_station_line,station_name_only,Wikidata CC0
0,227,123,銀座一丁目,긴자 1초메 역,Q331185,matched_station_line,station_name+line:東京メトロ有楽町線,Wikidata CC0
0,227,124,新富町,신토미초역,Q332002,matched_station_line,station_name+line:東京メトロ有楽町線,Wikidata CC0
0,227,125,月島,쓰키시마역,Q112337,matched_station_line,station_name+line:東京メトロ有楽町線,Wikidata CC0
0,227,126,豊洲,도요스역,Q1141968,matched_station_line,station_name+line:東京メトロ有楽町線,Wikidata CC0
0,227,127,辰巳,다쓰미역,Q331177,matched_station_line,station_name+line:東京メトロ有楽町線,Wikidata CC0
0,227,128,新木場,신키바역,Q1376066,matched_station_line,station_name+line:東京メトロ有楽町線,Wikidata CC0
0,228,37,北千住,기타센주역,Q801026,matched_station_line,station_name+line:東京メトロ日比谷線,Wikidata CC0
0,228,39,南千住,미나미센주역,Q80570,matched_station_line,station_name+line:東京メトロ日比谷線,Wikidata CC0
0,228,40,三ノ輪,미노와역,Q1072979,matched_station_line,station_name+line:東京メトロ日比谷線,Wikidata CC0
0,228,41,入谷,이리야역,Q1073228,matched_station_line,station_name+line:東京メトロ日比谷線,Wikidata CC0
0,228,42,上野,우에노역,Q801551,matched_station_line,station_name_only,Wikidata CC0
0,228,43,仲御徒町,나카오카치마치역,Q1072993,matched_station_line,station_name+line:東京メトロ日比谷線,Wikidata CC0
0,228,44,秋葉原,아키하바라역,Q800374,matched_station_line,station_name_only,Wikidata CC0
0,228,45,小伝馬町,고덴마초역,Q1072970,matched_station_line,station_name+line:東京メトロ日比谷線,Wikidata CC0
0,228,46,人形町,닌교초역,Q1147003,matched_station_line,station_name+line:東京メトロ日比谷線,Wikidata CC0
0,228,47,茅場町,가야바초역,Q80566,matched_station_line,station_name+line:東京メトロ日比谷線,Wikidata CC0
0,228,48,八丁堀,핫초보리역,Q1073008,matched_station_line,station_name+line:東京メトロ日比谷線,Wikidata CC0
0,228,49,築地,쓰키지역,Q1072938,matched_station_line,station_name+line:東京メトロ日比谷線,Wikidata CC0
0,228,50,東銀座,히가시긴자역,Q1078393,matched_station_line,station_name+line:東京メトロ日比谷線,Wikidata CC0
0,228,51,銀座,긴자역,Q602372,matched_station_line,station_name+line:東京メトロ日比谷線,Wikidata CC0
0,228,52,日比谷,히비야역,Q511753,matched_station_line,station_name+line:東京メトロ日比谷線,Wikidata CC0
0,228,53,霞ケ関,가스미가세키역,Q741614,matched_station_line,station_name+line:東京メトロ日比谷線,Wikidata CC0
0,228,54,虎ノ門ヒルズ,도라노몬힐스역,Q59452622,matched_station_line,station_name+line:東京メトロ日比谷線,Wikidata CC0
0,228,55,神谷町,가미야초역,Q1072953,matched_station_line,station_name+line:東京メトロ日比谷線,Wikidata CC0
0,228,57,六本木,롯폰기역,Q1326723,matched_station_line,station_name+line:東京メトロ日比谷線,Wikidata CC0
0,228,59,広尾,히로오역,Q1156428,matched_station_line,station_name+line:東京メトロ日比谷線,Wikidata CC0
0,228,61,恵比寿,에비스역,Q800715,matched_station_line,station_name_only,Wikidata CC0
0,228,62,中目黒,나카메구로역,Q1132605,matched_station_line,station_name+line:東京メトロ日比谷線,Wikidata CC0
0,228,65,中野,나카노 역 (도쿄 도),Q801234,matched_station_line,station_name+line:東京メトロ東西線,Wikidata CC0
0,228,67,落合,오치아이역,Q80579,matched_station_line,station_name+line:東京メトロ東西線,Wikidata CC0
0,228,69,高田馬場,다카다노바바역,Q801506,matched_station_line,station_name_only,Wikidata CC0
0,228,71,早稲田,와세다역,Q1078459,matched_station_line,station_name+line:東京メトロ東西線,Wikidata CC0
0,228,72,神楽坂,가구라자카역,Q80573,matched_station_line,station_name+line:東京メトロ東西線,Wikidata CC0
0,228,73,飯田橋,이다바시역,Q800953,matched_station_line,station_name+line:東京メトロ東西線,Wikidata CC0
0,228,74,九段下,구단시타역,Q76899,matched_station_line,station_name+line:東京メトロ東西線,Wikidata CC0
0,228,75,竹橋,다케바시역,Q80564,matched_station_line,station_name+line:東京メトロ東西線,Wikidata CC0
0,228,76,大手町,오테마치역,Q1326767,matched_station_line,station_name+line:東京メトロ東西線,Wikidata CC0
0,228,77,日本橋,니혼바시역,Q775847,matched_station_line,station_name+line:東京メトロ東西線,Wikidata CC0
0,228,78,茅場町,가야바초역,Q80566,matched_station_line,station_name+line:東京メトロ東西線,Wikidata CC0
0,228,80,門前仲町,몬젠나카초역,Q80576,matched_station_line,station_name+line:東京メトロ東西線,Wikidata CC0
0,228,81,木場,기바역,Q126770,matched_station_line,station_name+line:東京メトロ東西線,Wikidata CC0
0,228,82,東陽町,도요초역,Q126765,matched_station_line,station_name+line:東京メトロ東西線,Wikidata CC0
0,228,83,南砂町,미나미스나마치역,Q126760,matched_station_line,station_name+line:東京メトロ東西線,Wikidata CC0
0,228,84,西葛西,니시카사이역,Q126768,matched_station_line,station_name+line:東京メトロ東西線,Wikidata CC0
0,228,85,葛西,가사이역,Q126762,matched_station_line,station_name+line:東京メトロ東西線,Wikidata CC0
0,228,87,浦安,우라야스역,Q900577,matched_station_line,station_name_only,Wikidata CC0
0,228,88,南行徳,미나미교토쿠역,Q128797,matched_station_line,station_name+line:東京メトロ東西線,Wikidata CC0
0,228,89,行徳,교토쿠역,Q128806,matched_station_line,station_name+line:東京メトロ東西線,Wikidata CC0
0,228,90,妙典,묘덴역,Q128795,matched_station_line,station_name+line:東京メトロ東西線,Wikidata CC0
0,228,92,原木中山,바라키나카야마역,Q128808,matched_station_line,station_name+line:東京メトロ東西線,Wikidata CC0
0,228,94,西船橋,니시후나바시역,Q128803,matched_station_line,station_name+line:東京メトロ東西線,Wikidata CC0
0,229,33,池袋,이케부쿠로역,Q173919,matched_station_line,station_name_only,Wikidata CC0
0,229,35,新大塚,신오쓰카역,Q1078382,matched_station_line,station_name+line:東京メトロ丸ノ内線,Wikidata CC0
0,229,36,茗荷谷,묘가다니역,Q1078367,matched_station_line,station_name+line:東京メトロ丸ノ内線,Wikidata CC0
0,229,38,後楽園,고라쿠엔역,Q1156432,matched_station_line,station_name+line:東京メトロ丸ノ内線,Wikidata CC0
0,229,39,本郷三丁目,혼고 3초메 역,Q80774,matched_station_line,station_name+line:東京メトロ丸ノ内線,Wikidata CC0
0,229,40,御茶ノ水,오차노미즈역,Q801289,matched_station_line,station_name_only,Wikidata CC0
0,229,41,淡路町,아와지초역,Q1078432,matched_station_line,station_name+line:東京メトロ丸ノ内線,Wikidata CC0
0,229,42,大手町,오테마치역,Q1326767,matched_station_line,station_name+line:東京メトロ丸ノ内線,Wikidata CC0
0,229,43,東京,도쿄역,Q283196,matched_station_line,station_name_only,Wikidata CC0
0,229,44,銀座,긴자역,Q602372,matched_station_line,station_name+line:東京メトロ丸ノ内線,Wikidata CC0
0,229,45,霞ケ関,가스미가세키역,Q741614,matched_station_line,station_name+line:東京メトロ丸ノ内線,Wikidata CC0
0,229,46,国会議事堂前,곳카이기지도마에역,Q1192508,matched_station_line,station_name+line:東京メトロ丸ノ内線,Wikidata CC0
0,229,47,赤坂見附,아카사카미쓰케역,Q602384,matched_station_line,station_name+line:東京メトロ丸ノ内線,Wikidata CC0
0,229,48,四ツ谷,요쓰야역,Q801654,matched_station_line,station_name+line:東京メトロ丸ノ内線,Wikidata CC0
0,229,49,四谷三丁目,요쓰야 3초메역,Q1073207,matched_station_line,station_name+line:東京メトロ丸ノ内線,Wikidata CC0
0,229,50,新宿御苑前,신주쿠교엔마에역,Q1132610,matched_station_line,station_name+line:東京メトロ丸ノ内線,Wikidata CC0
0,229,51,新宿三丁目,신주쿠 3초메 역,Q1147009,matched_station_line,station_name+line:東京メトロ丸ノ内線,Wikidata CC0
0,229,52,新宿,신주쿠역,Q801447,matched_station_line,station_name_only,Wikidata CC0
0,229,53,西新宿,니시신주쿠역,Q138555,matched_station_line,station_name+line:東京メトロ丸ノ内線,Wikidata CC0
0,229,54,中野坂上,나카노사카우에역,Q275436,matched_station_line,station_name+line:東京メトロ丸ノ内線,Wikidata CC0
0,229,55,新中野,신나카노역,Q1073232,matched_station_line,station_name+line:東京メトロ丸ノ内線,Wikidata CC0
0,229,56,東高円寺,히가시코엔지역,Q1078443,matched_station_line,station_name+line:東京メトロ丸ノ内線,Wikidata CC0
0,229,57,新高円寺,신코엔지역,Q1078400,matched_station_line,station_name+line:東京メトロ丸ノ内線,Wikidata CC0
0,229,58,南阿佐ケ谷,미나미아사가야역,Q1073001,matched_station_line,station_name+line:東京メトロ丸ノ内線,Wikidata CC0
0,229,60,荻窪,오기쿠보역,Q801294,matched_station_line,station_name_only,Wikidata CC0
0,229,65,中野坂上,나카노사카우에역,Q275436,matched_station_line,station_name+line:東京メトロ丸ノ内線,Wikidata CC0
0,229,66,中野新橋,나카노신바시역,Q1132589,matched_station_line,station_name+line:東京メトロ丸ノ内線,Wikidata CC0
0,229,67,中野富士見町,나카노후지미초역,Q1132601,matched_station_line,station_name+line:東京メトロ丸ノ内線,Wikidata CC0
0,229,68,方南町,호난초역,Q1078437,matched_station_line,station_name+line:東京メトロ丸ノ内線,Wikidata CC0
0,230,33,渋谷,시부야역,Q428811,matched_station_line,station_name_only,Wikidata CC0
0,230,34,表参道,오모테산도역,Q1326733,matched_station_line,station_name+line:東京メトロ半蔵門線,Wikidata CC0
0,230,36,青山一丁目,아오야마 1초메 역,Q602410,matched_station_line,station_name+line:東京メトロ半蔵門線,Wikidata CC0
0,230,38,永田町,나가타초역,Q1142211,matched_station_line,station_name+line:東京メトロ半蔵門線,Wikidata CC0
0,230,39,半蔵門,한조몬역,Q80551,matched_station_line,station_name+line:東京メトロ半蔵門線,Wikidata CC0
0,230,40,九段下,구단시타역,Q76899,matched_station_line,station_name+line:東京メトロ半蔵門線,Wikidata CC0
0,230,41,神保町,진보초역,Q76805,matched_station_line,station_name+line:東京メトロ半蔵門線,Wikidata CC0
0,230,43,大手町,오테마치역,Q1326767,matched_station_line,station_name+line:東京メトロ半蔵門線,Wikidata CC0
0,230,44,三越前,미쓰코시마에역,Q76898,matched_station_line,station_name+line:東京メトロ半蔵門線,Wikidata CC0
0,230,45,水天宮前,스이텐구마에역,Q80546,matched_station_line,station_name+line:東京メトロ半蔵門線,Wikidata CC0
0,230,47,清澄白河,기요스미시라카와역,Q80542,matched_station_line,station_name+line:東京メトロ半蔵門線,Wikidata CC0
0,230,49,住吉,스미요시역,Q80536,matched_station_line,station_name+line:東京メトロ半蔵門線,Wikidata CC0
0,230,51,錦糸町,긴시초역,Q801017,matched_station_line,station_name+line:東京メトロ半蔵門線,Wikidata CC0
0,230,53,押上,오시아게역,Q80545,matched_station_line,station_name+line:東京メトロ半蔵門線,Wikidata CC0
0,231,1,小竹向原,고타케무카이하라역,Q93684,matched_station_line,station_name+line:東京メトロ副都心線,Wikidata CC0
0,231,4,池袋,이케부쿠로역,Q173919,matched_station_line,station_name_only,Wikidata CC0
0,231,6,雑司が谷,조시가야역,Q128312,matched_station_line,station_name+line:東京メトロ副都心線,Wikidata CC0
0,231,8,西早稲田,니시와세다역,Q128305,matched_station_line,station_name+line:東京メトロ副都心線,Wikidata CC0
0,231,10,東新宿,히가시신주쿠역,Q112503,matched_station_line,station_name+line:東京メトロ副都心線,Wikidata CC0
0,231,12,新宿三丁目,신주쿠 3초메 역,Q1147009,matched_station_line,station_name+line:東京メトロ副都心線,Wikidata CC0
0,231,14,北参道,기타산도역,Q128322,matched_station_line,station_name+line:東京メトロ副都心線,Wikidata CC0
0,231,16,明治神宮前,메이지진구마에역,Q80429,matched_station_line,station_name+line:東京メトロ副都心線,Wikidata CC0
0,231,18,渋谷,시부야역,Q428811,matched_station_line,station_name_only,Wikidata CC0
0,231,36,目黒,메구로역,Q678461,matched_station_line,station_name_only,Wikidata CC0
0,231,37,白金台,시로카네다이역,Q112357,matched_station_line,station_name+line:東京メトロ南北線,Wikidata CC0
0,231,38,白金高輪,시로카네타카나와역,Q112323,matched_station_line,station_name+line:東京メトロ南北線,Wikidata CC0
0,231,40,麻布十番,아자부주반역,Q112382,matched_station_line,station_name+line:東京メトロ南北線,Wikidata CC0
0,231,41,六本木一丁目,롯폰기 1초메 역,Q1073717,matched_station_line,station_name+line:東京メトロ南北線,Wikidata CC0
0,231,42,溜池山王,다메이케산노역,Q277208,matched_station_line,station_name+line:東京メトロ南北線,Wikidata CC0
0,231,44,永田町,나가타초역,Q1142211,matched_station_line,station_name+line:東京メトロ南北線,Wikidata CC0
0,231,46,四ツ谷,요쓰야역,Q801654,matched_station_line,station_name+line:東京メトロ南北線,Wikidata CC0
0,231,48,市ケ谷,이치가야역,Q800947,matched_station_line,station_name_only,Wikidata CC0
0,231,50,飯田橋,이다바시역,Q800953,matched_station_line,station_name+line:東京メトロ南北線,Wikidata CC0
0,231,51,後楽園,고라쿠엔역,Q1156432,matched_station_line,station_name+line:東京メトロ南北線,Wikidata CC0
0,231,52,東大前,도다이마에역,Q1073411,matched_station_line,station_name+line:東京メトロ南北線,Wikidata CC0
0,231,53,本駒込,혼코마고메역,Q151419,matched_station_line,station_name+line:東京メトロ南北線,Wikidata CC0
0,231,54,駒込,고마고메역,Q801032,matched_station_line,station_name_only,Wikidata CC0
0,231,55,西ケ原,니시가하라역,Q151561,matched_station_line,station_name+line:東京メトロ南北線,Wikidata CC0
0,231,56,王子,오지역,Q801689,matched_station_line,station_name+line:東京メトロ南北線,Wikidata CC0
0,231,57,王子神谷,오지카미야역,Q151406,matched_station_line,station_name+line:東京メトロ南北線,Wikidata CC0
0,231,59,志茂,시모역,Q151416,matched_station_line,station_name+line:東京メトロ南北線,Wikidata CC0
0,231,60,赤羽岩淵,아카바네이와부치역,Q151409,matched_station_line,station_name+line:東京メトロ南北線,Wikidata CC0
0,237,1,赤羽岩淵,아카바네이와부치역,Q151409,matched_station_line,station_name+line:埼玉高速鉄道線,Wikidata CC0
0,237,2,川口元郷,가와구치모토고역,Q3701469,matched_station_line,station_name+line:埼玉高速鉄道線,Wikidata CC0
0,237,4,南鳩ヶ谷,미나미하토가야역,Q5369132,matched_station_line,station_name+line:埼玉高速鉄道線,Wikidata CC0
0,237,6,鳩ヶ谷,하토가야역,Q3701478,matched_station_line,station_name+line:埼玉高速鉄道線,Wikidata CC0
0,237,8,新井宿,아라이주쿠역,Q3701488,matched_station_line,station_name+line:埼玉高速鉄道線,Wikidata CC0
0,237,10,戸塚安行,도즈카안교역,Q5369332,matched_station_line,station_name+line:埼玉高速鉄道線,Wikidata CC0
0,237,12,東川口,히가시카와구치역,Q8015281,matched_station_line,station_name+line:埼玉高速鉄道線,Wikidata CC0
0,237,14,浦和美園,우라와미소노역,Q1042376,matched_station_line,station_name+line:埼玉高速鉄道線,Wikidata CC0
0,238,1,リゾートゲートウェイ・ステーション,리조트 게이트웨이 스테이션역,Q8014465,matched_station_line,station_name+line:舞浜リゾートラインディズニーリゾートライン線,Wikidata CC0
0,238,2,東京ディズニーランド・ステーション,도쿄 디즈니랜드 스테이션역,Q5367499,matched_station_line,station_name+line:舞浜リゾートラインディズニーリゾートライン線,Wikidata CC0
0,238,4,ベイサイド・ステーション,베이사이드 스테이션역,Q5368692,matched_station_line,station_name+line:舞浜リゾートラインディズニーリゾートライン線,Wikidata CC0
0,238,6,東京ディズニーシー・ステーション,도쿄 디즈니시 스테이션역,Q5368690,matched_station_line,station_name+line:舞浜リゾートラインディズニーリゾートライン線,Wikidata CC0
0,239,1,押上,오시아게역,Q80545,matched_station_line,station_name_only,Wikidata CC0
0,239,2,本所吾妻橋,혼조아즈마바시역,Q910813,matched_station_line,station_name_only,Wikidata CC0
0,239,3,浅草,아사쿠사역,Q800405,matched_station_line,station_name_only,Wikidata CC0
0,239,4,蔵前,구라마에역,Q112348,matched_station_line,station_name_only,Wikidata CC0
0,239,5,浅草橋,아사쿠사바시역,Q800404,matched_station_line,station_name_only,Wikidata CC0
0,239,6,東日本橋,히가시니혼바시역,Q906172,matched_station_line,station_name_only,Wikidata CC0
0,239,7,人形町,닌교초역,Q1147003,matched_station_line,station_name_only,Wikidata CC0
0,239,9,宝町,다카라초역,Q1040938,matched_station_line,station_name_only,Wikidata CC0
0,239,10,東銀座,히가시긴자역,Q1078393,matched_station_line,station_name_only,Wikidata CC0
0,239,14,泉岳寺,센가쿠지역,Q905742,matched_station_line,station_name_only,Wikidata CC0
0,239,15,高輪台,다카나와다이역,Q1040769,matched_station_line,station_name_only,Wikidata CC0
0,239,16,五反田,고탄다역,Q736018,matched_station_line,station_name_only,Wikidata CC0
0,239,17,戸越,도고시역,Q1040884,matched_station_line,station_name_only,Wikidata CC0
0,239,18,中延,나카노부역,Q1040875,matched_station_line,station_name_only,Wikidata CC0
0,239,19,馬込,마고메역,Q1040904,matched_station_line,station_name_only,Wikidata CC0
0,239,20,西馬込,니시마고메역,Q1038919,matched_station_line,station_name_only,Wikidata CC0
0,240,39,西高島平,니시타카시마다이라역,Q1039288,matched_station_line,station_name_only,Wikidata CC0
0,240,40,新高島平,신타카시마다이라역,Q1039572,matched_station_line,station_name_only,Wikidata CC0
0,240,41,高島平,다카시마다이라역,Q1038971,matched_station_line,station_name_only,Wikidata CC0
0,240,42,西台,니시다이역,Q1039896,matched_station_line,station_name_only,Wikidata CC0
0,240,43,蓮根,하스네역,Q1038786,matched_station_line,station_name_only,Wikidata CC0
0,240,44,志村三丁目,시무라 3초메 역,Q1039149,matched_station_line,station_name_only,Wikidata CC0
0,240,45,志村坂上,시무라사카우에역,Q1039780,matched_station_line,station_name_only,Wikidata CC0
0,240,46,本蓮沼,모토하스누마역,Q1039257,matched_station_line,station_name_only,Wikidata CC0
0,240,47,板橋本町,이타바시혼초역,Q1073933,matched_station_line,station_name_only,Wikidata CC0
0,240,48,板橋区役所前,이타바시쿠야쿠쇼마에역,Q1039760,matched_station_line,station_name_only,Wikidata CC0
0,240,49,新板橋,신이타바시역,Q1039904,matched_station_line,station_name_only,Wikidata CC0
0,240,50,西巣鴨,니시스가모역,Q1039887,matched_station_line,station_name_only,Wikidata CC0
0,240,51,巣鴨,스가모역,Q801500,matched_station_line,station_name_only,Wikidata CC0
0,240,52,千石,센고쿠역,Q1039142,matched_station_line,station_name_only,Wikidata CC0
0,240,55,水道橋,스이도바시역,Q801496,matched_station_line,station_name_only,Wikidata CC0
0,240,56,神保町,진보초역,Q76805,matched_station_line,station_name_only,Wikidata CC0
0,240,58,日比谷,히비야역,Q511753,matched_station_line,station_name_only,Wikidata CC0
0,240,59,内幸町,우치사이와이초역,Q1038948,matched_station_line,station_name_only,Wikidata CC0
0,240,60,御成門,오나리몬역,Q1039085,matched_station_line,station_name_only,Wikidata CC0
0,240,61,芝公園,시바코엔역,Q905609,matched_station_line,station_name_only,Wikidata CC0
0,240,62,三田,산다역,Q856534,matched_station_line,station_name+line:三田線,Wikidata CC0
0,240,64,白金高輪,시로카네타카나와역,Q112323,matched_station_line,station_name_only,Wikidata CC0
0,240,66,白金台,시로카네다이역,Q112357,matched_station_line,station_name_only,Wikidata CC0
0,240,68,目黒,메구로역,Q678461,matched_station_line,station_name_only,Wikidata CC0
0,241,1,新宿,신주쿠역,Q801447,matched_station_line,station_name_only,Wikidata CC0
0,241,2,新宿三丁目,신주쿠 3초메 역,Q1147009,matched_station_line,station_name_only,Wikidata CC0
0,241,3,曙橋,아케보노바시역,Q128308,matched_station_line,station_name_only,Wikidata CC0
0,241,5,九段下,구단시타역,Q76899,matched_station_line,station_name_only,Wikidata CC0
0,241,6,神保町,진보초역,Q76805,matched_station_line,station_name_only,Wikidata CC0
0,241,8,岩本町,이와모토초역,Q128319,matched_station_line,station_name_only,Wikidata CC0
0,241,9,馬喰横山,바쿠로요코야마역,Q128303,matched_station_line,station_name_only,Wikidata CC0
0,241,14,西大島,니시오지마역,Q1044267,matched_station_line,station_name_only,Wikidata CC0
0,241,17,東大島,히가시오지마역,Q908010,matched_station_line,station_name_only,Wikidata CC0
0,241,19,船堀,후나보리역,Q1041252,matched_station_line,station_name_only,Wikidata CC0
0,241,21,一之江,이치노에역,Q1044276,matched_station_line,station_name_only,Wikidata CC0
0,241,23,瑞江,미즈에역,Q1040898,matched_station_line,station_name_only,Wikidata CC0
0,241,25,篠崎,시노자키역,Q1043876,matched_station_line,station_name_only,Wikidata CC0
0,241,27,本八幡,모토야와타역,Q1142065,matched_station_line,station_name_only,Wikidata CC0
0,242,6,清澄白河,기요스미시라카와역,Q80542,matched_station_line,station_name_only,Wikidata CC0
0,242,8,門前仲町,몬젠나카초역,Q80576,matched_station_line,station_name_only,Wikidata CC0
0,242,10,月島,쓰키시마역,Q112337,matched_station_line,station_name_only,Wikidata CC0
0,242,12,勝どき,가치도키역,Q246191,matched_station_line,station_name_only,Wikidata CC0
0,242,14,築地市場,쓰키지시조역,Q246180,matched_station_line,station_name_only,Wikidata CC0
0,242,16,汐留,시오도메역,Q1063299,matched_station_line,station_name_only,Wikidata CC0
0,242,20,赤羽橋,아카바네바시역,Q246176,matched_station_line,station_name_only,Wikidata CC0
0,242,22,麻布十番,아자부주반역,Q112382,matched_station_line,station_name_only,Wikidata CC0
0,242,24,六本木,롯폰기역,Q1326723,matched_station_line,station_name_only,Wikidata CC0
0,242,26,青山一丁目,아오야마 1초메 역,Q602410,matched_station_line,station_name_only,Wikidata CC0
0,242,28,国立競技場,고쿠리쓰쿄기조역,Q275113,matched_station_line,station_name_only,Wikidata CC0
0,242,30,代々木,요요기역,Q590162,matched_station_line,station_name_only,Wikidata CC0
0,242,32,新宿,신주쿠역,Q801447,matched_station_line,station_name_only,Wikidata CC0
0,242,34,都庁前,도청 앞역,Q246186,matched_station_line,station_name_only,Wikidata CC0
0,242,36,西新宿五丁目,니시신주쿠 5초메역,Q275541,matched_station_line,station_name_only,Wikidata CC0
0,242,38,中野坂上,나카노사카우에역,Q275436,matched_station_line,station_name_only,Wikidata CC0
0,242,40,東中野,히가시나카노역,Q800921,matched_station_line,station_name_only,Wikidata CC0
0,242,42,中井,나카이역,Q275116,matched_station_line,station_name_only,Wikidata CC0
0,242,44,落合南長崎,오치아이미나미나가사키역,Q275510,matched_station_line,station_name_only,Wikidata CC0
0,242,46,新江古田,신에고타역,Q275527,matched_station_line,station_name_only,Wikidata CC0
0,242,48,練馬,네리마역,Q134373840,matched_station_line,station_name_only,Wikidata CC0
0,242,50,豊島園,도시마엔역,Q906947,matched_station_line,station_name_only,Wikidata CC0
0,242,52,練馬春日町,네리마카스가초역,Q275521,matched_station_line,station_name_only,Wikidata CC0
0,242,54,光が丘,히카리가오카역,Q1132210,matched_station_line,station_name_only,Wikidata CC0
0,243,5,両国,료고쿠역,Q801389,matched_station_line,station_name_only,Wikidata CC0
0,243,7,蔵前,구라마에역,Q112348,matched_station_line,station_name_only,Wikidata CC0
0,243,9,新御徒町,신오카치마치역,Q80540,matched_station_line,station_name_only,Wikidata CC0
0,243,11,上野御徒町,우에노오카치마치역,Q80555,matched_station_line,station_name_only,Wikidata CC0
0,243,13,本郷三丁目,혼고 3초메 역,Q80774,matched_station_line,station_name_only,Wikidata CC0
0,243,17,飯田橋,이다바시역,Q800953,matched_station_line,station_name_only,Wikidata CC0
0,243,19,牛込神楽坂,우시고메카구라자카역,Q246195,matched_station_line,station_name_only,Wikidata CC0
0,243,21,牛込柳町,우시고메야나기초역,Q247099,matched_station_line,station_name_only,Wikidata CC0
0,243,23,若松河田,와카마쓰카와다역,Q246173,matched_station_line,station_name_only,Wikidata CC0
0,243,25,東新宿,히가시신주쿠역,Q112503,matched_station_line,station_name_only,Wikidata CC0
0,243,27,新宿西口,신주쿠니시구치역,Q246198,matched_station_line,station_name_only,Wikidata CC0
0,243,29,都庁前,도청 앞역,Q246186,matched_station_line,station_name_only,Wikidata CC0
0,244,6,日暮里,닛포리역,Q801262,matched_station_line,station_name_only,Wikidata CC0
0,244,8,西日暮里,니시닛포리역,Q636845,matched_station_line,station_name_only,Wikidata CC0
0,244,10,赤土小学校前,아카도쇼갓코마에역,Q4700094,matched_station_line,station_name+line:日暮里・舎人ライナー,Wikidata CC0
0,244,12,熊野前,구마노마에역,Q6443453,matched_station_line,station_name+line:日暮里・舎人ライナー,Wikidata CC0
0,244,14,足立小台,아다치오다이역,Q4678340,matched_station_line,station_name+line:日暮里・舎人ライナー,Wikidata CC0
0,244,16,扇大橋,오기오하시역,Q8081475,matched_station_line,station_name+line:日暮里・舎人ライナー,Wikidata CC0
0,244,18,高野,고야역,Q6455332,matched_station_line,station_name+line:日暮里・舎人ライナー,Wikidata CC0
0,244,20,江北,고호쿠역,Q6455131,matched_station_line,station_name+line:日暮里・舎人ライナー,Wikidata CC0
0,244,22,西新井大師西,니시아라이다이시니시역,Q11628298,matched_station_line,station_name+line:日暮里・舎人ライナー,Wikidata CC0
0,244,24,谷在家,야자이케역,Q8050564,matched_station_line,station_name+line:日暮里・舎人ライナー,Wikidata CC0
0,244,26,舎人公園,도네리코엔역,Q7820883,matched_station_line,station_name+line:日暮里・舎人ライナー,Wikidata CC0
0,244,28,舎人,도네리역,Q7820886,matched_station_line,station_name+line:日暮里・舎人ライナー,Wikidata CC0
0,244,30,見沼代親水公園,미누마다이신스이코엔역,Q6869774,matched_station_line,station_name+line:日暮里・舎人ライナー,Wikidata CC0
0,246,31,多摩センター,다마 센터역,Q988468,matched_station_line,station_name+line:多摩都市モノレール線,Wikidata CC0
0,246,33,松が谷,마쓰가야역,Q6788096,matched_station_line,station_name+line:多摩都市モノレール線,Wikidata CC0
0,246,35,大塚・帝京大学,오쓰카테이쿄다이가쿠역,Q8011282,matched_station_line,station_name+line:多摩都市モノレール線,Wikidata CC0
0,246,37,中央大学・明星大学,주오다이가쿠·메이세이다이가쿠역,Q5119037,matched_station_line,station_name+line:多摩都市モノレール線,Wikidata CC0
0,246,39,多摩動物公園,다마도부쓰코엔역,Q4450752,matched_station_line,station_name+line:多摩都市モノレール線,Wikidata CC0
0,246,41,程久保,호도쿠보역,Q5876257,matched_station_line,station_name+line:多摩都市モノレール線,Wikidata CC0
0,246,43,高幡不動,다카하타후도역,Q1064614,matched_station_line,station_name+line:多摩都市モノレール線,Wikidata CC0
0,246,45,万願寺,만간지역,Q6748797,matched_station_line,station_name+line:多摩都市モノレール線,Wikidata CC0
0,246,47,甲州街道,고슈카이도역,Q6455297,matched_station_line,station_name+line:多摩都市モノレール線,Wikidata CC0
0,246,49,柴崎体育館,시바사키타이이쿠칸역,Q7496025,matched_station_line,station_name+line:多摩都市モノレール線,Wikidata CC0
0,246,51,立川南,다치카와미나미역,Q844178,matched_station_line,station_name+line:多摩都市モノレール線,Wikidata CC0
0,246,53,立川北,다치카와키타역,Q844136,matched_station_line,station_name+line:多摩都市モノレール線,Wikidata CC0
0,246,55,高松,다카마쓰역,Q7677135,matched_station_line,station_name+line:多摩都市モノレール線,Wikidata CC0
0,246,57,立飛,다치히역,Q7673726,matched_station_line,station_name+line:多摩都市モノレール線,Wikidata CC0
0,246,59,泉体育館,이즈미타이이쿠칸역,Q6102266,matched_station_line,station_name+line:多摩都市モノレール線,Wikidata CC0
0,246,61,砂川七番,스나가와나나반역,Q7638759,matched_station_line,station_name+line:多摩都市モノレール線,Wikidata CC0
0,246,63,玉川上水,다마가와조스이역,Q842489,matched_station_line,station_name+line:多摩都市モノレール線,Wikidata CC0
0,246,65,桜街道,사쿠라카이도역,Q7403154,matched_station_line,station_name+line:多摩都市モノレール線,Wikidata CC0
0,246,67,上北台,가미키타다이역,Q6357916,matched_station_line,station_name+line:多摩都市モノレール線,Wikidata CC0
0,247,1,大月,오쓰키역,Q843189,matched_station_line,station_name_only,Wikidata CC0
0,247,3,上大月,가미오쓰키역,Q8139880,matched_station_line,station_name_only,Wikidata CC0
0,247,5,田野倉,다노쿠라역,Q7683727,matched_station_line,station_name_only,Wikidata CC0
0,247,7,禾生,가세이역,Q6374100,matched_station_line,station_name_only,Wikidata CC0
0,247,9,都留市,쓰루시역,Q7850306,matched_station_line,station_name_only,Wikidata CC0
0,247,10,谷村町,야무라마치역,Q8013193,matched_station_line,station_name_only,Wikidata CC0
0,247,11,都留文科大学前,쓰루분카다이가쿠마에역,Q7850252,matched_station_line,station_name_only,Wikidata CC0
0,247,12,十日市場,도카이치바역,Q844640,matched_station_line,station_name_only,Wikidata CC0
0,247,13,東桂,히가시카쓰라역,Q5753640,matched_station_line,station_name_only,Wikidata CC0
0,247,15,三つ峠,미쓰토게역,Q6883395,matched_station_line,station_name_only,Wikidata CC0
0,247,16,寿,고토부키역,Q6434150,matched_station_line,station_name_only,Wikidata CC0
0,247,17,葭池温泉前,요시이케온센마에역,Q8013211,matched_station_line,station_name_only,Wikidata CC0
0,247,18,下吉田,시모요시다역,Q7497026,matched_station_line,station_name_only,Wikidata CC0
0,247,20,月江寺,겟코지역,Q5530322,matched_station_line,station_name_only,Wikidata CC0
0,247,22,富士山,후지산역,Q5507478,matched_station_line,station_name_only,Wikidata CC0
0,247,25,富士急ハイランド,후지큐 하이랜드역,Q843037,matched_station_line,station_name_only,Wikidata CC0
0,247,26,河口湖,가와구치코역,Q6379504,matched_station_line,station_name_only,Wikidata CC0
0,249,1,千葉,지바역,Q800625,matched_station_line,station_name_only,Wikidata CC0
0,249,3,千葉公園,지바코엔역,Q5095295,matched_station_line,station_name+line:千葉都市モノレール2号線,Wikidata CC0
0,249,5,作草部,사쿠사베역,Q7403224,matched_station_line,station_name+line:千葉都市モノレール2号線,Wikidata CC0
0,249,7,天台,덴다이역,Q7699571,matched_station_line,station_name+line:千葉都市モノレール2号線,Wikidata CC0
0,249,9,穴川,아나가와역,Q4750826,matched_station_line,station_name+line:千葉都市モノレール2号線,Wikidata CC0
0,249,11,スポーツセンター,스포츠 센터역,Q4268568,matched_station_line,station_name+line:千葉都市モノレール2号線,Wikidata CC0
0,249,13,動物公園,도부쓰코엔역,Q5321252,matched_station_line,station_name+line:千葉都市モノレール2号線,Wikidata CC0
0,249,15,みつわ台,미쓰와다이역,Q6883389,matched_station_line,station_name+line:千葉都市モノレール2号線,Wikidata CC0
0,249,17,都賀,쓰가역,Q7849953,matched_station_line,station_name+line:千葉都市モノレール2号線,Wikidata CC0
0,249,19,桜木,사쿠라기역,Q7403200,matched_station_line,station_name+line:千葉都市モノレール2号線,Wikidata CC0
0,249,21,小倉台,오구라다이역,Q7080299,matched_station_line,station_name+line:千葉都市モノレール2号線,Wikidata CC0
0,249,23,千城台北,지시로다이키타역,Q5102077,matched_station_line,station_name+line:千葉都市モノレール2号線,Wikidata CC0
0,249,25,千城台,지시로다이역,Q5102080,matched_station_line,station_name+line:千葉都市モノレール2号線,Wikidata CC0
0,249,65,千葉みなと,지바미나토역,Q2648818,matched_station_line,station_name+line:千葉都市モノレール1号線,Wikidata CC0
0,249,67,市役所前,시야쿠쇼마에역,Q7499454,matched_station_line,station_name+line:千葉都市モノレール1号線,Wikidata CC0
0,249,69,千葉,지바역,Q800625,matched_station_line,station_name_only,Wikidata CC0
0,249,71,栄町,사카에초역,Q7402748,matched_station_line,station_name+line:千葉都市モノレール1号線,Wikidata CC0
0,249,73,葭川公園,요시카와코엔역,Q11621166,matched_station_line,station_name+line:千葉都市モノレール1号線,Wikidata CC0
0,249,75,県庁前,겐초마에역,Q6388822,matched_station_line,station_name+line:千葉都市モノレール1号線,Wikidata CC0
0,250,1,浜松町,하마마쓰초역,Q800873,matched_station_line,station_name_only,Wikidata CC0
0,250,3,天王洲アイル,덴노즈 아일역,Q841425,matched_station_line,station_name+line:東京モノレール羽田空港線,Wikidata CC0
0,250,4,大井競馬場前,오이케이바조마에역,Q5367547,matched_station_line,station_name+line:東京モノレール羽田空港線,Wikidata CC0
0,250,5,流通センター,류쓰 센터역,Q5367298,matched_station_line,station_name+line:東京モノレール羽田空港線,Wikidata CC0
0,250,6,昭和島,쇼와지마역,Q5368842,matched_station_line,station_name+line:東京モノレール羽田空港線,Wikidata CC0
0,250,7,整備場,세이비조역,Q7446588,matched_station_line,station_name+line:東京モノレール羽田空港線,Wikidata CC0
0,250,9,天空橋,덴쿠바시역,Q5367248,matched_station_line,station_name+line:東京モノレール羽田空港線,Wikidata CC0
0,250,11,新整備場,신세이비조역,Q5362517,matched_station_line,station_name+line:東京モノレール羽田空港線,Wikidata CC0
0,251,1,大船,오후나역,Q1143863,matched_station_line,station_name+line:江の島線,Wikidata CC0
0,251,3,富士見町,후지미초역,Q1094940,matched_station_line,station_name+line:江の島線,Wikidata CC0
0,251,5,湘南町屋,쇼난마치야역,Q1093346,matched_station_line,station_name+line:江の島線,Wikidata CC0
0,251,7,湘南深沢,쇼난후카사와역,Q1094911,matched_station_line,station_name+line:江の島線,Wikidata CC0
0,251,9,西鎌倉,니시카마쿠라역,Q1094928,matched_station_line,station_name+line:江の島線,Wikidata CC0
0,251,11,片瀬山,가타세야마역,Q4251612,matched_station_line,station_name+line:江の島線,Wikidata CC0
0,251,13,目白山下,메지로야마시타역,Q1094934,matched_station_line,station_name+line:江の島線,Wikidata CC0
0,251,15,湘南江の島,쇼난에노시마역,Q1058486,matched_station_line,station_name+line:江の島線,Wikidata CC0
0,252,1,ユーカリが丘,유카리가오카역,Q8062735,matched_station_line,station_name+line:山万ユーカリが丘線,Wikidata CC0
0,252,3,地区センター,지쿠센터역,Q11424114,matched_station_line,station_name+line:山万ユーカリが丘線,Wikidata CC0
0,252,5,公園,고엔역,Q11391979,matched_station_line,station_name+line:山万ユーカリが丘線,Wikidata CC0
0,252,7,女子大,조시다이역,Q11446373,matched_station_line,station_name+line:山万ユーカリが丘線,Wikidata CC0
0,252,9,中学校,주갓코역,Q11363857,matched_station_line,station_name+line:山万ユーカリが丘線,Wikidata CC0
0,252,11,井野,이노역,Q1652443,matched_station_line,station_name_only,Wikidata CC0
0,253,2,三島,미시마역,Q375061,matched_station_line,station_name+line:伊豆箱根鉄道駿豆線,Wikidata CC0
0,253,4,三島広小路,미시마히로코지역,Q6875540,matched_station_line,station_name+line:伊豆箱根鉄道駿豆線,Wikidata CC0
0,253,6,三島田町,미시마타마치역,Q6875545,matched_station_line,station_name+line:伊豆箱根鉄道駿豆線,Wikidata CC0
0,253,8,三島二日町,미시마후쓰카마치역,Q11355227,matched_station_line,station_name+line:伊豆箱根鉄道駿豆線,Wikidata CC0
0,253,10,大場,다이바역,Q5209070,matched_station_line,station_name+line:伊豆箱根鉄道駿豆線,Wikidata CC0
0,253,12,伊豆仁田,이즈닛타역,Q6102197,matched_station_line,station_name+line:伊豆箱根鉄道駿豆線,Wikidata CC0
0,253,14,原木,바라키역,Q4858278,matched_station_line,station_name+line:伊豆箱根鉄道駿豆線,Wikidata CC0
0,253,16,韮山,니라야마역,Q7039921,matched_station_line,station_name+line:伊豆箱根鉄道駿豆線,Wikidata CC0
0,253,18,伊豆長岡,이즈나가오카역,Q6102191,matched_station_line,station_name+line:伊豆箱根鉄道駿豆線,Wikidata CC0
0,253,20,田京,다쿄역,Q7678674,matched_station_line,station_name+line:伊豆箱根鉄道駿豆線,Wikidata CC0
0,253,22,大仁,오히토역,Q8081500,matched_station_line,station_name+line:伊豆箱根鉄道駿豆線,Wikidata CC0
0,253,24,牧之郷,마키노코역,Q11570358,matched_station_line,station_name+line:伊豆箱根鉄道駿豆線,Wikidata CC0
0,253,26,修善寺,슈젠지역,Q7505799,matched_station_line,station_name+line:伊豆箱根鉄道駿豆線,Wikidata CC0
0,254,2,小田原,오다와라역,Q801290,matched_station_line,station_name+line:伊豆箱根鉄道大雄山線,Wikidata CC0
0,254,4,緑町,미도리초역,Q11607855,matched_station_line,station_name+line:伊豆箱根鉄道大雄山線,Wikidata CC0
0,254,6,井細田,이사이다역,Q6078639,matched_station_line,station_name+line:伊豆箱根鉄道大雄山線,Wikidata CC0
0,254,8,五百羅漢,고햐쿠라칸역,Q5577610,matched_station_line,station_name+line:伊豆箱根鉄道大雄山線,Wikidata CC0
0,254,10,穴部,아나베역,Q4750577,matched_station_line,station_name+line:伊豆箱根鉄道大雄山線,Wikidata CC0
0,254,12,飯田岡,이다오카역,Q5994936,matched_station_line,station_name+line:伊豆箱根鉄道大雄山線,Wikidata CC0
0,254,14,相模沼田,사가미누마타역,Q7398953,matched_station_line,station_name+line:伊豆箱根鉄道大雄山線,Wikidata CC0
0,254,16,岩原,이와하라역,Q6100298,matched_station_line,station_name+line:伊豆箱根鉄道大雄山線,Wikidata CC0
0,254,18,塚原,쓰카하라역,Q7850037,matched_station_line,station_name+line:伊豆箱根鉄道大雄山線,Wikidata CC0
0,254,20,和田河原,와다가하라역,Q254831,matched_station_line,station_name+line:伊豆箱根鉄道大雄山線,Wikidata CC0
0,254,22,富士フイルム前,후지 필름 마에역,Q5507389,matched_station_line,station_name+line:伊豆箱根鉄道大雄山線,Wikidata CC0
0,254,24,大雄山,다이유잔역,Q5209846,matched_station_line,station_name+line:伊豆箱根鉄道大雄山線,Wikidata CC0
0,255,2,伊東,이토역,Q6095339,matched_station_line,station_name+line:伊豆急行線,Wikidata CC0
0,255,4,南伊東,미나미이토역,Q6862914,matched_station_line,station_name+line:伊豆急行線,Wikidata CC0
0,255,6,川奈,가와나역,Q11478155,matched_station_line,station_name+line:伊豆急行線,Wikidata CC0
0,255,8,富戸,후토역,Q11456974,matched_station_line,station_name+line:伊豆急行線,Wikidata CC0
0,255,9,城ヶ崎海岸,조가사키카이간역,Q11425939,matched_station_line,station_name+line:伊豆急行線,Wikidata CC0
0,255,10,伊豆高原,이즈코겐역,Q6102186,matched_station_line,station_name+line:伊豆急行線,Wikidata CC0
0,255,12,伊豆大川,이즈오카와역,Q6102208,matched_station_line,station_name+line:伊豆急行線,Wikidata CC0
0,255,14,伊豆北川,이즈홋카와역,Q6102174,matched_station_line,station_name+line:伊豆急行線,Wikidata CC0
0,255,16,伊豆熱川,이즈아타가와역,Q6102164,matched_station_line,station_name+line:伊豆急行線,Wikidata CC0
0,255,18,片瀬白田,가타세시라타역,Q6375267,matched_station_line,station_name+line:伊豆急行線,Wikidata CC0
0,255,20,伊豆稲取,이즈이나토리역,Q6102179,matched_station_line,station_name+line:伊豆急行線,Wikidata CC0
0,255,22,今井浜海岸,이마이하마카이간역,Q6002975,matched_station_line,station_name+line:伊豆急行線,Wikidata CC0
0,255,24,河津,가와즈역,Q6379913,matched_station_line,station_name+line:伊豆急行線,Wikidata CC0
0,255,26,稲梓,이나즈사역,Q6013908,matched_station_line,station_name+line:伊豆急行線,Wikidata CC0
0,255,28,蓮台寺,렌다이지역,Q7312783,matched_station_line,station_name+line:伊豆急行線,Wikidata CC0
0,255,30,伊豆急下田,이즈큐시모다역,Q6102244,matched_station_line,station_name+line:伊豆急行線,Wikidata CC0
1,129,40,高畑,다카바타역,Q851002,matched_station_line,station_name+line:東山線,Wikidata CC0
1,129,42,八田,핫타역,Q863200,matched_station_line,station_name+line:東山線,Wikidata CC0
1,129,44,岩塚,이와쓰카역,Q863205,matched_station_line,station_name+line:東山線,Wikidata CC0
1,129,48,中村公園,나카무라코엔역,Q862371,matched_station_line,station_name+line:東山線,Wikidata CC0
1,129,50,中村日赤,나카무라닛세키역,Q855501,matched_station_line,station_name+line:東山線,Wikidata CC0
1,129,52,本陣,혼진역,Q862320,matched_station_line,station_name+line:東山線,Wikidata CC0
1,129,54,亀島,가메지마역,Q862331,matched_station_line,station_name+line:東山線,Wikidata CC0
1,129,58,名古屋,나고야역,Q49381,matched_station_line,station_name_only,Wikidata CC0
1,129,62,伏見,후시미역,Q862368,matched_station_line,station_name+line:東山線,Wikidata CC0
1,129,66,栄,사카에역,Q862325,matched_station_line,station_name+line:東山線,Wikidata CC0
1,129,70,新栄町,신사카에마치역,Q863475,matched_station_line,station_name+line:東山線,Wikidata CC0
1,129,72,千種,지쿠사역,Q863068,matched_station_line,station_name+line:東山線,Wikidata CC0
1,129,74,今池,이마이케역,Q852173,matched_station_line,station_name+line:東山線,Wikidata CC0
1,129,76,池下,이케시타역,Q863214,matched_station_line,station_name+line:東山線,Wikidata CC0
1,129,78,覚王山,가쿠오잔역,Q863487,matched_station_line,station_name+line:東山線,Wikidata CC0
1,129,82,本山,모토야마역,Q855542,matched_station_line,station_name+line:東山線,Wikidata CC0
1,129,84,東山公園,히가시야마코엔역,Q853221,matched_station_line,station_name+line:東山線,Wikidata CC0
1,129,88,星ヶ丘,호시가오카역,Q863225,matched_station_line,station_name+line:東山線,Wikidata CC0
1,129,92,一社,잇샤역,Q863231,matched_station_line,station_name+line:東山線,Wikidata CC0
1,129,96,上社,가미야시로역,Q863234,matched_station_line,station_name+line:東山線,Wikidata CC0
1,129,98,本郷,혼고역,Q862895,matched_station_line,station_name+line:東山線,Wikidata CC0
1,129,102,藤が丘,후지가오카역,Q850679,matched_station_line,station_name+line:東山線,Wikidata CC0
1,130,10,名古屋港,나고야코역,Q858446,matched_station_line,station_name+line:名港線,Wikidata CC0
1,130,12,築地口,쓰키지구치역,Q7850067,matched_station_line,station_name+line:名港線,Wikidata CC0
1,130,14,港区役所,미나토쿠야쿠쇼역,Q6863252,matched_station_line,station_name+line:名港線,Wikidata CC0
1,130,16,東海通,도카이도리역,Q7862676,matched_station_line,station_name+line:名港線,Wikidata CC0
1,130,20,六番町,로쿠반초역,Q7360096,matched_station_line,station_name+line:名港線,Wikidata CC0
1,130,24,日比野,히비노역,Q5750779,matched_station_line,station_name+line:名港線,Wikidata CC0
1,130,30,東別院,히가시베쓰인역,Q863872,matched_station_line,station_name+line:名城線,Wikidata CC0
1,130,32,上前津,가미마에즈역,Q862270,matched_station_line,station_name+line:名城線,Wikidata CC0
1,130,34,矢場町,야바초역,Q863884,matched_station_line,station_name+line:名城線,Wikidata CC0
1,130,36,栄,사카에역,Q862325,matched_station_line,station_name+line:名城線,Wikidata CC0
1,130,38,久屋大通,히사야오도리역,Q858944,matched_station_line,station_name+line:名城線,Wikidata CC0
1,130,40,名古屋城,시야쿠쇼역,Q842023,matched_station_line,station_name+line:名城線,Wikidata CC0
1,130,44,名城公園,메이조코엔역,Q863874,matched_station_line,station_name+line:名城線,Wikidata CC0
1,130,48,黒川,구로카와역,Q863877,matched_station_line,station_name+line:名城線,Wikidata CC0
1,130,52,志賀本通,시가혼도리역,Q862276,matched_station_line,station_name+line:名城線,Wikidata CC0
1,130,54,平安通,헤이안도리역,Q853241,matched_station_line,station_name+line:名城線,Wikidata CC0
1,130,56,大曽根,오조네역,Q872075,matched_station_line,station_name_only,Wikidata CC0
1,131,30,上小田井,가미오타이역,Q1652826,matched_station_line,station_name+line:鶴舞線,Wikidata CC0
1,131,32,庄内緑地公園,쇼나이료쿠치코엔역,Q862911,matched_station_line,station_name+line:鶴舞線,Wikidata CC0
1,131,36,庄内通,쇼나이도리역,Q863241,matched_station_line,station_name+line:鶴舞線,Wikidata CC0
1,131,40,浄心,조신역,Q862921,matched_station_line,station_name+line:鶴舞線,Wikidata CC0
1,131,42,浅間町,센겐초역,Q863210,matched_station_line,station_name+line:鶴舞線,Wikidata CC0
1,131,44,丸の内,마루노우치역,Q854702,matched_station_line,station_name+line:鶴舞線,Wikidata CC0
1,131,48,伏見,후시미역,Q862368,matched_station_line,station_name+line:鶴舞線,Wikidata CC0
1,131,52,大須観音,오스칸논역,Q862936,matched_station_line,station_name+line:鶴舞線,Wikidata CC0
1,131,54,上前津,가미마에즈역,Q862270,matched_station_line,station_name+line:鶴舞線,Wikidata CC0
1,131,56,鶴舞,쓰루마이역,Q855581,matched_station_line,station_name_only,Wikidata CC0
1,131,60,荒畑,아라하타역,Q862961,matched_station_line,station_name+line:鶴舞線,Wikidata CC0
1,131,62,御器所,고키소역,Q854726,matched_station_line,station_name+line:鶴舞線,Wikidata CC0
1,131,66,川名,가와나역,Q863622,matched_station_line,station_name+line:鶴舞線,Wikidata CC0
1,131,68,いりなか,이리나카역,Q864343,matched_station_line,station_name+line:鶴舞線,Wikidata CC0
1,131,72,八事,야고토역,Q855210,matched_station_line,station_name+line:鶴舞線,Wikidata CC0
1,131,76,塩釜口,시오가마구치역,Q903443,matched_station_line,station_name+line:鶴舞線,Wikidata CC0
1,131,80,植田,우에다역,Q864434,matched_station_line,station_name+line:鶴舞線,Wikidata CC0
1,131,82,原,하라역,Q1652802,matched_station_line,station_name+line:鶴舞線,Wikidata CC0
1,131,84,平針,히라바리역,Q1652890,matched_station_line,station_name+line:鶴舞線,Wikidata CC0
1,131,88,赤池,아카이케역,Q850867,matched_station_line,station_name+line:鶴舞線,Wikidata CC0
1,132,6,西高蔵,니시타카쿠라역,Q903624,matched_station_line,station_name+line:名城線,Wikidata CC0
1,132,8,熱田神宮西,진구니시역,Q903638,matched_station_line,station_name+line:名城線,Wikidata CC0
1,132,12,熱田神宮伝馬町,덴마초역,Q970033,matched_station_line,station_name+line:名城線,Wikidata CC0
1,132,16,堀田,호리타역,Q862374,matched_station_line,station_name+line:名城線,Wikidata CC0
1,132,18,妙音通,묘온도리역,Q861825,matched_station_line,station_name+line:名城線,Wikidata CC0
1,132,20,新瑞橋,아라타마바시역,Q854687,matched_station_line,station_name+line:名城線,Wikidata CC0
1,132,22,瑞穂運動場東,미즈호운도조히가시역,Q861828,matched_station_line,station_name+line:名城線,Wikidata CC0
1,132,26,総合リハビリセンター,소고리하비리센터역,Q841943,matched_station_line,station_name+line:名城線,Wikidata CC0
1,132,32,八事日赤,야고토닛세키역,Q903651,matched_station_line,station_name+line:名城線,Wikidata CC0
1,132,34,名古屋大学,나고야다이가쿠역,Q862340,matched_station_line,station_name+line:名城線,Wikidata CC0
1,132,36,本山,모토야마역,Q855542,matched_station_line,station_name+line:名城線,Wikidata CC0
1,132,38,自由ヶ丘,지유가오카역,Q841857,matched_station_line,station_name+line:名城線,Wikidata CC0
1,132,40,茶屋ヶ坂,자야가사카역,Q862346,matched_station_line,station_name+line:名城線,Wikidata CC0
1,132,42,砂田橋,스나다바시역,Q903675,matched_station_line,station_name+line:名城線,Wikidata CC0
1,132,44,ナゴヤドーム前矢田,나고야돔마에야다역,Q903437,matched_station_line,station_name+line:名城線,Wikidata CC0
1,133,50,上飯田,가미이다역,Q6357803,matched_station_line,station_name+line:上飯田線,Wikidata CC0
1,134,50,太閤通,나카무라쿠야쿠쇼역,Q850809,matched_station_line,station_name+line:桜通線,Wikidata CC0
1,134,56,国際センター,고쿠사이센터역,Q859016,matched_station_line,station_name+line:桜通線,Wikidata CC0
1,134,64,高岳,다카오카역,Q854707,matched_station_line,station_name+line:桜通線,Wikidata CC0
1,134,68,車道,구루마미치역,Q858916,matched_station_line,station_name+line:桜通線,Wikidata CC0
1,134,70,今池,이마이케역,Q852173,matched_station_line,station_name+line:桜通線,Wikidata CC0
1,134,72,吹上,후키아게역,Q858820,matched_station_line,station_name+line:桜通線,Wikidata CC0
1,134,74,御器所,고키소역,Q854726,matched_station_line,station_name+line:桜通線,Wikidata CC0
1,134,78,桜山,사쿠라야마역,Q854684,matched_station_line,station_name+line:桜通線,Wikidata CC0
1,134,80,瑞穂区役所,미즈호쿠야쿠쇼역,Q859156,matched_station_line,station_name+line:桜通線,Wikidata CC0
1,134,82,瑞穂運動場西,미즈호운도조니시역,Q858909,matched_station_line,station_name+line:桜通線,Wikidata CC0
1,134,84,新瑞橋,아라타마바시역,Q854687,matched_station_line,station_name+line:桜通線,Wikidata CC0
1,134,86,桜本町,사쿠라혼마치역,Q858929,matched_station_line,station_name+line:桜通線,Wikidata CC0
1,134,88,鶴里,쓰루사토역,Q859214,matched_station_line,station_name+line:桜通線,Wikidata CC0
1,134,90,野並,노나미역,Q851084,matched_station_line,station_name+line:桜通線,Wikidata CC0
1,134,92,鳴子北,나루코키타역,Q866649,matched_station_line,station_name+line:桜通線,Wikidata CC0
1,134,94,相生山,아이오이야마역,Q866681,matched_station_line,station_name+line:桜通線,Wikidata CC0
1,134,98,神沢,가미사와역,Q866647,matched_station_line,station_name+line:桜通線,Wikidata CC0
1,134,100,徳重,도쿠시게역,Q866130,matched_station_line,station_name+line:桜通線,Wikidata CC0
1,140,1,名古屋,나고야역,Q49381,matched_station_line,station_name_only,Wikidata CC0
1,140,4,ささしまライブ,사사시마라이브역,Q11267889,matched_station_line,station_name_only,Wikidata CC0
1,140,10,小本,고모토역,Q10959083,matched_station_line,station_name_only,Wikidata CC0
1,140,13,荒子,아라코역,Q11618430,matched_station_line,station_name_only,Wikidata CC0
1,140,16,南荒子,미나미아라코역,Q10908910,matched_station_line,station_name_only,Wikidata CC0
1,140,22,港北,고호쿠역,Q10917750,matched_station_line,station_name_only,Wikidata CC0
1,140,25,荒子川公園,아라코가와코엔역,Q11618428,matched_station_line,station_name_only,Wikidata CC0
1,140,28,稲永,이나에이역,Q11596695,matched_station_line,station_name_only,Wikidata CC0
1,140,31,野跡,노세키역,Q11646133,matched_station_line,station_name_only,Wikidata CC0
1,140,34,金城ふ頭,긴조후토역,Q5368904,matched_station_line,station_name_only,Wikidata CC0
1,143,1,藤が丘,후지가오카역,Q850679,matched_station_line,station_name+line:東部丘陵線,Wikidata CC0
1,143,4,はなみずき通,하나미즈키도리역,Q861759,matched_station_line,station_name+line:東部丘陵線,Wikidata CC0
1,143,10,長久手古戦場,나가쿠테코센조역,Q861753,matched_station_line,station_name+line:東部丘陵線,Wikidata CC0
1,143,13,芸大通,게이다이도리역,Q861781,matched_station_line,station_name+line:東部丘陵線,Wikidata CC0
1,143,16,公園西,고엔니시역,Q861766,matched_station_line,station_name+line:東部丘陵線,Wikidata CC0
1,143,19,愛・地球博記念公園,아이치큐하쿠키넨코엔역,Q861802,matched_station_line,station_name+line:東部丘陵線,Wikidata CC0
1,143,22,陶磁資料館南,도지시료칸미나미역,Q861773,matched_station_line,station_name+line:東部丘陵線,Wikidata CC0
1,143,25,八草,야쿠사역,Q8047246,matched_station_line,station_name+line:東部丘陵線,Wikidata CC0
1,152,19,上市,가미이치역,Q6357793,matched_station_line,station_name+line:富山地方鉄道本線,Wikidata CC0
1,152,66,舌山,시타야마역,Q7499147,matched_station_line,station_name+line:富山地方鉄道本線,Wikidata CC0
1,152,67,若栗,와카구리역,Q7960765,matched_station_line,station_name+line:富山地方鉄道本線,Wikidata CC0
1,152,68,栃屋,도치야역,Q7812010,matched_station_line,station_name+line:富山地方鉄道本線,Wikidata CC0
1,152,69,浦山,우라야마역,Q7899809,matched_station_line,station_name+line:富山地方鉄道本線,Wikidata CC0
1,152,70,下立口,오리타테구치역,Q7102875,matched_station_line,station_name+line:富山地方鉄道本線,Wikidata CC0
1,152,71,下立,오리타테역,Q7102873,matched_station_line,station_name+line:富山地方鉄道本線,Wikidata CC0
1,152,72,愛本,아이모토역,Q4697186,matched_station_line,station_name+line:富山地方鉄道本線,Wikidata CC0
1,152,73,内山,우치야마역,Q7876748,matched_station_line,station_name+line:富山地方鉄道本線,Wikidata CC0
1,152,74,音沢,오토자와역,Q7109028,matched_station_line,station_name+line:富山地方鉄道本線,Wikidata CC0
1,152,75,宇奈月温泉,우나즈키온센역,Q7882349,matched_station_line,station_name+line:富山地方鉄道本線,Wikidata CC0
1,153,137,立山,다테야마역,Q7688024,matched_station_line,station_name+line:立山黒部貫光立山ケーブルカー,Wikidata CC0
1,165,50,豊橋,도요하시역,Q771465,matched_station_line,station_name+line:名鉄名古屋本線,Wikidata CC0
1,165,52,伊奈,이나역,Q6013231,matched_station_line,station_name+line:名鉄名古屋本線,Wikidata CC0
1,165,54,小田渕,오다부치역,Q7077218,matched_station_line,station_name+line:名鉄名古屋本線,Wikidata CC0
1,165,56,国府,고역,Q1067597,matched_station_line,station_name+line:名鉄名古屋本線,Wikidata CC0
1,165,58,御油,고유역,Q5590215,matched_station_line,station_name+line:名鉄名古屋本線,Wikidata CC0
1,165,60,名電赤坂,메이덴아카사카역,Q6809963,matched_station_line,station_name+line:名鉄名古屋本線,Wikidata CC0
1,165,62,名電長沢,메이덴나가사와역,Q6809965,matched_station_line,station_name+line:名鉄名古屋本線,Wikidata CC0
1,165,64,本宿,모토주쿠역,Q6918020,matched_station_line,station_name+line:名鉄名古屋本線,Wikidata CC0
1,165,66,名電山中,메이덴야마나카역,Q11415824,matched_station_line,station_name+line:名鉄名古屋本線,Wikidata CC0
1,165,68,藤川,후지카와역,Q5507423,matched_station_line,station_name+line:名鉄名古屋本線,Wikidata CC0
1,165,70,美合,미아이역,Q11608813,matched_station_line,station_name+line:名鉄名古屋本線,Wikidata CC0
1,165,72,男川,오토가와역,Q7108930,matched_station_line,station_name+line:名鉄名古屋本線,Wikidata CC0
1,165,74,東岡崎,히가시오카자키역,Q5753801,matched_station_line,station_name+line:名鉄名古屋本線,Wikidata CC0
1,165,76,岡崎公園前,오카자키코엔마에역,Q7081877,matched_station_line,station_name+line:名鉄名古屋本線,Wikidata CC0
1,165,78,矢作橋,야하기바시역,Q8046791,matched_station_line,station_name+line:名鉄名古屋本線,Wikidata CC0
1,165,80,宇頭,우토역,Q7903518,matched_station_line,station_name+line:名鉄名古屋本線,Wikidata CC0
1,165,82,新安城,신안조역,Q7497079,matched_station_line,station_name+line:名鉄名古屋本線,Wikidata CC0
1,165,84,牛田,우시다역,Q7901939,matched_station_line,station_name+line:名鉄名古屋本線,Wikidata CC0
1,165,86,知立,지류역,Q5102035,matched_station_line,station_name+line:名鉄名古屋本線,Wikidata CC0
1,165,88,一ツ木,히토쓰기역,Q5872400,matched_station_line,station_name+line:名鉄名古屋本線,Wikidata CC0
1,165,90,富士松,후지마쓰역,Q5507435,matched_station_line,station_name+line:名鉄名古屋本線,Wikidata CC0
1,165,92,豊明,도요아케역,Q7830639,matched_station_line,station_name+line:名鉄名古屋本線,Wikidata CC0
1,165,94,前後,젠고역,Q8069079,matched_station_line,station_name+line:名鉄名古屋本線,Wikidata CC0
1,165,96,中京競馬場前,주쿄케이바조마에역,Q5119023,matched_station_line,station_name+line:名鉄名古屋本線,Wikidata CC0
1,165,98,有松,아리마쓰역,Q4790691,matched_station_line,station_name+line:名鉄名古屋本線,Wikidata CC0
1,165,100,左京山,사쿄야마역,Q7403238,matched_station_line,station_name+line:名鉄名古屋本線,Wikidata CC0
1,165,102,鳴海,나루미역,Q6966454,matched_station_line,station_name+line:名鉄名古屋本線,Wikidata CC0
1,165,104,本星崎,모토호시자키역,Q6917933,matched_station_line,station_name+line:名鉄名古屋本線,Wikidata CC0
1,165,106,本笠寺,모토카사데라역,Q6917937,matched_station_line,station_name+line:名鉄名古屋本線,Wikidata CC0
1,165,108,桜,사쿠라역,Q7403174,matched_station_line,station_name+line:名鉄名古屋本線,Wikidata CC0
1,165,110,呼続,요비쓰기역,Q8054232,matched_station_line,station_name+line:名鉄名古屋本線,Wikidata CC0
1,165,112,堀田,호리타역,Q5903317,matched_station_line,station_name+line:名鉄名古屋本線,Wikidata CC0
1,165,114,神宮前,진구마에역,Q6202481,matched_station_line,station_name+line:名鉄名古屋本線,Wikidata CC0
1,165,118,山王,산노역,Q7418867,matched_station_line,station_name+line:名鉄名古屋本線,Wikidata CC0
1,165,120,名鉄名古屋,메이테쓰나고야역,Q911757,matched_station_line,station_name+line:名鉄名古屋本線,Wikidata CC0
1,165,122,栄生,사코역,Q7403246,matched_station_line,station_name+line:名鉄名古屋本線,Wikidata CC0
1,165,124,東枇杷島,히가시비와지마역,Q11527364,matched_station_line,station_name+line:名鉄名古屋本線,Wikidata CC0
1,165,128,西枇杷島,니시비와지마역,Q7040314,matched_station_line,station_name+line:名鉄名古屋本線,Wikidata CC0
1,165,130,二ツ杁,후타쓰이리역,Q5510492,matched_station_line,station_name+line:名鉄名古屋本線,Wikidata CC0
1,165,132,新川橋,신카와바시역,Q7497646,matched_station_line,station_name+line:名鉄名古屋本線,Wikidata CC0
1,165,136,丸ノ内,마루노우치역,Q6777977,matched_station_line,station_name+line:名鉄名古屋本線,Wikidata CC0
1,165,138,新清洲,신키요스역,Q7497109,matched_station_line,station_name+line:名鉄名古屋本線,Wikidata CC0
1,165,140,大里,오사토역,Q8081690,matched_station_line,station_name+line:名鉄名古屋本線,Wikidata CC0
1,165,142,奥田,오쿠다역,Q7082718,matched_station_line,station_name+line:名鉄名古屋本線,Wikidata CC0
1,165,144,国府宮,고노미야역,Q580707,matched_station_line,station_name+line:名鉄名古屋本線,Wikidata CC0
1,165,146,島氏永,시마우지나가역,Q7496798,matched_station_line,station_name+line:名鉄名古屋本線,Wikidata CC0
1,165,148,妙興寺,묘코지역,Q6949401,matched_station_line,station_name+line:名鉄名古屋本線,Wikidata CC0
1,165,150,名鉄一宮,메이테쓰이치노미야역,Q2856589,matched_station_line,station_name+line:名鉄名古屋本線,Wikidata CC0
1,165,152,今伊勢,이마이세역,Q6002985,matched_station_line,station_name+line:名鉄名古屋本線,Wikidata CC0
1,165,154,石刀,이와토역,Q11585186,matched_station_line,station_name+line:名鉄名古屋本線,Wikidata CC0
1,165,156,新木曽川,신키소가와역,Q7497108,matched_station_line,station_name+line:名鉄名古屋本線,Wikidata CC0
1,165,158,黒田,구로다역,Q6446282,matched_station_line,station_name+line:名鉄名古屋本線,Wikidata CC0
1,165,160,木曽川堤,기소가와즈쓰미역,Q6416840,matched_station_line,station_name+line:名鉄名古屋本線,Wikidata CC0
1,165,164,笠松,가사마쓰역,Q6373995,matched_station_line,station_name+line:名鉄名古屋本線,Wikidata CC0
1,165,166,岐南,기난역,Q5562956,matched_station_line,station_name+line:名鉄名古屋本線,Wikidata CC0
1,165,168,茶所,자조역,Q5068168,matched_station_line,station_name+line:名鉄名古屋本線,Wikidata CC0
1,165,170,加納,가노역,Q6365985,matched_station_line,station_name+line:名鉄名古屋本線,Wikidata CC0
1,165,172,名鉄岐阜,메이테쓰기후역,Q1109902,matched_station_line,station_name+line:名鉄名古屋本線,Wikidata CC0
1,166,8,国府,고역,Q1067597,matched_station_line,station_name+line:名鉄豊川線,Wikidata CC0
1,166,16,諏訪町,스와초역,Q7650548,matched_station_line,station_name+line:名鉄豊川線,Wikidata CC0
1,166,18,稲荷口,이나리구치역,Q8190406,matched_station_line,station_name+line:名鉄豊川線,Wikidata CC0
1,166,20,豊川稲荷,도요카와이나리역,Q7830673,matched_station_line,station_name+line:名鉄豊川線,Wikidata CC0
1,167,8,新安城,신안조역,Q7497079,matched_station_line,station_name+line:名鉄西尾線,Wikidata CC0
1,167,10,北安城,기타안조역,Q6417513,matched_station_line,station_name+line:名鉄西尾線,Wikidata CC0
1,167,12,南安城,미나미안조역,Q6862850,matched_station_line,station_name+line:名鉄西尾線,Wikidata CC0
1,167,14,碧海古井,헤키카이후루이역,Q5701307,matched_station_line,station_name+line:名鉄西尾線,Wikidata CC0
1,167,16,堀内公園,호리우치코엔역,Q5903325,matched_station_line,station_name+line:名鉄西尾線,Wikidata CC0
1,167,18,桜井,사쿠라이역,Q7403205,matched_station_line,station_name+line:名鉄西尾線,Wikidata CC0
1,167,19,南桜井,미나미사쿠라이역,Q6862963,matched_station_line,station_name+line:名鉄西尾線,Wikidata CC0
1,167,20,米津,요네즈역,Q8054947,matched_station_line,station_name+line:名鉄西尾線,Wikidata CC0
1,167,22,桜町前,사쿠라마치마에역,Q7403215,matched_station_line,station_name+line:名鉄西尾線,Wikidata CC0
1,167,24,西尾口,니시오구치역,Q7040701,matched_station_line,station_name+line:名鉄西尾線,Wikidata CC0
1,167,26,西尾,니시오역,Q7040685,matched_station_line,station_name+line:名鉄西尾線,Wikidata CC0
1,167,28,福地,후쿠치역,Q5507617,matched_station_line,station_name+line:名鉄西尾線,Wikidata CC0
1,167,32,上横須賀,가미요코스카역,Q6357214,matched_station_line,station_name+line:名鉄西尾線,Wikidata CC0
1,167,36,吉良吉田,기라요시다역,Q6414740,matched_station_line,station_name+line:名鉄西尾線,Wikidata CC0
1,167,38,三河鳥羽,미카와토바역,Q6845738,matched_station_line,station_name+line:名鉄蒲郡線,Wikidata CC0
1,167,40,西幡豆,니시하즈역,Q7040346,matched_station_line,station_name+line:名鉄蒲郡線,Wikidata CC0
1,167,42,東幡豆,히가시하즈역,Q11526825,matched_station_line,station_name+line:名鉄蒲郡線,Wikidata CC0
1,167,44,こどもの国,고도모노쿠니역,Q6425420,matched_station_line,station_name+line:名鉄蒲郡線,Wikidata CC0
1,167,46,西浦,니시우라역,Q7040753,matched_station_line,station_name+line:名鉄蒲郡線,Wikidata CC0
1,167,48,形原,가타하라역,Q6375002,matched_station_line,station_name+line:名鉄蒲郡線,Wikidata CC0
1,167,50,三河鹿島,미카와카시마역,Q6845736,matched_station_line,station_name+line:名鉄蒲郡線,Wikidata CC0
1,167,52,蒲郡競艇場前,가마고리쿄테이조마에역,Q5519548,matched_station_line,station_name+line:名鉄蒲郡線,Wikidata CC0
1,167,54,蒲郡,가마고리역,Q871962,matched_station_line,station_name+line:名鉄蒲郡線,Wikidata CC0
1,168,8,知立,지류역,Q5102035,matched_station_line,station_name+line:名鉄三河線,Wikidata CC0
1,168,10,重原,시게하라역,Q7496319,matched_station_line,station_name+line:名鉄三河線,Wikidata CC0
1,168,12,刈谷,가리야역,Q871055,matched_station_line,station_name+line:名鉄三河線,Wikidata CC0
1,168,14,刈谷市,가리야시역,Q6371135,matched_station_line,station_name+line:名鉄三河線,Wikidata CC0
1,168,16,小垣江,오가키에역,Q7079799,matched_station_line,station_name+line:名鉄三河線,Wikidata CC0
1,168,18,吉浜,요시하마역,Q8056025,matched_station_line,station_name+line:名鉄三河線,Wikidata CC0
1,168,20,三河高浜,미카와타카하마역,Q6845751,matched_station_line,station_name+line:名鉄三河線,Wikidata CC0
1,168,22,高浜港,다카하마미나토역,Q7677018,matched_station_line,station_name+line:名鉄三河線,Wikidata CC0
1,168,24,北新川,기타신카와역,Q11401800,matched_station_line,station_name+line:名鉄三河線,Wikidata CC0
1,168,26,新川町,신카와마치역,Q7497647,matched_station_line,station_name+line:名鉄三河線,Wikidata CC0
1,168,28,碧南中央,헤키난추오역,Q5701316,matched_station_line,station_name+line:名鉄三河線,Wikidata CC0
1,168,30,碧南,헤키난역,Q11587780,matched_station_line,station_name+line:名鉄三河線,Wikidata CC0
1,169,8,知立,지류역,Q5102035,matched_station_line,station_name+line:名鉄三河線,Wikidata CC0
1,169,10,三河知立,미카와치류역,Q6845742,matched_station_line,station_name+line:名鉄三河線,Wikidata CC0
1,169,12,三河八橋,미카와야쓰하시역,Q6845752,matched_station_line,station_name+line:名鉄三河線,Wikidata CC0
1,169,14,若林,와카바야시역,Q7960747,matched_station_line,station_name+line:名鉄三河線,Wikidata CC0
1,169,16,竹村,다케무라역,Q7678017,matched_station_line,station_name+line:名鉄三河線,Wikidata CC0
1,169,18,土橋,쓰치하시역,Q7849918,matched_station_line,station_name+line:名鉄三河線,Wikidata CC0
1,169,20,上挙母,우와고로모역,Q7903775,matched_station_line,station_name+line:名鉄三河線,Wikidata CC0
1,169,22,豊田市,도요타시역,Q2856671,matched_station_line,station_name+line:名鉄三河線,Wikidata CC0
1,169,24,梅坪,우메쓰보역,Q7881513,matched_station_line,station_name+line:名鉄三河線,Wikidata CC0
1,169,26,越戸,고시도역,Q6433112,matched_station_line,station_name+line:名鉄三河線,Wikidata CC0
1,169,28,平戸橋,히라토바시역,Q2856594,matched_station_line,station_name+line:名鉄三河線,Wikidata CC0
1,169,30,猿投,사나게역,Q7415465,matched_station_line,station_name+line:名鉄三河線,Wikidata CC0
1,171,8,梅坪,우메쓰보역,Q7881513,matched_station_line,station_name+line:名鉄豊田線,Wikidata CC0
1,171,10,上豊田,가미토요타역,Q11360132,matched_station_line,station_name+line:名鉄豊田線,Wikidata CC0
1,171,12,浄水,조스이역,Q6322259,matched_station_line,station_name+line:名鉄豊田線,Wikidata CC0
1,171,14,三好ケ丘,미요시가오카역,Q6884531,matched_station_line,station_name+line:名鉄豊田線,Wikidata CC0
1,171,16,黒笹,구로자사역,Q6446455,matched_station_line,station_name+line:名鉄豊田線,Wikidata CC0
1,171,18,米野木,고메노키역,Q6428300,matched_station_line,station_name+line:名鉄豊田線,Wikidata CC0
1,171,20,日進,닛신역,Q11086876,matched_station_line,station_name+line:名鉄豊田線,Wikidata CC0
1,171,22,赤池,아카이케역,Q850867,matched_station_line,station_name+line:名鉄豊田線,Wikidata CC0
1,172,8,神宮前,진구마에역,Q6202481,matched_station_line,station_name+line:名鉄常滑線,Wikidata CC0
1,172,10,豊田本町,도요다혼마치역,Q7830646,matched_station_line,station_name+line:名鉄常滑線,Wikidata CC0
1,172,12,道徳,도토쿠역,Q5321266,matched_station_line,station_name+line:名鉄常滑線,Wikidata CC0
1,172,14,大江,오에역,Q8081447,matched_station_line,station_name+line:名鉄常滑線,Wikidata CC0
1,172,16,大同町,다이도초역,Q5209087,matched_station_line,station_name+line:名鉄常滑線,Wikidata CC0
1,172,18,柴田,시바타역,Q7496028,matched_station_line,station_name+line:名鉄常滑線,Wikidata CC0
1,172,20,名和,나와역,Q6982742,matched_station_line,station_name+line:名鉄常滑線,Wikidata CC0
1,172,22,聚楽園,슈라쿠엔역,Q11611175,matched_station_line,station_name+line:名鉄常滑線,Wikidata CC0
1,172,24,新日鉄前,신닛테쓰마에역,Q7497686,matched_station_line,station_name+line:名鉄常滑線,Wikidata CC0
1,172,26,太田川,오타가와역,Q8081740,matched_station_line,station_name+line:名鉄常滑線,Wikidata CC0
1,172,28,尾張横須賀,오와리요코스카역,Q7114286,matched_station_line,station_name+line:名鉄常滑線,Wikidata CC0
1,172,30,寺本,데라모토역,Q7701565,matched_station_line,station_name+line:名鉄常滑線,Wikidata CC0
1,172,32,朝倉,아사쿠라역,Q4803442,matched_station_line,station_name+line:名鉄常滑線,Wikidata CC0
1,172,34,古見,고미역,Q6428319,matched_station_line,station_name+line:名鉄常滑線,Wikidata CC0
1,172,36,長浦,나가우라역,Q6958699,matched_station_line,station_name+line:名鉄常滑線,Wikidata CC0
1,172,38,日長,히나가역,Q11510702,matched_station_line,station_name+line:名鉄常滑線,Wikidata CC0
1,172,40,新舞子,신마이코역,Q7497116,matched_station_line,station_name+line:名鉄常滑線,Wikidata CC0
1,172,42,大野町,오노마치역,Q8081670,matched_station_line,station_name+line:名鉄常滑線,Wikidata CC0
1,172,44,西ノ口,니시노쿠치역,Q7040667,matched_station_line,station_name+line:名鉄常滑線,Wikidata CC0
1,172,46,蒲池,가바이케역,Q6343774,matched_station_line,station_name+line:名鉄常滑線,Wikidata CC0
1,172,48,榎戸,에노키도역,Q5379373,matched_station_line,station_name+line:名鉄常滑線,Wikidata CC0
1,172,50,多屋,다야역,Q7689741,matched_station_line,station_name+line:名鉄常滑線,Wikidata CC0
1,172,52,常滑,도코나메역,Q7813672,matched_station_line,station_name+line:名鉄常滑線,Wikidata CC0
1,172,54,りんくう常滑,린쿠토코나메역,Q7335070,matched_station_line,station_name+line:名鉄空港線,Wikidata CC0
1,172,56,中部国際空港,주부코쿠사이쿠코 역,Q5061298,matched_station_line,station_name+line:名鉄空港線,Wikidata CC0
1,173,8,大江,오에역,Q8081447,matched_station_line,station_name+line:名鉄築港線,Wikidata CC0
1,173,10,東名古屋港,히가시나고야코역,Q5753743,matched_station_line,station_name+line:名鉄築港線,Wikidata CC0
1,174,8,太田川,오타가와역,Q8081740,matched_station_line,station_name+line:名鉄河和線,Wikidata CC0
1,174,10,高横須賀,다카요코스카역,Q7677482,matched_station_line,station_name+line:名鉄河和線,Wikidata CC0
1,174,11,加木屋中ノ池,가기야나카노이케역,Q115794412,matched_station_line,station_name+line:名鉄河和線,Wikidata CC0
1,174,12,南加木屋,미나미카기야역,Q6862921,matched_station_line,station_name+line:名鉄河和線,Wikidata CC0
1,174,14,八幡新田,야와타신덴역,Q8050456,matched_station_line,station_name+line:名鉄河和線,Wikidata CC0
1,174,18,白沢,시라사와역,Q11579941,matched_station_line,station_name+line:名鉄河和線,Wikidata CC0
1,174,20,坂部,사카베역,Q7402735,matched_station_line,station_name+line:名鉄河和線,Wikidata CC0
1,174,21,阿久比,아구이역,Q4694540,matched_station_line,station_name+line:名鉄河和線,Wikidata CC0
1,174,24,植大,우에다이역,Q7877424,matched_station_line,station_name+line:名鉄河和線,Wikidata CC0
1,174,26,半田口,한다구치역,Q5647228,matched_station_line,station_name+line:名鉄河和線,Wikidata CC0
1,174,28,住吉町,스미요시초역,Q7637172,matched_station_line,station_name+line:名鉄河和線,Wikidata CC0
1,174,30,知多半田,지타한다역,Q5102187,matched_station_line,station_name+line:名鉄河和線,Wikidata CC0
1,174,32,成岩,나라와역,Q6965456,matched_station_line,station_name+line:名鉄河和線,Wikidata CC0
1,174,34,青山,아오야마역,Q4778833,matched_station_line,station_name+line:名鉄河和線,Wikidata CC0
1,174,36,上ゲ,아게역,Q4691851,matched_station_line,station_name+line:名鉄河和線,Wikidata CC0
1,174,38,知多武豊,아게 역,Q5102189,matched_station_line,station_name+line:名鉄河和線,Wikidata CC0
1,174,40,富貴,후키역,Q5507599,matched_station_line,station_name+line:名鉄河和線,Wikidata CC0
1,174,44,河和口,고와구치역,Q6455325,matched_station_line,station_name+line:名鉄河和線,Wikidata CC0
1,174,46,河和,고와역,Q6455324,matched_station_line,station_name+line:名鉄河和線,Wikidata CC0
1,175,8,富貴,후키역,Q5507599,matched_station_line,station_name+line:名鉄知多新線,Wikidata CC0
1,175,10,上野間,가미노마역,Q6358203,matched_station_line,station_name+line:名鉄知多新線,Wikidata CC0
1,175,11,美浜緑苑,미하마료쿠엔역,Q6845244,matched_station_line,station_name+line:名鉄知多新線,Wikidata CC0
1,175,12,知多奥田,지타오쿠다역,Q5102188,matched_station_line,station_name+line:名鉄知多新線,Wikidata CC0
1,175,14,野間,노마역,Q7048373,matched_station_line,station_name+line:名鉄知多新線,Wikidata CC0
1,175,18,内海,우쓰미역,Q7903276,matched_station_line,station_name+line:名鉄知多新線,Wikidata CC0
1,176,10,甚目寺,지모쿠지역,Q6201690,matched_station_line,station_name+line:名鉄津島線,Wikidata CC0
1,176,12,七宝,싯포역,Q7498093,matched_station_line,station_name+line:名鉄津島線,Wikidata CC0
1,176,14,木田,기다역,Q6404569,matched_station_line,station_name+line:名鉄津島線,Wikidata CC0
1,176,16,青塚,아오쓰카역,Q4778809,matched_station_line,station_name+line:名鉄津島線,Wikidata CC0
1,176,18,勝幡,쇼바타역,Q7499776,matched_station_line,station_name+line:名鉄津島線,Wikidata CC0
1,176,20,藤浪,후지나미역,Q5507450,matched_station_line,station_name+line:名鉄津島線,Wikidata CC0
1,176,22,津島,쓰시마역,Q7850314,matched_station_line,station_name+line:名鉄津島線,Wikidata CC0
1,177,8,名鉄一宮,메이테쓰이치노미야역,Q2856589,matched_station_line,station_name+line:名鉄尾西線,Wikidata CC0
1,177,10,観音寺,간논지역,Q6364097,matched_station_line,station_name+line:名鉄尾西線,Wikidata CC0
1,177,12,苅安賀,가리야스카역,Q6371137,matched_station_line,station_name+line:名鉄尾西線,Wikidata CC0
1,177,14,二子,후타고역,Q5510450,matched_station_line,station_name+line:名鉄尾西線,Wikidata CC0
1,177,16,萩原,하기와라역,Q5638751,matched_station_line,station_name+line:名鉄尾西線,Wikidata CC0
1,177,18,玉野,다마노역,Q7680698,matched_station_line,station_name+line:名鉄尾西線,Wikidata CC0
1,177,20,山崎,야마자키역,Q8048011,matched_station_line,station_name+line:名鉄尾西線,Wikidata CC0
1,177,22,森上,모리카미역,Q6912218,matched_station_line,station_name+line:名鉄尾西線,Wikidata CC0
1,177,24,上丸渕,가미마루부치역,Q6357169,matched_station_line,station_name+line:名鉄尾西線,Wikidata CC0
1,177,26,丸渕,마루부치역,Q6777891,matched_station_line,station_name+line:名鉄尾西線,Wikidata CC0
1,177,28,渕高,후치다카역,Q5506923,matched_station_line,station_name+line:名鉄尾西線,Wikidata CC0
1,177,30,六輪,로쿠와역,Q7360114,matched_station_line,station_name+line:名鉄尾西線,Wikidata CC0
1,177,32,町方,마치카타역,Q11578241,matched_station_line,station_name+line:名鉄尾西線,Wikidata CC0
1,177,34,津島,쓰시마역,Q7850314,matched_station_line,station_name+line:名鉄尾西線,Wikidata CC0
1,177,36,日比野,히비노역,Q11509611,matched_station_line,station_name+line:名鉄尾西線,Wikidata CC0
1,177,38,佐屋,사야역,Q7429079,matched_station_line,station_name+line:名鉄尾西線,Wikidata CC0
1,177,40,五ノ三,고노산역,Q5582090,matched_station_line,station_name+line:名鉄尾西線,Wikidata CC0
1,177,44,弥富,야토미역,Q5359289,matched_station_line,station_name+line:名鉄尾西線,Wikidata CC0
1,178,8,名鉄一宮,메이테쓰이치노미야역,Q2856589,matched_station_line,station_name+line:名鉄尾西線,Wikidata CC0
1,178,10,西一宮,니시이치노미야역,Q7040349,matched_station_line,station_name+line:名鉄尾西線,Wikidata CC0
1,178,12,開明,가이메이역,Q6348020,matched_station_line,station_name+line:名鉄尾西線,Wikidata CC0
1,178,14,奥町,오쿠초역,Q7082715,matched_station_line,station_name+line:名鉄尾西線,Wikidata CC0
1,178,16,玉ノ井,다마노이역,Q7680699,matched_station_line,station_name+line:名鉄尾西線,Wikidata CC0
1,179,8,笠松,가사마쓰역,Q6373995,matched_station_line,station_name+line:名鉄竹鼻線,Wikidata CC0
1,179,10,西笠松,니시카사마쓰역,Q7040360,matched_station_line,station_name+line:名鉄竹鼻線,Wikidata CC0
1,179,12,柳津,야나이즈역,Q8048245,matched_station_line,station_name+line:名鉄竹鼻線,Wikidata CC0
1,179,14,南宿,미나미주쿠역,Q11407722,matched_station_line,station_name+line:名鉄竹鼻線,Wikidata CC0
1,179,16,須賀,스카역,Q7635706,matched_station_line,station_name+line:名鉄竹鼻線,Wikidata CC0
1,179,18,不破一色,후와이시키역,Q5510941,matched_station_line,station_name+line:名鉄竹鼻線,Wikidata CC0
1,179,20,竹鼻,다케하나역,Q7677971,matched_station_line,station_name+line:名鉄竹鼻線,Wikidata CC0
1,179,22,羽島市役所前,하시마시야쿠쇼마에역,Q5679033,matched_station_line,station_name+line:名鉄竹鼻線,Wikidata CC0
1,179,23,江吉良,에기라역,Q5348038,matched_station_line,station_name+line:名鉄竹鼻線,Wikidata CC0
1,180,8,江吉良,에기라역,Q5348038,matched_station_line,station_name+line:名鉄羽島線,Wikidata CC0
1,180,10,新羽島,신하시마역,Q7497090,matched_station_line,station_name+line:名鉄羽島線,Wikidata CC0
1,181,10,下小田井,시모오타이역,Q7496930,matched_station_line,station_name+line:名鉄犬山線,Wikidata CC0
1,181,12,中小田井,나카오타이역,Q11363923,matched_station_line,station_name+line:名鉄犬山線,Wikidata CC0
1,181,14,上小田井,가미오타이역,Q1652826,matched_station_line,station_name+line:名鉄犬山線,Wikidata CC0
1,181,16,西春,니시하루역,Q11628445,matched_station_line,station_name+line:名鉄犬山線,Wikidata CC0
1,181,18,徳重・名古屋芸大,도쿠시게 · 나고야게이다이역,Q7813759,matched_station_line,station_name+line:名鉄犬山線,Wikidata CC0
1,181,20,大山寺,다이산지역,Q7676396,matched_station_line,station_name+line:名鉄犬山線,Wikidata CC0
1,181,22,岩倉,이와쿠라역,Q11474183,matched_station_line,station_name+line:名鉄犬山線,Wikidata CC0
1,181,24,石仏,이시보토케역,Q6080140,matched_station_line,station_name+line:名鉄犬山線,Wikidata CC0
1,181,26,布袋,호테이역,Q5911122,matched_station_line,station_name+line:名鉄犬山線,Wikidata CC0
1,181,28,江南,고난역,Q201473,matched_station_line,station_name+line:名鉄犬山線,Wikidata CC0
1,181,30,柏森,가시와모리역,Q6374362,matched_station_line,station_name+line:名鉄犬山線,Wikidata CC0
1,181,32,扶桑,후소역,Q5510430,matched_station_line,station_name+line:名鉄犬山線,Wikidata CC0
1,181,34,木津用水,고쓰요스이역,Q6434256,matched_station_line,station_name+line:名鉄犬山線,Wikidata CC0
1,181,36,犬山口,이누야마구치역,Q6059399,matched_station_line,station_name+line:名鉄犬山線,Wikidata CC0
1,181,38,犬山,이누야마역,Q6059394,matched_station_line,station_name+line:名鉄犬山線,Wikidata CC0
1,181,40,犬山遊園,이누야마유엔역,Q6059388,matched_station_line,station_name+line:名鉄犬山線,Wikidata CC0
1,182,8,犬山,이누야마역,Q6059394,matched_station_line,station_name+line:名鉄広見線,Wikidata CC0
1,182,10,富岡前,도미오카마에역,Q7818923,matched_station_line,station_name+line:名鉄広見線,Wikidata CC0
1,182,12,善師野,젠지노역,Q11418926,matched_station_line,station_name+line:名鉄広見線,Wikidata CC0
1,182,14,西可児,니시카니역,Q7040484,matched_station_line,station_name+line:名鉄広見線,Wikidata CC0
1,182,16,可児川,가니가와역,Q6363158,matched_station_line,station_name+line:名鉄広見線,Wikidata CC0
1,182,18,日本ライン今渡,니혼라인이마와타리역,Q11507013,matched_station_line,station_name+line:名鉄広見線,Wikidata CC0
1,182,20,新可児,신카니역,Q7497102,matched_station_line,station_name+line:名鉄広見線,Wikidata CC0
1,182,22,学校前,갓코마에역,Q11448249,matched_station_line,station_name_only,Wikidata CC0
1,182,24,明智,아케치역,Q4700569,matched_station_line,station_name+line:名鉄広見線,Wikidata CC0
1,182,26,顔戸,고도역,Q5627752,matched_station_line,station_name+line:名鉄広見線,Wikidata CC0
1,182,28,御嵩口,미타케구치역,Q6880747,matched_station_line,station_name+line:名鉄広見線,Wikidata CC0
1,182,30,御嵩,미타케역,Q11488956,matched_station_line,station_name+line:名鉄広見線,Wikidata CC0
1,184,8,犬山,이누야마역,Q6059394,matched_station_line,station_name+line:名鉄小牧線,Wikidata CC0
1,184,10,羽黒,하구로역,Q5638844,matched_station_line,station_name+line:名鉄小牧線,Wikidata CC0
1,184,12,楽田,가쿠덴역,Q5517700,matched_station_line,station_name+line:名鉄小牧線,Wikidata CC0
1,184,14,田県神社前,다가타진자마에역,Q7468612,matched_station_line,station_name+line:名鉄小牧線,Wikidata CC0
1,184,16,味岡,아지오카역,Q4699757,matched_station_line,station_name+line:名鉄小牧線,Wikidata CC0
1,184,18,小牧原,고마키하라역,Q6428080,matched_station_line,station_name+line:名鉄小牧線,Wikidata CC0
1,184,20,小牧,고마키역,Q6428074,matched_station_line,station_name+line:名鉄小牧線,Wikidata CC0
1,184,22,小牧口,고마키구치역,Q6428078,matched_station_line,station_name+line:名鉄小牧線,Wikidata CC0
1,184,24,間内,마나이역,Q6746766,matched_station_line,station_name+line:名鉄小牧線,Wikidata CC0
1,184,26,牛山,우시야마역,Q7467513,matched_station_line,station_name+line:名鉄小牧線,Wikidata CC0
1,184,28,春日井,가스가이역,Q6374878,matched_station_line,station_name+line:名鉄小牧線,Wikidata CC0
1,184,30,味美,아지요시역,Q4699833,matched_station_line,station_name+line:名鉄小牧線,Wikidata CC0
1,184,32,味鋺,아지마역,Q4699746,matched_station_line,station_name+line:名鉄小牧線,Wikidata CC0
1,184,34,上飯田,가미이다역,Q6357803,matched_station_line,station_name+line:名鉄小牧線,Wikidata CC0
1,185,8,名鉄岐阜,메이테쓰기후역,Q1109902,matched_station_line,station_name+line:名鉄各務原線,Wikidata CC0
1,185,10,田神,다가미역,Q7675146,matched_station_line,station_name+line:名鉄各務原線,Wikidata CC0
1,185,12,細畑,호소바타역,Q5908176,matched_station_line,station_name+line:名鉄各務原線,Wikidata CC0
1,185,14,切通,기리도시역,Q6415144,matched_station_line,station_name+line:名鉄各務原線,Wikidata CC0
1,185,16,手力,데지카라역,Q7695230,matched_station_line,station_name+line:名鉄各務原線,Wikidata CC0
1,185,18,高田橋,다카다바시역,Q7676995,matched_station_line,station_name+line:名鉄各務原線,Wikidata CC0
1,185,20,新加納,신카노역,Q7497104,matched_station_line,station_name+line:名鉄各務原線,Wikidata CC0
1,185,22,新那加,신나카역,Q7497122,matched_station_line,station_name+line:名鉄各務原線,Wikidata CC0
1,185,24,市民公園前,시민코엔마에역,Q7496864,matched_station_line,station_name+line:名鉄各務原線,Wikidata CC0
1,185,26,各務原市役所前,가카미가하라시야쿠쇼마에역,Q6349208,matched_station_line,station_name+line:名鉄各務原線,Wikidata CC0
1,185,28,六軒,롯켄역,Q7360047,matched_station_line,station_name+line:名鉄各務原線,Wikidata CC0
1,185,30,三柿野,미카키노역,Q6845663,matched_station_line,station_name+line:名鉄各務原線,Wikidata CC0
1,185,32,二十軒,니짓켄역,Q7034554,matched_station_line,station_name+line:名鉄各務原線,Wikidata CC0
1,185,34,名電各務原,메이덴카카미가하라역,Q6809969,matched_station_line,station_name+line:名鉄各務原線,Wikidata CC0
1,185,38,羽場,하바역,Q5636589,matched_station_line,station_name+line:名鉄各務原線,Wikidata CC0
1,185,40,鵜沼宿,우누마주쿠역,Q7897780,matched_station_line,station_name+line:名鉄各務原線,Wikidata CC0
1,185,42,新鵜沼,신우누마역,Q7497143,matched_station_line,station_name+line:名鉄各務原線,Wikidata CC0
1,186,10,栄町,사카에마치역,Q7402752,matched_station_line,station_name+line:名鉄瀬戸線,Wikidata CC0
1,186,14,東大手,히가시오테역,Q8190779,matched_station_line,station_name+line:名鉄瀬戸線,Wikidata CC0
1,186,18,清水,시미즈역,Q7496877,matched_station_line,station_name+line:名鉄瀬戸線,Wikidata CC0
1,186,22,森下,모리시타역,Q6912331,matched_station_line,station_name+line:名鉄瀬戸線,Wikidata CC0
1,186,24,大曽根,오조네역,Q872075,matched_station_line,station_name+line:名鉄瀬戸線,Wikidata CC0
1,186,26,矢田,야다역,Q8046502,matched_station_line,station_name+line:名鉄瀬戸線,Wikidata CC0
1,186,28,守山自衛隊前,모리야마지에이타이마에역,Q6912440,matched_station_line,station_name+line:名鉄瀬戸線,Wikidata CC0
1,186,30,瓢箪山,효탄야마역,Q5962811,matched_station_line,station_name+line:名鉄瀬戸線,Wikidata CC0
1,186,32,小幡,오바타역,Q7074647,matched_station_line,station_name+line:名鉄瀬戸線,Wikidata CC0
1,186,34,喜多山,기타야마역,Q6417930,matched_station_line,station_name+line:名鉄瀬戸線,Wikidata CC0
1,186,36,大森・金城学院前,오모리 · 긴조가쿠인마에역,Q8081631,matched_station_line,station_name+line:名鉄瀬戸線,Wikidata CC0
1,186,37,印場,인바역,Q8192040,matched_station_line,station_name+line:名鉄瀬戸線,Wikidata CC0
1,186,38,旭前,아사히마에역,Q4803354,matched_station_line,station_name+line:名鉄瀬戸線,Wikidata CC0
1,186,40,尾張旭,오와리아사히역,Q7114290,matched_station_line,station_name+line:名鉄瀬戸線,Wikidata CC0
1,186,42,三郷,산고역,Q7418199,matched_station_line,station_name+line:名鉄瀬戸線,Wikidata CC0
1,186,44,水野,미즈노역,Q6884885,matched_station_line,station_name+line:名鉄瀬戸線,Wikidata CC0
1,186,46,新瀬戸,신세토역,Q7497131,matched_station_line,station_name+line:名鉄瀬戸線,Wikidata CC0
1,186,48,瀬戸市役所前,세토시야쿠쇼마에역,Q3738152,matched_station_line,station_name+line:名鉄瀬戸線,Wikidata CC0
1,186,50,尾張瀬戸,오와리세토역,Q7114294,matched_station_line,station_name+line:名鉄瀬戸線,Wikidata CC0
1,189,8,犬山遊園,이누야마유엔역,Q6059388,matched_station_line,station_name+line:名鉄モンキーパークモノレール線,Wikidata CC0
1,199,1,小牧,고마키역,Q6428074,matched_station_line,station_name+line:桃花台新交通桃花台線,Wikidata CC0
1,199,4,小牧原,고마키하라역,Q6428080,matched_station_line,station_name_only,Wikidata CC0
1,203,1,大垣,오가키역,Q871579,matched_station_line,station_name+line:樽見鉄道樽見線,Wikidata CC0
1,203,3,東大垣,히가시오가키역,Q367572,matched_station_line,station_name+line:樽見鉄道樽見線,Wikidata CC0
1,203,5,横屋,요코야역,Q8054684,matched_station_line,station_name+line:樽見鉄道樽見線,Wikidata CC0
1,203,7,十九条,주쿠조역,Q11404786,matched_station_line,station_name+line:樽見鉄道樽見線,Wikidata CC0
1,203,9,美江寺,미에지역,Q6843706,matched_station_line,station_name+line:樽見鉄道樽見線,Wikidata CC0
1,203,11,北方真桑,기타가타마쿠와역,Q6417692,matched_station_line,station_name+line:樽見鉄道樽見線,Wikidata CC0
1,203,12,モレラ岐阜,모레라기후역,Q11344646,matched_station_line,station_name+line:樽見鉄道樽見線,Wikidata CC0
1,203,13,糸貫,이토누키역,Q6094849,matched_station_line,station_name+line:樽見鉄道樽見線,Wikidata CC0
1,203,15,本巣,모토스역,Q6918526,matched_station_line,station_name+line:樽見鉄道樽見線,Wikidata CC0
1,203,16,織部,오리베역,Q7102220,matched_station_line,station_name+line:樽見鉄道樽見線,Wikidata CC0
1,203,17,木知原,고치보라역,Q6424878,matched_station_line,station_name+line:樽見鉄道樽見線,Wikidata CC0
1,205,14,芦原,아시하라 역,Q4805065,matched_station_line,station_name+line:渥美線,Wikidata CC0
1,212,1,吉原,요시와라역,Q870968,matched_station_line,station_name+line:岳南線,Wikidata CC0
1,213,9,柚木,유노키역,Q8009579,matched_station_line,station_name_only,Wikidata CC0
1,213,11,長沼,나가누마역,Q6958464,matched_station_line,station_name_only,Wikidata CC0
1,213,15,県総合運動場,겐소고운도조 역,Q6387205,matched_station_line,station_name+line:静岡清水線,Wikidata CC0
1,213,17,草薙,구사나기역,Q871079,matched_station_line,station_name_only,Wikidata CC0
1,213,29,新清水,신시미즈역,Q7497132,matched_station_line,station_name+line:静岡清水線,Wikidata CC0
1,214,1,金谷,가나야역,Q871116,matched_station_line,station_name+line:大井川本線,Wikidata CC0
1,216,3,赤堀,아카호리역,Q4700157,matched_station_line,station_name+line:内部線,Wikidata CC0
1,216,5,日永,히나가역,Q5765619,matched_station_line,station_name+line:内部線,Wikidata CC0
1,216,65,西日野,니시히노역,Q7040560,matched_station_line,station_name+line:八王子線,Wikidata CC0
2,129,21,江坂,에사카역,Q691770,matched_station_line,station_name+line:御堂筋線,Wikidata CC0
2,129,22,東三国,히가시미쿠니역,Q1136561,matched_station_line,station_name+line:御堂筋線,Wikidata CC0
2,129,23,新大阪,신오사카역,Q801438,matched_station_line,station_name_only,Wikidata CC0
2,129,24,西中島南方,니시나카지마미나미가타역,Q1136738,matched_station_line,station_name+line:御堂筋線,Wikidata CC0
2,129,27,中津,나카쓰역,Q2520333,matched_station_line,station_name+line:御堂筋線,Wikidata CC0
2,129,31,淀屋橋,요도야바시역,Q1131721,matched_station_line,station_name+line:御堂筋線,Wikidata CC0
2,129,33,本町,혼마치역,Q1134631,matched_station_line,station_name+line:御堂筋線,Wikidata CC0
2,129,35,心斎橋,신사이바시역,Q1074440,matched_station_line,station_name+line:御堂筋線,Wikidata CC0
2,129,36,難波,난바역,Q20080133,matched_station_line,station_name+line:御堂筋線,Wikidata CC0
2,129,37,大国町,다이코쿠초역,Q1052129,matched_station_line,station_name+line:御堂筋線,Wikidata CC0
2,129,40,動物園前,도부쓰엔마에역,Q1038365,matched_station_line,station_name+line:御堂筋線,Wikidata CC0
2,129,42,天王寺,덴노지역,Q1132328,matched_station_line,station_name_only,Wikidata CC0
2,129,44,昭和町,쇼와초역,Q2084551,matched_station_line,station_name+line:御堂筋線,Wikidata CC0
2,129,45,西田辺,니시타나베역,Q2084578,matched_station_line,station_name+line:御堂筋線,Wikidata CC0
2,129,46,長居,나가이역,Q125503934,matched_station_line,station_name+line:御堂筋線,Wikidata CC0
2,129,47,我孫子,아비코역,Q2084534,matched_station_line,station_name+line:御堂筋線,Wikidata CC0
2,129,48,北花田,기타하나다역,Q2084907,matched_station_line,station_name+line:御堂筋線,Wikidata CC0
2,129,49,新金岡,신카나오카역,Q2083894,matched_station_line,station_name+line:御堂筋線,Wikidata CC0
2,129,50,中百舌鳥,나카모즈역,Q1863087,matched_station_line,station_name_only,Wikidata CC0
2,130,18,大日,다이니치역,Q681742,matched_station_line,station_name+line:谷町線,Wikidata CC0
2,130,20,守口,모리구치역,Q83608,matched_station_line,station_name+line:谷町線,Wikidata CC0
2,130,21,太子橋今市,다이시바시이마이치역,Q1042508,matched_station_line,station_name+line:谷町線,Wikidata CC0
2,130,22,千林大宮,센바야시오미야역,Q83605,matched_station_line,station_name+line:谷町線,Wikidata CC0
2,130,23,関目高殿,세키메타카도노역,Q83606,matched_station_line,station_name+line:谷町線,Wikidata CC0
2,130,24,野江内代,노에우친다이역,Q83607,matched_station_line,station_name+line:谷町線,Wikidata CC0
2,130,25,都島,미야코지마역,Q83604,matched_station_line,station_name+line:谷町線,Wikidata CC0
2,130,26,天神橋筋六丁目,덴진바시스지 6초메역,Q1143934,matched_station_line,station_name+line:谷町線,Wikidata CC0
2,130,27,中崎町,나카자키초역,Q83601,matched_station_line,station_name+line:谷町線,Wikidata CC0
2,130,28,東梅田,히가시우메다역,Q83600,matched_station_line,station_name+line:谷町線,Wikidata CC0
2,130,30,南森町,미나미모리마치역,Q1039923,matched_station_line,station_name+line:谷町線,Wikidata CC0
2,130,34,天満橋,덴마바시역,Q1043084,matched_station_line,station_name+line:谷町線,Wikidata CC0
2,130,36,谷町四丁目,다니마치 4초메역,Q1131709,matched_station_line,station_name+line:谷町線,Wikidata CC0
2,130,38,谷町六丁目,다니마치 6초메역,Q1041967,matched_station_line,station_name+line:谷町線,Wikidata CC0
2,130,39,谷町九丁目,다니마치 9초메역,Q1041977,matched_station_line,station_name+line:谷町線,Wikidata CC0
2,130,42,天王寺,덴노지역,Q1132328,matched_station_line,station_name_only,Wikidata CC0
2,130,44,阿倍野,아베노역,Q135196,matched_station_line,station_name+line:谷町線,Wikidata CC0
2,130,46,文の里,후미노사토역,Q29457,matched_station_line,station_name+line:谷町線,Wikidata CC0
2,130,47,田辺,다나베역,Q135203,matched_station_line,station_name+line:谷町線,Wikidata CC0
2,130,48,駒川中野,고마가와나카노역,Q135198,matched_station_line,station_name+line:谷町線,Wikidata CC0
2,130,49,平野,히라노역,Q135184,matched_station_line,station_name+line:谷町線,Wikidata CC0
2,130,50,喜連瓜破,기레우리와리역,Q151539,matched_station_line,station_name+line:谷町線,Wikidata CC0
2,130,51,出戸,데토역,Q151413,matched_station_line,station_name+line:谷町線,Wikidata CC0
2,130,52,長原,나가하라역,Q151508,matched_station_line,station_name+line:谷町線,Wikidata CC0
2,130,53,八尾南,야오미나미역,Q151767,matched_station_line,station_name+line:谷町線,Wikidata CC0
2,131,28,西梅田,니시우메다역,Q126023,matched_station_line,station_name+line:四つ橋線,Wikidata CC0
2,131,30,肥後橋,히고바시역,Q126343,matched_station_line,station_name+line:四つ橋線,Wikidata CC0
2,131,33,本町,혼마치역,Q1134631,matched_station_line,station_name+line:四つ橋線,Wikidata CC0
2,131,34,四ツ橋,요쓰바시역,Q291023,matched_station_line,station_name+line:四つ橋線,Wikidata CC0
2,131,36,難波,난바역,Q20080133,matched_station_line,station_name+line:四つ橋線,Wikidata CC0
2,131,37,大国町,다이코쿠초역,Q1052129,matched_station_line,station_name+line:四つ橋線,Wikidata CC0
2,131,38,花園町,하나조노초역,Q126102,matched_station_line,station_name+line:四つ橋線,Wikidata CC0
2,131,39,岸里,기시노사토역,Q126082,matched_station_line,station_name+line:四つ橋線,Wikidata CC0
2,131,40,玉出,다마데역,Q125822,matched_station_line,station_name+line:四つ橋線,Wikidata CC0
2,131,41,北加賀屋,기타카가야역,Q126335,matched_station_line,station_name+line:四つ橋線,Wikidata CC0
2,131,42,住之江公園,스미노에코엔역,Q126046,matched_station_line,station_name+line:四つ橋線,Wikidata CC0
2,132,20,夢洲,유메시마역,Q60987816,matched_station_line,station_name+line:中央線,Wikidata CC0
2,132,22,コスモスクエア,코스모스퀘어역,Q1136734,matched_station_line,station_name+line:中央線,Wikidata CC0
2,132,23,大阪港,오사카코역,Q1132628,matched_station_line,station_name+line:中央線,Wikidata CC0
2,132,24,朝潮橋,아사시오바시역,Q1134463,matched_station_line,station_name+line:中央線,Wikidata CC0
2,132,25,弁天町,벤텐초역,Q1131017,matched_station_line,station_name+line:中央線,Wikidata CC0
2,132,29,九条,구조역,Q1132633,matched_station_line,station_name+line:中央線,Wikidata CC0
2,132,31,阿波座,아와자역,Q1134468,matched_station_line,station_name+line:中央線,Wikidata CC0
2,132,33,本町,혼마치역,Q1134631,matched_station_line,station_name+line:中央線,Wikidata CC0
2,132,34,堺筋本町,사카이스지혼마치역,Q1074425,matched_station_line,station_name+line:中央線,Wikidata CC0
2,132,36,谷町四丁目,다니마치 4초메역,Q1131709,matched_station_line,station_name+line:中央線,Wikidata CC0
2,132,38,森ノ宮,모리노미야역,Q1131146,matched_station_line,station_name+line:中央線,Wikidata CC0
2,132,39,緑橋,미도리바시역,Q1131699,matched_station_line,station_name+line:中央線,Wikidata CC0
2,132,40,深江橋,후카에바시역,Q126032,matched_station_line,station_name+line:中央線,Wikidata CC0
2,132,41,高井田,다카이다역,Q126027,matched_station_line,station_name+line:中央線,Wikidata CC0
2,132,43,長田,나가타역,Q126064,matched_station_line,station_name+line:中央線,Wikidata CC0
2,133,27,野田阪神,노다한신역,Q126087,matched_station_line,station_name+line:千日前線,Wikidata CC0
2,133,29,玉川,다마가와역,Q126069,matched_station_line,station_name+line:千日前線,Wikidata CC0
2,133,31,阿波座,아와자역,Q1134468,matched_station_line,station_name+line:千日前線,Wikidata CC0
2,133,33,西長堀,니시나가호리역,Q304193,matched_station_line,station_name+line:千日前線,Wikidata CC0
2,133,35,桜川,사쿠라가와역,Q126339,matched_station_line,station_name+line:千日前線,Wikidata CC0
2,133,36,難波,난바역,Q20080133,matched_station_line,station_name+line:千日前線,Wikidata CC0
2,133,37,日本橋,닛폰바시역,Q1040630,matched_station_line,station_name+line:千日前線,Wikidata CC0
2,133,39,谷町九丁目,다니마치 9초메역,Q1041977,matched_station_line,station_name+line:千日前線,Wikidata CC0
2,133,41,鶴橋,쓰루하시역,Q1131704,matched_station_line,station_name+line:千日前線,Wikidata CC0
2,133,42,今里,이마자토역,Q949884,matched_station_line,station_name+line:千日前線,Wikidata CC0
2,133,43,新深江,신후카에역,Q126056,matched_station_line,station_name+line:千日前線,Wikidata CC0
2,133,44,小路,쇼지역,Q126040,matched_station_line,station_name+line:千日前線,Wikidata CC0
2,133,45,北巽,기타타쓰미역,Q126096,matched_station_line,station_name+line:千日前線,Wikidata CC0
2,133,46,南巽,미나미타쓰미역,Q126112,matched_station_line,station_name+line:千日前線,Wikidata CC0
2,134,26,天神橋筋六丁目,덴진바시스지 6초메역,Q1143934,matched_station_line,station_name+line:堺筋線,Wikidata CC0
2,134,28,扇町,오기마치역,Q843811,matched_station_line,station_name+line:堺筋線,Wikidata CC0
2,134,30,南森町,미나미모리마치역,Q1039923,matched_station_line,station_name+line:堺筋線,Wikidata CC0
2,134,32,北浜,기타하마역,Q1042837,matched_station_line,station_name+line:堺筋線,Wikidata CC0
2,134,34,堺筋本町,사카이스지혼마치역,Q1074425,matched_station_line,station_name+line:堺筋線,Wikidata CC0
2,134,36,長堀橋,나가호리바시역,Q1038083,matched_station_line,station_name+line:堺筋線,Wikidata CC0
2,134,37,日本橋,닛폰바시역,Q1040630,matched_station_line,station_name+line:堺筋線,Wikidata CC0
2,134,38,恵美須町,에비스초역,Q2066656,matched_station_line,station_name+line:堺筋線,Wikidata CC0
2,134,40,動物園前,도부쓰엔마에역,Q1038365,matched_station_line,station_name+line:堺筋線,Wikidata CC0
2,134,42,天下茶屋,덴가차야역,Q2084603,matched_station_line,station_name_only,Wikidata CC0
2,135,7,門真南,가도마미나미역,Q135207,matched_station_line,station_name+line:長堀鶴見緑地線,Wikidata CC0
2,135,8,鶴見緑地,쓰루미료쿠치역,Q135181,matched_station_line,station_name+line:長堀鶴見緑地線,Wikidata CC0
2,135,10,横堤,요코즈쓰미역,Q135186,matched_station_line,station_name+line:長堀鶴見緑地線,Wikidata CC0
2,135,11,今福鶴見,이마후쿠쓰루미역,Q135348,matched_station_line,station_name+line:長堀鶴見緑地線,Wikidata CC0
2,135,12,蒲生四丁目,가모 4초메역,Q1042492,matched_station_line,station_name+line:長堀鶴見緑地線,Wikidata CC0
2,135,15,大阪ビジネスパーク,오사카 비즈니스파크역,Q135205,matched_station_line,station_name+line:長堀鶴見緑地線,Wikidata CC0
2,135,17,森ノ宮,모리노미야역,Q1131146,matched_station_line,station_name+line:長堀鶴見緑地線,Wikidata CC0
2,135,18,玉造,다마쓰쿠리역,Q1131039,matched_station_line,station_name_only,Wikidata CC0
2,135,20,谷町六丁目,다니마치 6초메역,Q1041967,matched_station_line,station_name+line:長堀鶴見緑地線,Wikidata CC0
2,135,21,松屋町,마쓰야마치역,Q126080,matched_station_line,station_name+line:長堀鶴見緑地線,Wikidata CC0
2,135,22,長堀橋,나가호리바시역,Q1038083,matched_station_line,station_name+line:長堀鶴見緑地線,Wikidata CC0
2,135,23,心斎橋,신사이바시역,Q1074440,matched_station_line,station_name+line:長堀鶴見緑地線,Wikidata CC0
2,135,25,西大橋,니시오하시역,Q112719,matched_station_line,station_name+line:長堀鶴見緑地線,Wikidata CC0
2,135,26,西長堀,니시나가호리역,Q304193,matched_station_line,station_name+line:長堀鶴見緑地線,Wikidata CC0
2,135,27,ドーム前千代崎,도무마에치요자키역,Q666822,matched_station_line,station_name+line:長堀鶴見緑地線,Wikidata CC0
2,135,28,大正,다이쇼역,Q1131158,matched_station_line,station_name_only,Wikidata CC0
2,136,7,井高野,이타카노역,Q180463,matched_station_line,station_name+line:今里筋線,Wikidata CC0
2,136,9,瑞光四丁目,즈이코 4초메역,Q180497,matched_station_line,station_name+line:今里筋線,Wikidata CC0
2,136,11,だいどう豊里,다이도토요사토역,Q180979,matched_station_line,station_name+line:今里筋線,Wikidata CC0
2,136,13,太子橋今市,다이시바시이마이치역,Q1042508,matched_station_line,station_name+line:今里筋線,Wikidata CC0
2,136,15,清水,시미즈역,Q180473,matched_station_line,station_name+line:今里筋線,Wikidata CC0
2,136,17,新森古市,신모리후루이치역,Q180443,matched_station_line,station_name+line:今里筋線,Wikidata CC0
2,136,19,関目成育,세키메세이쿠 역,Q180511,matched_station_line,station_name+line:今里筋線,Wikidata CC0
2,136,21,蒲生四丁目,가모 4초메역,Q1042492,matched_station_line,station_name+line:今里筋線,Wikidata CC0
2,136,23,鴫野,시기노역,Q180485,matched_station_line,station_name_only,Wikidata CC0
2,136,25,緑橋,미도리바시역,Q1131699,matched_station_line,station_name+line:今里筋線,Wikidata CC0
2,136,27,今里,이마자토역,Q949884,matched_station_line,station_name+line:今里筋線,Wikidata CC0
2,138,147,国際会館,고쿠사이카이칸역,Q919783,matched_station_line,station_name+line:烏丸線,Wikidata CC0
2,138,149,松ヶ崎,마쓰가사키역,Q2580153,matched_station_line,station_name+line:烏丸線,Wikidata CC0
2,138,151,北山,기타야마역,Q2580188,matched_station_line,station_name+line:烏丸線,Wikidata CC0
2,138,153,北大路,기타오지역,Q2176324,matched_station_line,station_name+line:烏丸線,Wikidata CC0
2,138,154,鞍馬口,구라마구치역,Q2579972,matched_station_line,station_name+line:烏丸線,Wikidata CC0
2,138,156,今出川,이마데가와역,Q2580129,matched_station_line,station_name+line:烏丸線,Wikidata CC0
2,138,158,丸太町,마루타마치역,Q2346816,matched_station_line,station_name+line:烏丸線,Wikidata CC0
2,138,159,烏丸御池,가라스마오이케역,Q2580142,matched_station_line,station_name+line:烏丸線,Wikidata CC0
2,138,161,四条,시조역,Q2328455,matched_station_line,station_name+line:烏丸線,Wikidata CC0
2,138,163,五条,고조역,Q2579995,matched_station_line,station_name+line:烏丸線,Wikidata CC0
2,138,165,京都,교토역,Q801046,matched_station_line,station_name_only,Wikidata CC0
2,138,167,九条,구조역,Q2044602,matched_station_line,station_name+line:烏丸線,Wikidata CC0
2,138,168,十条,주조역,Q2579291,matched_station_line,station_name+line:烏丸線,Wikidata CC0
2,138,169,くいな橋,구이나바시역,Q2580165,matched_station_line,station_name+line:烏丸線,Wikidata CC0
2,138,170,竹田,다케다역,Q1952588,matched_station_line,station_name+line:烏丸線,Wikidata CC0
2,139,147,六地蔵,로쿠지조역,Q1134785,matched_station_line,station_name_only,Wikidata CC0
2,139,149,石田,이시다역,Q774204,matched_station_line,station_name+line:東西線,Wikidata CC0
2,139,151,醍醐,다이고역,Q2679100,matched_station_line,station_name+line:東西線,Wikidata CC0
2,139,153,小野,오노역,Q2042578,matched_station_line,station_name+line:東西線,Wikidata CC0
2,139,155,椥辻,나기쓰지역,Q2531634,matched_station_line,station_name+line:東西線,Wikidata CC0
2,139,157,東野,히가시노역,Q1884376,matched_station_line,station_name+line:東西線,Wikidata CC0
2,139,159,山科,야마시나역,Q1073287,matched_station_line,station_name_only,Wikidata CC0
2,139,161,御陵,미사사기역,Q2470158,matched_station_line,station_name+line:東西線,Wikidata CC0
2,139,163,蹴上,게아게역,Q1004370,matched_station_line,station_name+line:東西線,Wikidata CC0
2,139,165,東山,히가시야마역,Q2025937,matched_station_line,station_name+line:東西線,Wikidata CC0
2,139,166,三条京阪,산조케이한역,Q2645261,matched_station_line,station_name+line:東西線,Wikidata CC0
2,139,167,京都市役所前,교토시야쿠쇼마에역,Q2210666,matched_station_line,station_name+line:東西線,Wikidata CC0
2,139,171,二条城前,니조조마에역,Q2477213,matched_station_line,station_name+line:東西線,Wikidata CC0
2,139,172,二条,니조역,Q125555636,matched_station_line,station_name+line:東西線,Wikidata CC0
2,139,174,西大路御池,니시오지오이케역,Q2679380,matched_station_line,station_name+line:東西線,Wikidata CC0
2,139,176,太秦天神川,우즈마사텐진가와역,Q2374167,matched_station_line,station_name+line:東西線,Wikidata CC0
2,140,22,コスモスクエア,코스모스퀘어역,Q1136734,matched_station_line,station_name+line:南港ポートタウン線,Wikidata CC0
2,140,26,トレードセンター前,트레이드 센터마에역,Q180469,matched_station_line,station_name+line:南港ポートタウン線,Wikidata CC0
2,140,28,中ふ頭,나카후토역,Q180450,matched_station_line,station_name+line:南港ポートタウン線,Wikidata CC0
2,140,30,ポートタウン西,포트 타운 니시역,Q180510,matched_station_line,station_name+line:南港ポートタウン線,Wikidata CC0
2,140,32,ポートタウン東,포트 타운 히가시역,Q180504,matched_station_line,station_name+line:南港ポートタウン線,Wikidata CC0
2,140,34,フェリーターミナル,페리 터미널역,Q180477,matched_station_line,station_name+line:南港ポートタウン線,Wikidata CC0
2,140,36,南港東,난코히가시역,Q180517,matched_station_line,station_name+line:南港ポートタウン線,Wikidata CC0
2,140,38,南港口,난코구치역,Q180437,matched_station_line,station_name+line:南港ポートタウン線,Wikidata CC0
2,140,40,平林,히라바야시역,Q180457,matched_station_line,station_name+line:南港ポートタウン線,Wikidata CC0
2,140,42,住之江公園,스미노에코엔역,Q126046,matched_station_line,station_name+line:南港ポートタウン線,Wikidata CC0
2,141,22,コスモスクエア,코스모스퀘어역,Q1136734,matched_station_line,station_name+line:中央線,Wikidata CC0
2,141,23,大阪港,오사카코역,Q1132628,matched_station_line,station_name+line:中央線,Wikidata CC0
2,142,22,コスモスクエア,코스모스퀘어역,Q1136734,matched_station_line,station_name+line:南港ポートタウン線,Wikidata CC0
2,142,26,トレードセンター前,트레이드 센터마에역,Q180469,matched_station_line,station_name+line:南港ポートタウン線,Wikidata CC0
2,142,28,中ふ頭,나카후토역,Q180450,matched_station_line,station_name+line:南港ポートタウン線,Wikidata CC0
2,143,70,西元町,니시모토마치역,Q7040379,matched_station_line,station_name_only,Wikidata CC0
2,143,72,高速神戸,고속 고베역,Q6455300,matched_station_line,station_name_only,Wikidata CC0
2,143,73,新開地,신카이치역,Q7497640,matched_station_line,station_name_only,Wikidata CC0
2,143,75,大開,다이카이역,Q5209161,matched_station_line,station_name_only,Wikidata CC0
2,143,77,高速長田,고속 나가타역,Q6455302,matched_station_line,station_name_only,Wikidata CC0
2,143,79,西代,니시다이역,Q7040529,matched_station_line,station_name_only,Wikidata CC0
2,144,68,神戸三宮,산노미야역,Q377926,matched_station_line,station_name_only,Wikidata CC0
2,144,70,花隈,하나쿠마역,Q5646864,matched_station_line,station_name_only,Wikidata CC0
2,145,79,湊川,미나토가와역,Q6863276,matched_station_line,station_name_only,Wikidata CC0
2,147,5,野田,노다역,Q5359642,matched_station_line,station_name+line:阪神本線,Wikidata CC0
2,147,7,淀川,요도가와역,Q8054295,matched_station_line,station_name+line:阪神本線,Wikidata CC0
2,147,9,姫島,히메지마역,Q3611326,matched_station_line,station_name+line:阪神本線,Wikidata CC0
2,147,11,千船,지부네역,Q5095355,matched_station_line,station_name+line:阪神本線,Wikidata CC0
2,147,13,杭瀬,구이세역,Q11523768,matched_station_line,station_name+line:阪神本線,Wikidata CC0
2,147,15,大物,다이모쓰역,Q2039189,matched_station_line,station_name+line:阪神本線,Wikidata CC0
2,147,19,出屋敷,데야시키역,Q5268529,matched_station_line,station_name+line:阪神本線,Wikidata CC0
2,147,21,尼崎センタープール前,아마가사키 센터풀마에역,Q4739116,matched_station_line,station_name+line:阪神本線,Wikidata CC0
2,147,23,武庫川,무코가와역,Q6933572,matched_station_line,station_name+line:阪神本線,Wikidata CC0
2,147,25,鳴尾・武庫川女子大前,나루오·무코가와조시다이마에역,Q6966460,matched_station_line,station_name+line:阪神本線,Wikidata CC0
2,147,27,甲子園,고시엔역,Q6455288,matched_station_line,station_name+line:阪神本線,Wikidata CC0
2,147,29,久寿川,구스가와역,Q6448204,matched_station_line,station_name+line:阪神本線,Wikidata CC0
2,147,35,香櫨園,고로엔역,Q11667657,matched_station_line,station_name+line:阪神本線,Wikidata CC0
2,147,37,打出,우치데역,Q7876712,matched_station_line,station_name+line:阪神本線,Wikidata CC0
2,147,41,深江,후카에역,Q5507563,matched_station_line,station_name+line:阪神本線,Wikidata CC0
2,147,43,青木,오기역,Q8081472,matched_station_line,station_name+line:阪神本線,Wikidata CC0
2,147,45,魚崎,우오자키역,Q7897889,matched_station_line,station_name+line:阪神本線,Wikidata CC0
2,147,50,石屋川,이시야가와역,Q6080422,matched_station_line,station_name+line:阪神本線,Wikidata CC0
2,147,52,新在家,신자이케역,Q7497846,matched_station_line,station_name+line:阪神本線,Wikidata CC0
2,147,54,大石,오이시역,Q8081516,matched_station_line,station_name+line:阪神本線,Wikidata CC0
2,147,55,西灘,니시나다역,Q7040635,matched_station_line,station_name+line:阪神本線,Wikidata CC0
2,147,56,岩屋,이와야역,Q6100854,matched_station_line,station_name+line:阪神本線,Wikidata CC0
2,147,60,神戸三宮,산노미야역,Q377926,matched_station_line,station_name_only,Wikidata CC0
2,147,62,元町,모토마치역,Q59520,matched_station_line,station_name+line:東海道本線,Wikidata CC0
2,148,1,大阪難波,오사카난바역,Q2310134,matched_station_line,station_name+line:阪神なんば線,Wikidata CC0
2,148,3,桜川,사쿠라가와역,Q126339,matched_station_line,station_name+line:阪神なんば線,Wikidata CC0
2,148,5,九条,구조역,Q1132633,matched_station_line,station_name+line:阪神なんば線,Wikidata CC0
2,148,7,西九条,니시쿠조역,Q1130919,matched_station_line,station_name+line:阪神なんば線,Wikidata CC0
2,148,8,千鳥橋,지도리바시역,Q2700642,matched_station_line,station_name+line:阪神なんば線,Wikidata CC0
2,148,9,伝法,덴포역,Q281199,matched_station_line,station_name+line:阪神なんば線,Wikidata CC0
2,148,11,福,후쿠역,Q2207010,matched_station_line,station_name+line:阪神なんば線,Wikidata CC0
2,148,13,出来島,데키지마역,Q2799364,matched_station_line,station_name+line:阪神なんば線,Wikidata CC0
2,149,25,東鳴尾,히가시나루오역,Q5753761,matched_station_line,station_name+line:阪神武庫川線,Wikidata CC0
2,149,26,洲先,스자키역,Q7650660,matched_station_line,station_name+line:阪神武庫川線,Wikidata CC0
2,149,27,武庫川団地前,무코가와단치마에역,Q11545984,matched_station_line,station_name+line:阪神武庫川線,Wikidata CC0
2,157,1,大阪梅田,오사카우메다역,Q20023053,matched_station_line,station_name+line:阪急神戸本線,Wikidata CC0
2,157,3,中津,나카쓰역,Q610516,matched_station_line,station_name+line:阪急神戸本線,Wikidata CC0
2,157,5,十三,주소역,Q866163,matched_station_line,station_name+line:阪急神戸本線,Wikidata CC0
2,157,7,神崎川,간자키가와역,Q3969851,matched_station_line,station_name+line:阪急神戸本線,Wikidata CC0
2,157,10,園田,소노다역,Q3971022,matched_station_line,station_name+line:阪急神戸本線,Wikidata CC0
2,157,13,塚口,쓰카구치역,Q3971207,matched_station_line,station_name+line:阪急神戸本線,Wikidata CC0
2,157,15,武庫之荘,무코노소역,Q3970247,matched_station_line,station_name+line:阪急神戸本線,Wikidata CC0
2,157,18,西宮北口,니시노미야키타구치역,Q7040671,matched_station_line,station_name+line:阪急神戸本線,Wikidata CC0
2,157,20,夙川,슈쿠가와역,Q7504863,matched_station_line,station_name+line:阪急神戸本線,Wikidata CC0
2,157,22,芦屋川,아시야가와역,Q1108743,matched_station_line,station_name+line:阪急神戸本線,Wikidata CC0
2,157,24,岡本,오카모토역,Q3970335,matched_station_line,station_name+line:阪急神戸本線,Wikidata CC0
2,157,26,御影,미카게역,Q612734,matched_station_line,station_name+line:阪急神戸本線,Wikidata CC0
2,157,28,六甲,롯코역,Q3970702,matched_station_line,station_name+line:阪急神戸本線,Wikidata CC0
2,157,30,王子公園,오지코엔역,Q3971394,matched_station_line,station_name+line:阪急神戸本線,Wikidata CC0
2,157,32,春日野道,가스가노미치역,Q3969854,matched_station_line,station_name+line:阪急神戸本線,Wikidata CC0
2,157,34,神戸三宮,산노미야역,Q377926,matched_station_line,station_name_only,Wikidata CC0
2,158,7,三国,미쿠니역,Q866211,matched_station_line,station_name+line:阪急宝塚本線,Wikidata CC0
2,158,9,庄内,쇼나이역,Q7506184,matched_station_line,station_name+line:阪急宝塚本線,Wikidata CC0
2,158,11,服部天神,핫토리텐진역,Q3969777,matched_station_line,station_name+line:阪急宝塚本線,Wikidata CC0
2,158,13,曽根,소네역,Q3971020,matched_station_line,station_name+line:阪急宝塚本線,Wikidata CC0
2,158,15,岡町,오카마치역,Q3970333,matched_station_line,station_name+line:阪急宝塚本線,Wikidata CC0
2,158,17,豊中,도요나카역,Q3971166,matched_station_line,station_name+line:阪急宝塚本線,Wikidata CC0
2,158,19,蛍池,호타루가이케역,Q3969799,matched_station_line,station_name+line:阪急宝塚本線,Wikidata CC0
2,158,21,石橋阪大前,이시바시 역,Q866078,matched_station_line,station_name+line:阪急宝塚本線,Wikidata CC0
2,158,23,池田,이케다역,Q866156,matched_station_line,station_name+line:阪急宝塚本線,Wikidata CC0
2,158,25,川西能勢口,가와니시노세구치역,Q3969857,matched_station_line,station_name+line:阪急宝塚本線,Wikidata CC0
2,158,27,雲雀丘花屋敷,히바리가오카하나야시키역,Q3969783,matched_station_line,station_name+line:阪急宝塚本線,Wikidata CC0
2,158,29,山本,야마모토역,Q3971366,matched_station_line,station_name+line:阪急宝塚本線,Wikidata CC0
2,158,31,中山観音,나카야마칸논역,Q3970265,matched_station_line,station_name+line:阪急宝塚本線,Wikidata CC0
2,158,33,売布神社,메후진자역,Q6807953,matched_station_line,station_name+line:阪急宝塚本線,Wikidata CC0
2,158,35,清荒神,기요시코진역,Q736981,matched_station_line,station_name+line:阪急宝塚本線,Wikidata CC0
2,158,37,宝塚,다카라즈카역,Q1043188,matched_station_line,station_name+line:阪急宝塚本線,Wikidata CC0
2,159,7,南方,미나미카타역,Q6863079,matched_station_line,station_name+line:阪急京都本線,Wikidata CC0
2,159,9,崇禅寺,소젠지역,Q3971070,matched_station_line,station_name+line:阪急京都本線,Wikidata CC0
2,159,11,淡路,아와지역,Q2070830,matched_station_line,station_name+line:阪急京都本線,Wikidata CC0
2,159,13,上新庄,가미신조역,Q3969848,matched_station_line,station_name+line:阪急京都本線,Wikidata CC0
2,159,15,相川,아이카와역,Q377279,matched_station_line,station_name+line:阪急京都本線,Wikidata CC0
2,159,17,正雀,쇼자쿠역,Q3970991,matched_station_line,station_name+line:阪急京都本線,Wikidata CC0
2,159,18,摂津市,셋쓰시역,Q3970969,matched_station_line,station_name+line:阪急京都本線,Wikidata CC0
2,159,20,南茨木,미나미이바라키역,Q3970132,matched_station_line,station_name+line:阪急京都本線,Wikidata CC0
2,159,22,茨木市,이바라키시역,Q3969806,matched_station_line,station_name+line:阪急京都本線,Wikidata CC0
2,159,24,総持寺,소지지역,Q666784,matched_station_line,station_name+line:阪急京都本線,Wikidata CC0
2,159,26,富田,돈다역,Q3971129,matched_station_line,station_name+line:阪急京都本線,Wikidata CC0
2,159,29,高槻市,다카쓰키시역,Q3971073,matched_station_line,station_name+line:阪急京都本線,Wikidata CC0
2,159,32,上牧,간마키역,Q3969850,matched_station_line,station_name+line:阪急京都本線,Wikidata CC0
2,159,34,水無瀬,미나세역,Q3970142,matched_station_line,station_name+line:阪急京都本線,Wikidata CC0
2,159,36,大山崎,오야마자키역,Q3971407,matched_station_line,station_name+line:阪急京都本線,Wikidata CC0
2,159,38,西山天王山,니시야마텐노잔역,Q650349,matched_station_line,station_name+line:阪急京都本線,Wikidata CC0
2,159,39,長岡天神,나가오카텐진역,Q3970259,matched_station_line,station_name+line:阪急京都本線,Wikidata CC0
2,159,41,西向日,니시무코역,Q3970300,matched_station_line,station_name+line:阪急京都本線,Wikidata CC0
2,159,43,東向日,히가시무코역,Q3969785,matched_station_line,station_name+line:阪急京都本線,Wikidata CC0
2,159,44,洛西口,라쿠사이구치역,Q609427,matched_station_line,station_name+line:阪急京都本線,Wikidata CC0
2,159,45,桂,가쓰라역,Q944556,matched_station_line,station_name+line:阪急京都本線,Wikidata CC0
2,159,47,西京極,니시쿄고쿠역,Q3970298,matched_station_line,station_name+line:阪急京都本線,Wikidata CC0
2,159,51,大宮,오미야역,Q3971402,matched_station_line,station_name+line:阪急京都本線,Wikidata CC0
2,159,53,烏丸,가라스마역,Q3969852,matched_station_line,station_name+line:阪急京都本線,Wikidata CC0
2,159,55,京都河原町,가와라마치 역,Q2085248,matched_station_line,station_name+line:阪急京都本線,Wikidata CC0
2,160,15,稲野,이나노역,Q304717,matched_station_line,station_name+line:阪急伊丹線,Wikidata CC0
2,160,17,新伊丹,신이타미역,Q7497098,matched_station_line,station_name+line:阪急伊丹線,Wikidata CC0
2,160,19,伊丹,이타미역,Q11378797,matched_station_line,station_name+line:阪急伊丹線,Wikidata CC0
2,161,14,今津,이마즈역,Q6622053,matched_station_line,station_name+line:阪急今津線,Wikidata CC0
2,161,16,阪神国道,한신코쿠도역,Q5651101,matched_station_line,station_name+line:阪急今津線,Wikidata CC0
2,161,20,門戸厄神,몬도야쿠진역,Q6898731,matched_station_line,station_name+line:阪急今津線,Wikidata CC0
2,161,22,甲東園,고토엔역,Q6455321,matched_station_line,station_name+line:阪急今津線,Wikidata CC0
2,161,24,仁川,니가와역,Q7032196,matched_station_line,station_name+line:阪急今津線,Wikidata CC0
2,161,26,小林,오바야시역,Q7074648,matched_station_line,station_name+line:阪急今津線,Wikidata CC0
2,161,28,逆瀬川,사카세가와역,Q7402849,matched_station_line,station_name+line:阪急今津線,Wikidata CC0
2,161,30,宝塚南口,다카라즈카미나미구치역,Q7677271,matched_station_line,station_name+line:阪急今津線,Wikidata CC0
2,162,22,苦楽園口,쿠라쿠엔구치 역,Q6445543,matched_station_line,station_name+line:阪急甲陽線,Wikidata CC0
2,162,24,甲陽園,고요엔역,Q6455342,matched_station_line,station_name+line:阪急甲陽線,Wikidata CC0
2,163,23,桜井,사쿠라이역,Q8192475,matched_station_line,station_name+line:阪急箕面線,Wikidata CC0
2,163,25,牧落,마키오치역,Q1702756,matched_station_line,station_name+line:阪急箕面線,Wikidata CC0
2,163,27,箕面,미노오역,Q764602,matched_station_line,station_name+line:阪急箕面線,Wikidata CC0
2,164,7,天神橋筋六丁目,덴진바시스지 6초메역,Q1143934,matched_station_line,station_name+line:阪急千里線,Wikidata CC0
2,164,9,柴島,구니지마역,Q6444676,matched_station_line,station_name+line:阪急千里線,Wikidata CC0
2,164,13,下新庄,시모신조역,Q11360932,matched_station_line,station_name+line:阪急千里線,Wikidata CC0
2,164,15,吹田,스이타역,Q7635540,matched_station_line,station_name+line:阪急千里線,Wikidata CC0
2,164,17,豊津,도요쓰역,Q11633911,matched_station_line,station_name+line:阪急千里線,Wikidata CC0
2,164,19,関大前,간다이 앞역,Q6361217,matched_station_line,station_name+line:阪急千里線,Wikidata CC0
2,164,21,千里山,센리야마역,Q7450929,matched_station_line,station_name+line:阪急千里線,Wikidata CC0
2,164,23,南千里,미나미센리역,Q6862965,matched_station_line,station_name+line:阪急千里線,Wikidata CC0
2,164,25,山田,야마다역,Q3971365,matched_station_line,station_name+line:阪急千里線,Wikidata CC0
2,164,27,北千里,기타센리역,Q6417603,matched_station_line,station_name+line:阪急千里線,Wikidata CC0
2,165,47,上桂,가미카쓰라역,Q6357153,matched_station_line,station_name+line:阪急嵐山線,Wikidata CC0
2,165,49,松尾大社,마쓰오타이샤역,Q3610994,matched_station_line,station_name+line:阪急嵐山線,Wikidata CC0
2,165,51,嵐山,아라시야마역,Q4784377,matched_station_line,station_name+line:阪急嵐山線,Wikidata CC0
2,171,1,大阪空港,오사카 공항역,Q3968801,matched_station_line,station_name+line:大阪モノレール本線,Wikidata CC0
2,171,3,蛍池,호타루가이케역,Q3969799,matched_station_line,station_name+line:大阪モノレール本線,Wikidata CC0
2,171,7,少路,쇼지역,Q3970992,matched_station_line,station_name+line:大阪モノレール本線,Wikidata CC0
2,171,9,千里中央,센리주오 역,Q2056658,matched_station_line,station_name+line:大阪モノレール本線,Wikidata CC0
2,171,11,山田,야마다역,Q3971365,matched_station_line,station_name+line:大阪モノレール本線,Wikidata CC0
2,171,13,万博記念公園,반파쿠키넨코엔역,Q1002726,matched_station_line,station_name+line:大阪モノレール本線,Wikidata CC0
2,171,15,宇野辺,우노베역,Q3971218,matched_station_line,station_name+line:大阪モノレール本線,Wikidata CC0
2,171,17,南茨木,미나미이바라키역,Q3970132,matched_station_line,station_name+line:大阪モノレール本線,Wikidata CC0
2,171,19,沢良宜,사와라기역,Q3970925,matched_station_line,station_name+line:大阪モノレール本線,Wikidata CC0
2,171,21,摂津,셋쓰역,Q3970967,matched_station_line,station_name+line:大阪モノレール本線,Wikidata CC0
2,171,23,南摂津,미나미셋쓰역,Q3970135,matched_station_line,station_name+line:大阪モノレール本線,Wikidata CC0
2,171,25,大日,다이니치역,Q681742,matched_station_line,station_name+line:大阪モノレール本線,Wikidata CC0
2,171,27,門真市,가도마시역,Q1027541,matched_station_line,station_name+line:大阪モノレール本線,Wikidata CC0
2,172,15,公園東口,코엔히가시구치역,Q3969881,matched_station_line,station_name+line:国際文化公園都市モノレール線,Wikidata CC0
2,172,17,阪大病院前,한다이뵤인마에역,Q3969774,matched_station_line,station_name+line:国際文化公園都市モノレール線,Wikidata CC0
2,172,19,豊川,도요카와역,Q3971165,matched_station_line,station_name+line:国際文化公園都市モノレール線,Wikidata CC0
2,172,21,彩都西,사이토니시역,Q3970757,matched_station_line,station_name+line:国際文化公園都市モノレール線,Wikidata CC0
2,173,25,川西能勢口,가와니시노세구치역,Q3969857,matched_station_line,station_name+line:妙見線,Wikidata CC0
2,173,27,絹延橋,기누노베바시역,Q6414428,matched_station_line,station_name+line:妙見線,Wikidata CC0
2,173,29,滝山,다키야마역,Q7678415,matched_station_line,station_name+line:妙見線,Wikidata CC0
2,173,33,鼓滝,쓰즈미가타키역,Q7850404,matched_station_line,station_name+line:妙見線,Wikidata CC0
2,173,35,多田,다다역,Q7674266,matched_station_line,station_name+line:妙見線,Wikidata CC0
2,173,37,平野,히라노역,Q5769424,matched_station_line,station_name+line:妙見線,Wikidata CC0
2,173,39,一の鳥居,이치노토리이역,Q5986263,matched_station_line,station_name+line:妙見線,Wikidata CC0
2,173,41,畦野,우네노역,Q7884223,matched_station_line,station_name+line:妙見線,Wikidata CC0
2,173,43,山下,야마시타역,Q8047950,matched_station_line,station_name+line:妙見線,Wikidata CC0
2,173,45,笹部,사사베역,Q7424961,matched_station_line,station_name+line:妙見線,Wikidata CC0
2,173,47,光風台,고후다이역,Q6455110,matched_station_line,station_name+line:妙見線,Wikidata CC0
2,173,48,ときわ台,도키와다이역,Q11273045,matched_station_line,station_name+line:妙見線,Wikidata CC0
2,173,50,妙見口,묘켄구치역,Q6949396,matched_station_line,station_name+line:妙見線,Wikidata CC0
2,174,43,山下,야마시타역,Q8047950,matched_station_line,station_name+line:日生線,Wikidata CC0
2,174,47,日生中央,닛세이추오역,Q11509696,matched_station_line,station_name+line:日生線,Wikidata CC0
2,176,1,御坊,고보역,Q2897645,matched_station_line,station_name+line:紀州鉄道線,Wikidata CC0
2,176,5,紀伊御坊,기이고보역,Q6406042,matched_station_line,station_name+line:紀州鉄道線,Wikidata CC0
2,176,7,市役所前,시야쿠쇼마에역,Q7499452,matched_station_line,station_name+line:紀州鉄道線,Wikidata CC0
2,176,9,西御坊,니시고보역,Q7040336,matched_station_line,station_name+line:紀州鉄道線,Wikidata CC0
2,177,1,難波,난바역,Q20079977,matched_station_line,station_name+line:南海本線,Wikidata CC0
2,177,3,今宮戎,이마미야에비스역,Q6003186,matched_station_line,station_name+line:南海本線,Wikidata CC0
2,177,5,新今宮,신이마미야역,Q59349,matched_station_line,station_name+line:南海本線,Wikidata CC0
2,177,7,萩ノ茶屋,하기노차야역,Q5215898,matched_station_line,station_name+line:南海本線,Wikidata CC0
2,177,9,天下茶屋,덴가차야역,Q2084603,matched_station_line,station_name_only,Wikidata CC0
2,177,11,岸里玉出,기시노사토다마데역,Q6416603,matched_station_line,station_name+line:南海本線,Wikidata CC0
2,177,15,粉浜,고하마역,Q6425907,matched_station_line,station_name+line:南海本線,Wikidata CC0
2,177,17,住吉大社,스미요시타이샤역,Q7637174,matched_station_line,station_name+line:南海本線,Wikidata CC0
2,177,19,住ノ江,스미노에역,Q7637134,matched_station_line,station_name+line:南海本線,Wikidata CC0
2,177,21,七道,시치도역,Q5567705,matched_station_line,station_name+line:南海本線,Wikidata CC0
2,177,23,堺,사카이역,Q7402765,matched_station_line,station_name+line:南海本線,Wikidata CC0
2,177,25,湊,미나토역,Q6863257,matched_station_line,station_name+line:南海本線,Wikidata CC0
2,177,27,石津川,이시즈가와역,Q6080457,matched_station_line,station_name+line:南海本線,Wikidata CC0
2,177,29,諏訪ノ森,스와노모리역,Q3022451,matched_station_line,station_name+line:南海本線,Wikidata CC0
2,177,31,浜寺公園,하마데라코엔역,Q5643976,matched_station_line,station_name+line:南海本線,Wikidata CC0
2,177,33,羽衣,하고로모역,Q11610370,matched_station_line,station_name+line:南海本線,Wikidata CC0
2,177,35,高石,다카이시역,Q7677086,matched_station_line,station_name+line:南海本線,Wikidata CC0
2,177,37,北助松,기타스케마쓰역,Q11401170,matched_station_line,station_name+line:南海本線,Wikidata CC0
2,177,39,松ノ浜,마쓰노하마역,Q6788172,matched_station_line,station_name+line:南海本線,Wikidata CC0
2,177,41,泉大津,이즈미오쓰역,Q6102379,matched_station_line,station_name+line:南海本線,Wikidata CC0
2,177,43,忠岡,다다오카역,Q7674341,matched_station_line,station_name+line:南海本線,Wikidata CC0
2,177,45,春木,하루키역,Q5675723,matched_station_line,station_name+line:南海本線,Wikidata CC0
2,177,47,和泉大宮,이즈미오미야역,Q6102276,matched_station_line,station_name+line:南海本線,Wikidata CC0
2,177,49,岸和田,기시와다역,Q6416611,matched_station_line,station_name+line:南海本線,Wikidata CC0
2,177,51,蛸地蔵,다코지조역,Q7678465,matched_station_line,station_name+line:南海本線,Wikidata CC0
2,177,53,貝塚,가이즈카역,Q6348761,matched_station_line,station_name+line:南海本線,Wikidata CC0
2,177,55,二色浜,니시키노하마역,Q11371769,matched_station_line,station_name+line:南海本線,Wikidata CC0
2,177,57,鶴原,쓰루하라역,Q7850278,matched_station_line,station_name+line:南海本線,Wikidata CC0
2,177,59,井原里,이하라노사토역,Q11373396,matched_station_line,station_name+line:南海本線,Wikidata CC0
2,177,61,泉佐野,이즈미사노역,Q6102374,matched_station_line,station_name+line:南海本線,Wikidata CC0
2,177,63,羽倉崎,하구라자키역,Q5638841,matched_station_line,station_name+line:南海本線,Wikidata CC0
2,177,65,吉見ノ里,요시미노사토역,Q8056171,matched_station_line,station_name+line:南海本線,Wikidata CC0
2,177,67,岡田浦,오카다우라역,Q7081723,matched_station_line,station_name+line:南海本線,Wikidata CC0
2,177,69,樽井,다루이역,Q11543694,matched_station_line,station_name+line:南海本線,Wikidata CC0
2,177,71,尾崎,오자키역,Q7116438,matched_station_line,station_name+line:南海本線,Wikidata CC0
2,177,73,鳥取ノ荘,돗토리노쇼역,Q7828507,matched_station_line,station_name+line:南海本線,Wikidata CC0
2,177,75,箱作,하코쓰쿠리역,Q5640602,matched_station_line,station_name+line:南海本線,Wikidata CC0
2,177,77,淡輪,단노와역,Q7683705,matched_station_line,station_name+line:南海本線,Wikidata CC0
2,177,79,みさき公園,미사키코엔역,Q6875069,matched_station_line,station_name+line:南海本線,Wikidata CC0
2,177,81,孝子,교시역,Q11448024,matched_station_line,station_name+line:南海本線,Wikidata CC0
2,177,82,和歌山大学前,와카야마다이가쿠마에역,Q7960872,matched_station_line,station_name+line:南海本線,Wikidata CC0
2,177,83,紀ノ川,기노카와역,Q11604938,matched_station_line,station_name+line:南海本線,Wikidata CC0
2,177,85,和歌山市,와카야마시역,Q3455721,matched_station_line,station_name+line:南海本線,Wikidata CC0
2,177,93,和歌山港,와카야마코역,Q7960873,matched_station_line,station_name+line:南海和歌山港線,Wikidata CC0
2,178,1,汐見橋,시오미바시역,Q7497881,matched_station_line,station_name+line:南海高野線,Wikidata CC0
2,178,3,芦原町,아시하라초역,Q4805066,matched_station_line,station_name+line:南海高野線,Wikidata CC0
2,178,5,木津川,기즈가와역,Q6419252,matched_station_line,station_name+line:南海高野線,Wikidata CC0
2,178,7,津守,쓰모리역,Q7850134,matched_station_line,station_name+line:南海高野線,Wikidata CC0
2,178,9,西天下茶屋,니시텐가차야역,Q7040427,matched_station_line,station_name+line:南海高野線,Wikidata CC0
2,178,11,岸里玉出,기시노사토다마데역,Q6416603,matched_station_line,station_name+line:南海高野線,Wikidata CC0
2,178,13,帝塚山,데즈카야마역,Q7708641,matched_station_line,station_name+line:南海高野線,Wikidata CC0
2,178,15,住吉東,스미요시히가시역,Q7637175,matched_station_line,station_name+line:南海高野線,Wikidata CC0
2,178,17,沢ノ町,사와노초역,Q7428584,matched_station_line,station_name+line:南海高野線,Wikidata CC0
2,178,19,我孫子前,아비코마에역,Q281912,matched_station_line,station_name+line:南海高野線,Wikidata CC0
2,178,21,浅香山,아사카야마역,Q4803423,matched_station_line,station_name+line:南海高野線,Wikidata CC0
2,178,23,堺東,사카이히가시역,Q7402783,matched_station_line,station_name+line:南海高野線,Wikidata CC0
2,178,25,三国ヶ丘,미쿠니가오카역,Q1043732,matched_station_line,station_name+line:南海高野線,Wikidata CC0
2,178,27,百舌鳥八幡,모즈하치만역,Q8190825,matched_station_line,station_name+line:南海高野線,Wikidata CC0
2,178,29,中百舌鳥,나카모즈역,Q1863087,matched_station_line,station_name+line:南海高野線,Wikidata CC0
2,178,31,白鷺,시라사기역,Q7498289,matched_station_line,station_name+line:南海高野線,Wikidata CC0
2,178,33,初芝,하쓰시바역,Q5681906,matched_station_line,station_name+line:南海高野線,Wikidata CC0
2,178,35,萩原天神,하기하라텐진역,Q5638735,matched_station_line,station_name+line:南海高野線,Wikidata CC0
2,178,37,北野田,기타노다역,Q6417858,matched_station_line,station_name+line:南海高野線,Wikidata CC0
2,178,39,狭山,사야마역,Q7429106,matched_station_line,station_name+line:南海高野線,Wikidata CC0
2,178,41,大阪狭山市,오사카사야마시역,Q8081684,matched_station_line,station_name+line:南海高野線,Wikidata CC0
2,178,43,金剛,곤고역,Q6429296,matched_station_line,station_name+line:南海高野線,Wikidata CC0
2,178,45,滝谷,다키다니역,Q7678294,matched_station_line,station_name+line:南海高野線,Wikidata CC0
2,178,47,千代田,지요다역,Q5102628,matched_station_line,station_name+line:南海高野線,Wikidata CC0
2,178,49,河内長野,가와치나가노역,Q6379476,matched_station_line,station_name+line:南海高野線,Wikidata CC0
2,178,51,三日市町,밋카이치초역,Q6849920,matched_station_line,station_name+line:南海高野線,Wikidata CC0
2,178,52,美加の台,미카노다이역,Q6845717,matched_station_line,station_name+line:南海高野線,Wikidata CC0
2,178,53,千早口,지하야구치역,Q5097284,matched_station_line,station_name+line:南海高野線,Wikidata CC0
2,178,55,天見,아마미역,Q4739460,matched_station_line,station_name+line:南海高野線,Wikidata CC0
2,178,57,紀見峠,기미토게역,Q6410156,matched_station_line,station_name+line:南海高野線,Wikidata CC0
2,178,58,林間田園都市,린칸덴엔토시역,Q7335047,matched_station_line,station_name+line:南海高野線,Wikidata CC0
2,178,59,御幸辻,미유키쓰지역,Q6884576,matched_station_line,station_name+line:南海高野線,Wikidata CC0
2,178,61,橋本,하시모토역,Q3558008,matched_station_line,station_name+line:南海高野線,Wikidata CC0
2,178,63,紀伊清水,기이시미즈역,Q6406048,matched_station_line,station_name+line:南海高野線,Wikidata CC0
2,178,65,学文路,가무로역,Q6359870,matched_station_line,station_name+line:南海高野線,Wikidata CC0
2,178,67,九度山,구도야마역,Q289187,matched_station_line,station_name+line:南海高野線,Wikidata CC0
2,178,69,高野下,고야시타역,Q6455338,matched_station_line,station_name+line:南海高野線,Wikidata CC0
2,178,71,下古沢,시모코사와역,Q7496926,matched_station_line,station_name+line:南海高野線,Wikidata CC0
2,178,73,上古沢,가미코사와역,Q11358653,matched_station_line,station_name+line:南海高野線,Wikidata CC0
2,178,75,紀伊細川,기이호소카와역,Q6406043,matched_station_line,station_name+line:南海高野線,Wikidata CC0
2,178,77,紀伊神谷,기이카미야역,Q6406045,matched_station_line,station_name+line:南海高野線,Wikidata CC0
2,178,79,極楽橋,고쿠라쿠바시역,Q5578128,matched_station_line,station_name+line:南海高野線,Wikidata CC0
2,179,87,和歌山,와카야마역,Q1044107,matched_station_line,station_name+line:貴志川線,Wikidata CC0
2,179,111,貴志,기시역,Q11634778,matched_station_line,station_name+line:貴志川線,Wikidata CC0
2,180,85,東松江,히가시마쓰에 역 (와카야마 현),Q11527362,matched_station_line,station_name+line:南海加太線,Wikidata CC0
2,180,87,中松江,나카마쓰에역,Q11366185,matched_station_line,station_name+line:南海加太線,Wikidata CC0
2,180,89,八幡前,하치만마에 역 (와카야마 현),Q5637060,matched_station_line,station_name+line:南海加太線,Wikidata CC0
2,180,91,西ノ庄,니시노쇼역,Q11627075,matched_station_line,station_name+line:南海加太線,Wikidata CC0
2,180,93,二里ヶ浜,니리가하마역,Q7039975,matched_station_line,station_name+line:南海加太線,Wikidata CC0
2,180,95,磯ノ浦,이소노우라역,Q6086167,matched_station_line,station_name+line:南海加太線,Wikidata CC0
2,180,97,加太,가다역,Q11398586,matched_station_line,station_name+line:南海加太線,Wikidata CC0
2,181,81,深日町,후케초역,Q5507595,matched_station_line,station_name+line:南海多奈川線,Wikidata CC0
2,181,83,深日港,후케코역,Q5507596,matched_station_line,station_name+line:南海多奈川線,Wikidata CC0
2,181,85,多奈川,다나가와역,Q7682211,matched_station_line,station_name+line:南海多奈川線,Wikidata CC0
2,182,35,伽羅橋,갸라바시역,Q6450736,matched_station_line,station_name+line:南海高師浜線,Wikidata CC0
2,182,37,高師浜,다카시노하마역,Q7677402,matched_station_line,station_name+line:南海高師浜線,Wikidata CC0
2,183,3,りんくうタウン,린쿠타운역,Q856990,matched_station_line,station_name+line:関西空港線,Wikidata CC0
2,183,5,関西空港,간사이 공항역,Q844023,matched_station_line,station_name+line:関西空港線,Wikidata CC0
2,184,1,恵美須町,에비스초역,Q2066656,matched_station_line,station_name_only,Wikidata CC0
2,184,57,石津,이시즈 역 (기후현),Q6080440,matched_station_line,station_name_only,Wikidata CC0
2,184,59,船尾,후나오역,Q5508733,matched_station_line,station_name_only,Wikidata CC0
2,185,9,阿倍野,아베노역,Q135196,matched_station_line,station_name_only,Wikidata CC0
2,186,29,中百舌鳥,나카모즈역,Q1863087,matched_station_line,station_name+line:南海泉北線,Wikidata CC0
2,186,103,深井,후카이역,Q5507572,matched_station_line,station_name+line:南海泉北線,Wikidata CC0
2,186,107,泉ケ丘,이즈미가오카역,Q6102358,matched_station_line,station_name+line:南海泉北線,Wikidata CC0
2,186,109,栂・美木多,토가미키타 역,Q7813027,matched_station_line,station_name+line:南海泉北線,Wikidata CC0
2,186,111,光明池,고묘이케역,Q6455215,matched_station_line,station_name+line:南海泉北線,Wikidata CC0
2,186,113,和泉中央,이즈미추오역,Q6102264,matched_station_line,station_name+line:南海泉北線,Wikidata CC0
2,194,1,貝塚,가이즈카역,Q6348761,matched_station_line,station_name+line:水間線,Wikidata CC0
2,194,15,森,모리역,Q864405,matched_station_line,station_name_only,Wikidata CC0
2,197,2,淀屋橋,요도야바시역,Q1131721,matched_station_line,station_name+line:京阪本線,Wikidata CC0
2,197,4,北浜,기타하마역,Q1042837,matched_station_line,station_name+line:京阪本線,Wikidata CC0
2,197,6,天満橋,덴마바시역,Q1043084,matched_station_line,station_name+line:京阪本線,Wikidata CC0
2,197,12,野江,노에역,Q856571,matched_station_line,station_name+line:京阪本線,Wikidata CC0
2,197,14,関目,세키메역,Q857367,matched_station_line,station_name+line:京阪本線,Wikidata CC0
2,197,16,森小路,모리쇼지역,Q2430458,matched_station_line,station_name+line:京阪本線,Wikidata CC0
2,197,18,千林,센바야시역,Q857384,matched_station_line,station_name+line:京阪本線,Wikidata CC0
2,197,20,滝井,다키이역,Q1820138,matched_station_line,station_name+line:京阪本線,Wikidata CC0
2,197,22,土居,도이역,Q888035,matched_station_line,station_name+line:京阪本線,Wikidata CC0
2,197,24,守口市,모리구치시역,Q888039,matched_station_line,station_name+line:京阪本線,Wikidata CC0
2,197,26,西三荘,니시산소역,Q1027383,matched_station_line,station_name+line:京阪本線,Wikidata CC0
2,197,28,門真市,가도마시역,Q1027541,matched_station_line,station_name+line:京阪本線,Wikidata CC0
2,197,30,古川橋,후루카와바시역,Q1027543,matched_station_line,station_name+line:京阪本線,Wikidata CC0
2,197,32,大和田,오와다역,Q1092049,matched_station_line,station_name+line:京阪本線,Wikidata CC0
2,197,34,萱島,가야시마역,Q1185827,matched_station_line,station_name+line:京阪本線,Wikidata CC0
2,197,36,寝屋川市,네야가와시역,Q1185840,matched_station_line,station_name+line:京阪本線,Wikidata CC0
2,197,38,香里園,고리엔역,Q1573207,matched_station_line,station_name+line:京阪本線,Wikidata CC0
2,197,40,光善寺,고젠지역,Q1573336,matched_station_line,station_name+line:京阪本線,Wikidata CC0
2,197,42,枚方公園,히라카타코엔역,Q1573574,matched_station_line,station_name+line:京阪本線,Wikidata CC0
2,197,44,枚方市,히라카타시역,Q1825125,matched_station_line,station_name+line:京阪本線,Wikidata CC0
2,197,48,御殿山,고텐야마역,Q1825091,matched_station_line,station_name+line:京阪本線,Wikidata CC0
2,197,50,牧野,마키노역,Q1825108,matched_station_line,station_name+line:京阪本線,Wikidata CC0
2,197,52,樟葉,구즈하역,Q1825100,matched_station_line,station_name+line:京阪本線,Wikidata CC0
2,197,54,橋本,하시모토역,Q1954974,matched_station_line,station_name+line:京阪本線,Wikidata CC0
2,197,56,石清水八幡宮,야와타시 역,Q1977185,matched_station_line,station_name+line:京阪本線,Wikidata CC0
2,197,58,淀,요도역,Q2025929,matched_station_line,station_name+line:京阪本線,Wikidata CC0
2,197,60,中書島,주쇼지마역,Q2093385,matched_station_line,station_name+line:京阪本線,Wikidata CC0
2,197,64,伏見桃山,후시미모모야마역,Q2093399,matched_station_line,station_name+line:京阪本線,Wikidata CC0
2,197,66,丹波橋,단바바시역,Q2093391,matched_station_line,station_name+line:京阪本線,Wikidata CC0
2,197,68,墨染,스미조메역,Q2153618,matched_station_line,station_name+line:京阪本線,Wikidata CC0
2,197,70,藤森,후지노모리역,Q2153600,matched_station_line,station_name+line:京阪本線,Wikidata CC0
2,197,72,龍谷大前深草,후카쿠사 역,Q1004269,matched_station_line,station_name+line:京阪本線,Wikidata CC0
2,197,76,伏見稲荷,후시미이나리역,Q2153247,matched_station_line,station_name+line:京阪本線,Wikidata CC0
2,197,78,鳥羽街道,도바카이도역,Q2153284,matched_station_line,station_name+line:京阪本線,Wikidata CC0
2,197,80,東福寺,도후쿠지역,Q1044897,matched_station_line,station_name+line:京阪本線,Wikidata CC0
2,197,82,七条,시치조역,Q2153254,matched_station_line,station_name+line:京阪本線,Wikidata CC0
2,197,84,清水五条,기요미즈고조역,Q1111248,matched_station_line,station_name+line:京阪本線,Wikidata CC0
2,197,86,祇園四条,기온시조역,Q2153263,matched_station_line,station_name+line:京阪本線,Wikidata CC0
2,197,88,三条,산조역,Q2153196,matched_station_line,station_name+line:京阪本線,Wikidata CC0
2,197,90,神宮丸太町,진구마루타마치역,Q2244767,matched_station_line,station_name+line:京阪鴨東線,Wikidata CC0
2,197,92,出町柳,데마치야나기역,Q2256123,matched_station_line,station_name+line:京阪鴨東線,Wikidata CC0
2,197,196,ケーブル八幡宮山上,오토코야마산조역,Q7108964,matched_station_line,station_name_only,Wikidata CC0
2,197,202,なにわ橋,나니와바시역,Q858429,matched_station_line,station_name+line:京阪中之島線,Wikidata CC0
2,197,204,大江橋,오에바시역,Q981704,matched_station_line,station_name+line:京阪中之島線,Wikidata CC0
2,197,206,渡辺橋,와타나베바시역,Q981701,matched_station_line,station_name+line:京阪中之島線,Wikidata CC0
2,197,208,中之島,나카노시마역,Q858693,matched_station_line,station_name+line:京阪中之島線,Wikidata CC0
2,198,100,宮之阪,미야노사카역,Q9303785,matched_station_line,station_name+line:京阪交野線,Wikidata CC0
2,198,102,星ヶ丘,호시가오카역,Q5908026,matched_station_line,station_name+line:京阪交野線,Wikidata CC0
2,198,104,村野,무라노역,Q6937332,matched_station_line,station_name+line:京阪交野線,Wikidata CC0
2,198,106,郡津,고즈역,Q6455350,matched_station_line,station_name+line:京阪交野線,Wikidata CC0
2,198,108,交野市,가타노시역,Q6375107,matched_station_line,station_name+line:京阪交野線,Wikidata CC0
2,198,110,河内森,가와치모리역,Q6379461,matched_station_line,station_name+line:京阪交野線,Wikidata CC0
2,198,112,私市,기사이치역,Q10858384,matched_station_line,station_name+line:京阪交野線,Wikidata CC0
2,199,114,観月橋,간게쓰쿄역,Q2492072,matched_station_line,station_name+line:京阪宇治線,Wikidata CC0
2,199,116,桃山南口,모모야마미나미구치역,Q2368300,matched_station_line,station_name+line:京阪宇治線,Wikidata CC0
2,199,118,六地蔵,로쿠지조역,Q1134785,matched_station_line,station_name_only,Wikidata CC0
2,199,120,木幡,고와타역,Q2368287,matched_station_line,station_name+line:京阪宇治線,Wikidata CC0
2,199,124,三室戸,미무로도역,Q2339465,matched_station_line,station_name+line:京阪宇治線,Wikidata CC0
2,199,126,宇治,우지역,Q2218758,matched_station_line,station_name+line:京阪宇治線,Wikidata CC0
2,200,138,御陵,미사사기역,Q2470158,matched_station_line,station_name+line:京津線,Wikidata CC0
2,200,140,京阪山科,게이한야마시나역,Q11375846,matched_station_line,station_name+line:京津線,Wikidata CC0
2,200,142,四宮,시노미야역,Q7497731,matched_station_line,station_name+line:京津線,Wikidata CC0
2,200,144,追分,오이와케역,Q7081571,matched_station_line,station_name+line:京津線,Wikidata CC0
2,200,146,大谷,오타니역,Q8081757,matched_station_line,station_name+line:京津線,Wikidata CC0
2,200,150,上栄町,가미사카에마치역,Q11359423,matched_station_line,station_name+line:京津線,Wikidata CC0
2,201,152,びわ湖浜大津,하마오쓰 역,Q5644181,matched_station_line,station_name+line:石山坂本線,Wikidata CC0
2,201,154,島ノ関,시마노세키역,Q7496833,matched_station_line,station_name+line:石山坂本線,Wikidata CC0
2,201,156,石場,이시바역,Q6080121,matched_station_line,station_name+line:石山坂本線,Wikidata CC0
2,201,158,京阪膳所,게이한제제역,Q11375864,matched_station_line,station_name+line:石山坂本線,Wikidata CC0
2,201,160,錦,니시키역,Q7040593,matched_station_line,station_name+line:石山坂本線,Wikidata CC0
2,201,162,膳所本町,제제혼마치역,Q8069983,matched_station_line,station_name+line:石山坂本線,Wikidata CC0
2,201,164,中ノ庄,나카노쇼역,Q6960294,matched_station_line,station_name+line:石山坂本線,Wikidata CC0
2,201,166,瓦ヶ浜,가와라가하마역,Q6379681,matched_station_line,station_name+line:石山坂本線,Wikidata CC0
2,201,168,粟津,아와즈역,Q4829985,matched_station_line,station_name+line:石山坂本線,Wikidata CC0
2,201,170,京阪石山,게이한이시야마역,Q11375858,matched_station_line,station_name+line:石山坂本線,Wikidata CC0
2,201,172,唐橋前,가라하시마에역,Q6367945,matched_station_line,station_name+line:石山坂本線,Wikidata CC0
2,201,174,石山寺,이시야마데라역,Q11585529,matched_station_line,station_name+line:石山坂本線,Wikidata CC0
2,201,176,三井寺,미이데라역,Q6845413,matched_station_line,station_name+line:石山坂本線,Wikidata CC0
2,201,178,大津市役所前,벳쇼 역,Q11396809,matched_station_line,station_name+line:石山坂本線,Wikidata CC0
2,201,180,京阪大津京,오지야마 역,Q8081539,matched_station_line,station_name+line:石山坂本線,Wikidata CC0
2,201,182,近江神宮前,오미진구마에역,Q8081616,matched_station_line,station_name+line:石山坂本線,Wikidata CC0
2,201,184,南滋賀,미나미시가역,Q6862967,matched_station_line,station_name+line:石山坂本線,Wikidata CC0
2,201,186,滋賀里,시가사토역,Q7496309,matched_station_line,station_name+line:石山坂本線,Wikidata CC0
2,201,190,穴太,아노역,Q4778548,matched_station_line,station_name+line:石山坂本線,Wikidata CC0
2,201,192,松ノ馬場,마쓰노반바역,Q6788168,matched_station_line,station_name+line:石山坂本線,Wikidata CC0
2,201,194,坂本比叡山口,사카모토역,Q405082,matched_station_line,station_name+line:石山坂本線,Wikidata CC0
2,206,1,近鉄富田,긴테쓰토미다역,Q2913531,matched_station_line,station_name+line:三岐線,Wikidata CC0
2,206,129,西桑名,니시쿠와나역,Q8191179,matched_station_line,station_name+line:北勢線,Wikidata CC0
2,206,131,馬道,우마미치역,Q11668092,matched_station_line,station_name+line:北勢線,Wikidata CC0
2,206,133,西別所,니시벳쇼역,Q11627288,matched_station_line,station_name+line:北勢線,Wikidata CC0
2,206,135,蓮花寺,렌게지역,Q11621733,matched_station_line,station_name+line:北勢線,Wikidata CC0
2,206,137,在良,아리요시역,Q11423991,matched_station_line,station_name+line:北勢線,Wikidata CC0
2,206,140,星川,호시카와역,Q11512904,matched_station_line,station_name+line:北勢線,Wikidata CC0
2,206,141,七和,나나와역,Q11353431,matched_station_line,station_name+line:北勢線,Wikidata CC0
2,206,143,穴太,아노역,Q11597219,matched_station_line,station_name+line:北勢線,Wikidata CC0
2,206,146,東員,도인역,Q7862665,matched_station_line,station_name+line:北勢線,Wikidata CC0
2,206,150,大泉,오이즈미역,Q11437195,matched_station_line,station_name+line:北勢線,Wikidata CC0
2,206,153,楚原,소하라역,Q11541143,matched_station_line,station_name+line:北勢線,Wikidata CC0
2,206,157,麻生田,오다역,Q11677572,matched_station_line,station_name+line:北勢線,Wikidata CC0
2,206,161,阿下喜,아게키역,Q4691962,matched_station_line,station_name+line:北勢線,Wikidata CC0
2,207,6,山ノ内,야마노우치역,Q8047907,matched_station_line,station_name_only,Wikidata CC0
2,207,16,嵐山,아라시야마역,Q4784377,matched_station_line,station_name_only,Wikidata CC0
2,208,1,常盤,도키와역,Q7813625,matched_station_line,station_name_only,Wikidata CC0
2,209,1,出町柳,데마치야나기역,Q2256123,matched_station_line,station_name+line:叡山本線,Wikidata CC0
2,209,2,元田中,모토타나카역,Q6918534,matched_station_line,station_name+line:叡山本線,Wikidata CC0
2,209,3,茶山・京都芸術大学,자야마역,Q5088622,matched_station_line,station_name+line:叡山本線,Wikidata CC0
2,209,4,一乗寺,이치조지역,Q5986149,matched_station_line,station_name+line:叡山本線,Wikidata CC0
2,209,5,修学院,슈가쿠인역,Q7506264,matched_station_line,station_name+line:叡山本線,Wikidata CC0
2,209,7,三宅八幡,미야케하치만역,Q10865749,matched_station_line,station_name+line:叡山本線,Wikidata CC0
2,209,8,八瀬比叡山口,야세히에이잔구치역,Q8189585,matched_station_line,station_name+line:叡山本線,Wikidata CC0
2,210,9,八幡前,하치만마에역,Q5637053,matched_station_line,station_name+line:鞍馬線,Wikidata CC0
2,210,10,岩倉,이와쿠라역,Q6100440,matched_station_line,station_name+line:鞍馬線,Wikidata CC0
2,210,12,木野,기노역,Q6414165,matched_station_line,station_name+line:鞍馬線,Wikidata CC0
2,210,13,京都精華大前,교토세이카다이마에역,Q27298,matched_station_line,station_name+line:鞍馬線,Wikidata CC0
2,210,14,二軒茶屋,니켄차야역,Q27288,matched_station_line,station_name+line:鞍馬線,Wikidata CC0
2,210,15,市原,이치하라역,Q5986135,matched_station_line,station_name+line:鞍馬線,Wikidata CC0
2,210,16,二ノ瀬,니노세역,Q7039093,matched_station_line,station_name+line:鞍馬線,Wikidata CC0
2,210,17,貴船口,기부네구치역,Q6404085,matched_station_line,station_name+line:鞍馬線,Wikidata CC0
2,210,18,鞍馬,구라마역,Q6445553,matched_station_line,station_name+line:鞍馬線,Wikidata CC0
2,212,79,湊川,미나토가와역,Q6863276,matched_station_line,station_name+line:有馬線,Wikidata CC0
2,212,82,長田,나가타역,Q6958663,matched_station_line,station_name+line:有馬線,Wikidata CC0
2,212,84,丸山,마루야마역,Q6778053,matched_station_line,station_name+line:有馬線,Wikidata CC0
2,212,86,鵯越,히요도리고에역,Q5872940,matched_station_line,station_name+line:有馬線,Wikidata CC0
2,212,90,鈴蘭台,스즈란다이역,Q7651395,matched_station_line,station_name+line:有馬線,Wikidata CC0
2,212,92,北鈴蘭台,기타스즈란다이역,Q6417608,matched_station_line,station_name+line:有馬線,Wikidata CC0
2,212,94,山の街,야마노마치역,Q8047898,matched_station_line,station_name+line:有馬線,Wikidata CC0
2,212,96,箕谷,미노타니역,Q6869363,matched_station_line,station_name+line:有馬線,Wikidata CC0
2,212,98,谷上,다니가미역,Q873599,matched_station_line,station_name+line:有馬線,Wikidata CC0
2,212,100,花山,하나야마역,Q5646954,matched_station_line,station_name+line:有馬線,Wikidata CC0
2,212,102,大池,오이케역,Q8081511,matched_station_line,station_name+line:有馬線,Wikidata CC0
2,212,104,神鉄六甲,신테쓰롯코역,Q7497795,matched_station_line,station_name+line:有馬線,Wikidata CC0
2,212,106,唐櫃台,가라토다이역,Q6368797,matched_station_line,station_name+line:有馬線,Wikidata CC0
2,212,108,有馬口,아리마구치역,Q4790685,matched_station_line,station_name+line:有馬線,Wikidata CC0
2,212,112,有馬温泉,아리마온센역,Q4790676,matched_station_line,station_name+line:有馬線,Wikidata CC0
2,213,110,五社,고샤역,Q5587229,matched_station_line,station_name+line:三田線,Wikidata CC0
2,213,114,岡場,오카바역,Q7081708,matched_station_line,station_name+line:三田線,Wikidata CC0
2,213,116,田尾寺,다오지역,Q11576558,matched_station_line,station_name+line:三田線,Wikidata CC0
2,213,118,二郎,니로역,Q11371826,matched_station_line,station_name+line:三田線,Wikidata CC0
2,213,120,道場南口,도조미나미구치역,Q5321257,matched_station_line,station_name+line:三田線,Wikidata CC0
2,213,124,神鉄道場,신테쓰도조역,Q7497793,matched_station_line,station_name+line:三田線,Wikidata CC0
2,213,126,横山,요코야마역,Q11542672,matched_station_line,station_name+line:三田線,Wikidata CC0
2,213,128,三田本町,산다혼마치역,Q7415919,matched_station_line,station_name+line:三田線,Wikidata CC0
2,213,132,フラワータウン,플라워 타운역,Q5462195,matched_station_line,station_name+line:公園都市線,Wikidata CC0
2,213,134,南ウッディタウン,미나미우디타운역,Q6863052,matched_station_line,station_name+line:公園都市線,Wikidata CC0
2,213,136,ウッディタウン中央,우디타운추오역,Q8033703,matched_station_line,station_name+line:公園都市線,Wikidata CC0
2,214,90,鈴蘭台,스즈란다이역,Q7651395,matched_station_line,station_name+line:粟生線,Wikidata CC0
2,214,92,鈴蘭台西口,스즈란다이니시구치역,Q7651392,matched_station_line,station_name+line:粟生線,Wikidata CC0
2,214,93,西鈴蘭台,니시스즈란다이역,Q7040415,matched_station_line,station_name+line:粟生線,Wikidata CC0
2,214,95,藍那,아이나역,Q8192057,matched_station_line,station_name+line:粟生線,Wikidata CC0
2,214,98,木津,기즈역,Q6419249,matched_station_line,station_name+line:粟生線,Wikidata CC0
2,214,100,木幡,고바타역,Q6424273,matched_station_line,station_name+line:粟生線,Wikidata CC0
2,214,102,栄,사카에역,Q7402746,matched_station_line,station_name+line:粟生線,Wikidata CC0
2,214,104,押部谷,오시베다니역,Q7106604,matched_station_line,station_name+line:粟生線,Wikidata CC0
2,214,106,緑が丘,미도리가오카역,Q6842938,matched_station_line,station_name+line:粟生線,Wikidata CC0
2,214,108,広野ゴルフ場前,히로노고루후조마에역,Q5770635,matched_station_line,station_name+line:粟生線,Wikidata CC0
2,214,110,志染,시지미역,Q7496513,matched_station_line,station_name+line:粟生線,Wikidata CC0
2,214,112,恵比須,에비스역,Q5331870,matched_station_line,station_name+line:粟生線,Wikidata CC0
2,214,114,三木上の丸,미키우에노마루역,Q6849869,matched_station_line,station_name+line:粟生線,Wikidata CC0
2,214,116,三木,미키역,Q6849859,matched_station_line,station_name+line:粟生線,Wikidata CC0
2,214,118,大村,오무라역,Q8081634,matched_station_line,station_name+line:粟生線,Wikidata CC0
2,214,120,樫山,가시야마역,Q6374369,matched_station_line,station_name+line:粟生線,Wikidata CC0
2,214,122,市場,이치바역,Q5986094,matched_station_line,station_name+line:粟生線,Wikidata CC0
2,214,124,小野,오노역,Q7094420,matched_station_line,station_name+line:粟生線,Wikidata CC0
2,214,126,葉多,하타역,Q5680869,matched_station_line,station_name+line:粟生線,Wikidata CC0
2,214,128,粟生,아오역,Q1104653,matched_station_line,station_name+line:粟生線,Wikidata CC0
2,215,96,新神戸,신코베역,Q801435,matched_station_line,station_name_only,Wikidata CC0
2,215,98,谷上,다니가미역,Q873599,matched_station_line,station_name_only,Wikidata CC0
2,217,80,西代,니시다이역,Q7040529,matched_station_line,station_name+line:山陽電気鉄道本線,Wikidata CC0
2,217,82,板宿,이타야도역,Q5358392,matched_station_line,station_name+line:山陽電気鉄道本線,Wikidata CC0
2,217,84,東須磨,히가시스마역,Q5753847,matched_station_line,station_name+line:山陽電気鉄道本線,Wikidata CC0
2,217,86,月見山,쓰키미야마역,Q7850075,matched_station_line,station_name+line:山陽電気鉄道本線,Wikidata CC0
2,217,88,須磨寺,스마데라역,Q11664681,matched_station_line,station_name+line:山陽電気鉄道本線,Wikidata CC0
2,217,89,山陽須磨,산요스마역,Q7420816,matched_station_line,station_name+line:山陽電気鉄道本線,Wikidata CC0
2,217,91,須磨浦公園,스마우라코엔역,Q7637023,matched_station_line,station_name+line:山陽電気鉄道本線,Wikidata CC0
2,217,93,山陽塩屋,산요시오야역,Q7420814,matched_station_line,station_name+line:山陽電気鉄道本線,Wikidata CC0
2,217,95,滝の茶屋,다키노차야역,Q7678386,matched_station_line,station_name+line:山陽電気鉄道本線,Wikidata CC0
2,217,97,東垂水,히가시타루미역,Q5753865,matched_station_line,station_name+line:山陽電気鉄道本線,Wikidata CC0
2,217,99,山陽垂水,산요타루미역,Q7420819,matched_station_line,station_name+line:山陽電気鉄道本線,Wikidata CC0
2,217,101,霞ヶ丘,가스미가오카역,Q6374899,matched_station_line,station_name+line:山陽電気鉄道本線,Wikidata CC0
2,217,103,舞子公園,마이코코엔역,Q6735647,matched_station_line,station_name+line:山陽電気鉄道本線,Wikidata CC0
2,217,105,西舞子,니시마이코역,Q11629438,matched_station_line,station_name+line:山陽電気鉄道本線,Wikidata CC0
2,217,107,大蔵谷,오쿠라다니역,Q8081586,matched_station_line,station_name+line:山陽電気鉄道本線,Wikidata CC0
2,217,108,人丸前,히토마루마에역,Q11375900,matched_station_line,station_name+line:山陽電気鉄道本線,Wikidata CC0
2,217,110,山陽明石,산요아카시역,Q7420798,matched_station_line,station_name+line:山陽電気鉄道本線,Wikidata CC0
2,217,112,西新町,니시신마치역,Q7040403,matched_station_line,station_name+line:山陽電気鉄道本線,Wikidata CC0
2,217,114,林崎松江海岸,하야시사키마쓰에카이간역,Q5686059,matched_station_line,station_name+line:山陽電気鉄道本線,Wikidata CC0
2,217,116,藤江,후지에역,Q5507384,matched_station_line,station_name+line:山陽電気鉄道本線,Wikidata CC0
2,217,118,中八木,나카야기역,Q6960374,matched_station_line,station_name+line:山陽電気鉄道本線,Wikidata CC0
2,217,120,江井ヶ島,에이가시마역,Q5348895,matched_station_line,station_name+line:山陽電気鉄道本線,Wikidata CC0
2,217,122,西江井ヶ島,니시에이가시마역,Q7040324,matched_station_line,station_name+line:山陽電気鉄道本線,Wikidata CC0
2,217,124,山陽魚住,산요우오즈미역,Q7420821,matched_station_line,station_name+line:山陽電気鉄道本線,Wikidata CC0
2,217,126,東二見,히가시후타미역,Q251834,matched_station_line,station_name+line:山陽電気鉄道本線,Wikidata CC0
2,217,127,西二見,니시후타미역,Q7040333,matched_station_line,station_name+line:山陽電気鉄道本線,Wikidata CC0
2,217,128,播磨町,하리마초역,Q5657536,matched_station_line,station_name+line:山陽電気鉄道本線,Wikidata CC0
2,217,132,浜の宮,하마노미야역,Q5644063,matched_station_line,station_name+line:山陽電気鉄道本線,Wikidata CC0
2,217,134,尾上の松,오노에노마쓰역,Q7094452,matched_station_line,station_name+line:山陽電気鉄道本線,Wikidata CC0
2,217,138,荒井,아라이역,Q4783763,matched_station_line,station_name+line:山陽電気鉄道本線,Wikidata CC0
2,217,140,伊保,이호역,Q5994732,matched_station_line,station_name+line:山陽電気鉄道本線,Wikidata CC0
2,217,142,山陽曽根,산요소네역,Q7420815,matched_station_line,station_name+line:山陽電気鉄道本線,Wikidata CC0
2,217,144,大塩,오시오역,Q8081713,matched_station_line,station_name+line:山陽電気鉄道本線,Wikidata CC0
2,217,146,的形,마토가타역,Q6787732,matched_station_line,station_name+line:山陽電気鉄道本線,Wikidata CC0
2,217,148,八家,야카역,Q8047028,matched_station_line,station_name+line:山陽電気鉄道本線,Wikidata CC0
2,217,150,白浜の宮,시라하마노미야역,Q7498233,matched_station_line,station_name+line:山陽電気鉄道本線,Wikidata CC0
2,217,152,妻鹿,메가역,Q6808125,matched_station_line,station_name+line:山陽電気鉄道本線,Wikidata CC0
2,217,154,飾磨,시카마역,Q7496537,matched_station_line,station_name+line:山陽電気鉄道本線,Wikidata CC0
2,217,158,手柄,데가라역,Q372107,matched_station_line,station_name+line:山陽電気鉄道本線,Wikidata CC0
2,217,160,山陽姫路,산요히메지역,Q7420806,matched_station_line,station_name+line:山陽電気鉄道本線,Wikidata CC0
2,218,156,西飾磨,니시시카마역,Q7040401,matched_station_line,station_name+line:山陽電気鉄道網干線,Wikidata CC0
2,218,158,夢前川,유메사키가와역,Q8061104,matched_station_line,station_name+line:山陽電気鉄道網干線,Wikidata CC0
2,218,160,広畑,히로하타역,Q5770173,matched_station_line,station_name+line:山陽電気鉄道網干線,Wikidata CC0
2,218,162,山陽天満,산요텐마역,Q7420796,matched_station_line,station_name+line:山陽電気鉄道網干線,Wikidata CC0
2,218,164,平松,히라마쓰역,Q5769361,matched_station_line,station_name+line:山陽電気鉄道網干線,Wikidata CC0
2,218,166,山陽網干,산요아보시역,Q28812906,matched_station_line,station_name+line:山陽電気鉄道網干線,Wikidata CC0
2,222,1,江坂,에사카역,Q691770,matched_station_line,station_name+line:南北線,Wikidata CC0
2,222,2,緑地公園,료쿠치코엔역,Q59455,matched_station_line,station_name+line:南北線,Wikidata CC0
2,222,4,桃山台,모모야마다이역,Q59341,matched_station_line,station_name+line:南北線,Wikidata CC0
2,222,5,千里中央,센리주오 역,Q2056658,matched_station_line,station_name+line:南北線,Wikidata CC0
2,222,6,箕面船場阪大前,미노센바한다이마에역,Q11603217,matched_station_line,station_name+line:南北線,Wikidata CC0
2,222,7,箕面萱野,미노카야노역,Q11503900,matched_station_line,station_name+line:南北線,Wikidata CC0
2,223,1,米原,마이바라역,Q801158,matched_station_line,station_name+line:東海道本線,Wikidata CC0
2,223,7,彦根,히코네역,Q1131151,matched_station_line,station_name+line:東海道本線,Wikidata CC0
2,224,1,近江八幡,오미하치만역,Q1042782,matched_station_line,station_name+line:近江鉄道八日市線,Wikidata CC0
2,224,5,平田,히라타역,Q3797724,matched_station_line,station_name_only,Wikidata CC0
2,227,1,大阪阿部野橋,오사카아베노바시역,Q6801405,matched_station_line,station_name+line:近鉄南大阪線,Wikidata CC0
2,227,2,河堀口,고보레구치역,Q6424479,matched_station_line,station_name+line:近鉄南大阪線,Wikidata CC0
2,227,3,北田辺,기타타나베역,Q6417611,matched_station_line,station_name+line:近鉄南大阪線,Wikidata CC0
2,227,4,今川,이마가와역,Q6002049,matched_station_line,station_name+line:近鉄南大阪線,Wikidata CC0
2,227,5,針中野,하리나카노역,Q5657576,matched_station_line,station_name+line:近鉄南大阪線,Wikidata CC0
2,227,6,矢田,야타역,Q8050150,matched_station_line,station_name+line:近鉄南大阪線,Wikidata CC0
2,227,8,河内天美,가와치아마미역,Q6379447,matched_station_line,station_name+line:近鉄南大阪線,Wikidata CC0
2,227,9,布忍,누노세역,Q7069909,matched_station_line,station_name+line:近鉄南大阪線,Wikidata CC0
2,227,10,高見ノ里,다카미노사토역,Q7677146,matched_station_line,station_name+line:近鉄南大阪線,Wikidata CC0
2,227,11,河内松原,가와치마쓰바라역,Q6379458,matched_station_line,station_name+line:近鉄南大阪線,Wikidata CC0
2,227,13,恵我ノ荘,에가노쇼역,Q5347687,matched_station_line,station_name+line:近鉄南大阪線,Wikidata CC0
2,227,14,高鷲,다카와시역,Q7677455,matched_station_line,station_name+line:近鉄南大阪線,Wikidata CC0
2,227,15,藤井寺,후지이데라역,Q5507418,matched_station_line,station_name+line:近鉄南大阪線,Wikidata CC0
2,227,17,土師ノ里,하지노사토역,Q5640000,matched_station_line,station_name+line:近鉄南大阪線,Wikidata CC0
2,227,18,道明寺,도묘지역,Q5321260,matched_station_line,station_name+line:近鉄南大阪線,Wikidata CC0
2,227,20,古市,후루이치역,Q5509796,matched_station_line,station_name+line:近鉄南大阪線,Wikidata CC0
2,227,22,駒ヶ谷,고마가타니역,Q6428062,matched_station_line,station_name+line:近鉄南大阪線,Wikidata CC0
2,227,24,上ノ太子,가미노타이시역,Q6358219,matched_station_line,station_name+line:近鉄南大阪線,Wikidata CC0
2,227,28,二上山,니조잔역,Q11371274,matched_station_line,station_name+line:近鉄南大阪線,Wikidata CC0
2,227,29,二上神社口,니조진자구치역,Q7034581,matched_station_line,station_name+line:近鉄南大阪線,Wikidata CC0
2,227,31,当麻寺,다이마데라역,Q7676152,matched_station_line,station_name+line:近鉄南大阪線,Wikidata CC0
2,227,32,磐城,이와키역,Q6100410,matched_station_line,station_name+line:近鉄南大阪線,Wikidata CC0
2,227,33,尺土,샤쿠도역,Q7487088,matched_station_line,station_name+line:近鉄南大阪線,Wikidata CC0
2,227,35,高田市,다카다시역,Q7677000,matched_station_line,station_name+line:近鉄南大阪線,Wikidata CC0
2,227,36,浮孔,우키아나역,Q7878310,matched_station_line,station_name+line:近鉄南大阪線,Wikidata CC0
2,227,37,坊城,보조역,Q5005692,matched_station_line,station_name+line:近鉄南大阪線,Wikidata CC0
2,227,39,橿原神宮西口,가시하라진구니시구치역,Q6374284,matched_station_line,station_name+line:近鉄南大阪線,Wikidata CC0
2,227,40,橿原神宮前,가시하라진구마에역,Q6374283,matched_station_line,station_name+line:近鉄南大阪線,Wikidata CC0
2,227,41,岡寺,오카데라역,Q7081721,matched_station_line,station_name+line:近鉄吉野線,Wikidata CC0
2,227,42,飛鳥,아스카역,Q4811860,matched_station_line,station_name+line:近鉄吉野線,Wikidata CC0
2,227,44,壺阪山,쓰보사카야마역,Q7849910,matched_station_line,station_name+line:近鉄吉野線,Wikidata CC0
2,227,45,市尾,이치오역,Q5986275,matched_station_line,station_name+line:近鉄吉野線,Wikidata CC0
2,227,48,葛,구즈역,Q6449282,matched_station_line,station_name+line:近鉄吉野線,Wikidata CC0
2,227,50,吉野口,요시노구치역,Q3615447,matched_station_line,station_name+line:近鉄吉野線,Wikidata CC0
2,227,52,薬水,구스리미즈역,Q6448254,matched_station_line,station_name+line:近鉄吉野線,Wikidata CC0
2,227,54,福神,후쿠가미역,Q5507629,matched_station_line,station_name+line:近鉄吉野線,Wikidata CC0
2,227,56,大阿太,오아다역,Q8081416,matched_station_line,station_name+line:近鉄吉野線,Wikidata CC0
2,227,58,下市口,시모이치구치역,Q7496967,matched_station_line,station_name+line:近鉄吉野線,Wikidata CC0
2,227,60,越部,고시베역,Q6433110,matched_station_line,station_name+line:近鉄吉野線,Wikidata CC0
2,227,61,六田,무다역,Q6931506,matched_station_line,station_name+line:近鉄吉野線,Wikidata CC0
2,227,64,大和上市,야마토카미이치역,Q11433402,matched_station_line,station_name+line:近鉄吉野線,Wikidata CC0
2,227,65,吉野神宮,요시노진구역,Q8056192,matched_station_line,station_name+line:近鉄吉野線,Wikidata CC0
2,227,66,吉野,요시노역,Q8056197,matched_station_line,station_name+line:近鉄吉野線,Wikidata CC0
2,228,3,柏原南口,가시와라미나미구치역,Q6374367,matched_station_line,station_name+line:近鉄道明寺線,Wikidata CC0
2,228,4,柏原,가시와라역,Q856463,matched_station_line,station_name+line:近鉄道明寺線,Wikidata CC0
2,229,4,喜志,기시역,Q6416576,matched_station_line,station_name+line:近鉄長野線,Wikidata CC0
2,229,6,富田林,돈다바야시역,Q7820789,matched_station_line,station_name+line:近鉄長野線,Wikidata CC0
2,229,7,富田林西口,돈다바야시니시구치역,Q8191092,matched_station_line,station_name+line:近鉄長野線,Wikidata CC0
2,229,8,川西,가와니시역,Q6379664,matched_station_line,station_name+line:近鉄長野線,Wikidata CC0
2,229,9,滝谷不動,다키다니후도역,Q7678293,matched_station_line,station_name+line:近鉄長野線,Wikidata CC0
2,229,11,汐ノ宮,시오노미야역,Q7497889,matched_station_line,station_name+line:近鉄長野線,Wikidata CC0
2,229,13,河内長野,가와치나가노역,Q6379476,matched_station_line,station_name+line:近鉄長野線,Wikidata CC0
2,230,3,近鉄新庄,긴테쓰신조역,Q6414374,matched_station_line,station_name+line:近鉄御所線,Wikidata CC0
2,230,4,忍海,오시미역,Q7106624,matched_station_line,station_name+line:近鉄御所線,Wikidata CC0
2,230,5,近鉄御所,긴테쓰고세역,Q11639107,matched_station_line,station_name+line:近鉄御所線,Wikidata CC0
2,231,1,大阪難波,오사카난바역,Q2310134,matched_station_line,station_name+line:近鉄難波線,Wikidata CC0
2,231,2,近鉄日本橋,긴테쓰닛폰바시역,Q6414369,matched_station_line,station_name+line:近鉄難波線,Wikidata CC0
2,231,3,大阪上本町,오사카우에혼마치역,Q872600,matched_station_line,station_name+line:近鉄大阪線,Wikidata CC0
2,231,4,鶴橋,쓰루하시역,Q1131704,matched_station_line,station_name+line:近鉄大阪線,Wikidata CC0
2,231,6,今里,이마자토역,Q6003466,matched_station_line,station_name+line:近鉄大阪線,Wikidata CC0
2,231,7,布施,후세역,Q5509990,matched_station_line,station_name+line:近鉄大阪線,Wikidata CC0
2,231,8,俊徳道,슌토쿠미치역,Q1928015,matched_station_line,station_name+line:近鉄大阪線,Wikidata CC0
2,231,9,長瀬,나가세역,Q6958637,matched_station_line,station_name+line:近鉄大阪線,Wikidata CC0
2,231,10,弥刀,미토역,Q6881841,matched_station_line,station_name+line:近鉄大阪線,Wikidata CC0
2,231,11,久宝寺口,규호지구치역,Q11369277,matched_station_line,station_name+line:近鉄大阪線,Wikidata CC0
2,231,12,近鉄八尾,긴테쓰야오역,Q6414378,matched_station_line,station_name+line:近鉄大阪線,Wikidata CC0
2,231,14,河内山本,가와치야마모토역,Q6379464,matched_station_line,station_name+line:近鉄大阪線,Wikidata CC0
2,231,15,高安,다카야스역,Q3661638,matched_station_line,station_name+line:近鉄大阪線,Wikidata CC0
2,231,16,恩智,온지역,Q7093974,matched_station_line,station_name+line:近鉄大阪線,Wikidata CC0
2,231,17,法善寺,호젠지역,Q5965272,matched_station_line,station_name+line:近鉄大阪線,Wikidata CC0
2,231,18,堅下,가타시모역,Q6375272,matched_station_line,station_name+line:近鉄大阪線,Wikidata CC0
2,231,19,安堂,안도역,Q4761545,matched_station_line,station_name+line:近鉄大阪線,Wikidata CC0
2,231,21,河内国分,가와치코쿠부역,Q6379456,matched_station_line,station_name+line:近鉄大阪線,Wikidata CC0
2,231,22,大阪教育大前,오사카쿄이쿠다이마에역,Q8081682,matched_station_line,station_name+line:近鉄大阪線,Wikidata CC0
2,231,24,関屋,세키야역,Q7447216,matched_station_line,station_name+line:近鉄大阪線,Wikidata CC0
2,231,26,二上,니조역,Q7034597,matched_station_line,station_name+line:近鉄大阪線,Wikidata CC0
2,231,27,近鉄下田,긴테쓰시모다역,Q6414373,matched_station_line,station_name+line:近鉄大阪線,Wikidata CC0
2,231,28,五位堂,고이도역,Q5577645,matched_station_line,station_name+line:近鉄大阪線,Wikidata CC0
2,231,30,築山,쓰키야마역,Q7850085,matched_station_line,station_name+line:近鉄大阪線,Wikidata CC0
2,231,31,大和高田,야마토타카다역,Q8047971,matched_station_line,station_name+line:近鉄大阪線,Wikidata CC0
2,231,33,松塚,마쓰즈카역,Q6788248,matched_station_line,station_name+line:近鉄大阪線,Wikidata CC0
2,231,34,真菅,마스가역,Q6785665,matched_station_line,station_name+line:近鉄大阪線,Wikidata CC0
2,231,36,大和八木,야마토야기역,Q8047973,matched_station_line,station_name+line:近鉄大阪線,Wikidata CC0
2,231,38,耳成,미미나시역,Q6862256,matched_station_line,station_name+line:近鉄大阪線,Wikidata CC0
2,231,39,大福,다이후쿠역,Q5209097,matched_station_line,station_name+line:近鉄大阪線,Wikidata CC0
2,231,40,桜井,사쿠라이역,Q5361714,matched_station_line,station_name+line:近鉄大阪線,Wikidata CC0
2,231,42,大和朝倉,야마토아사쿠라역,Q8047967,matched_station_line,station_name+line:近鉄大阪線,Wikidata CC0
2,231,45,長谷寺,하세데라역,Q5678737,matched_station_line,station_name+line:近鉄大阪線,Wikidata CC0
2,231,48,榛原,하이바라역,Q5638969,matched_station_line,station_name+line:近鉄大阪線,Wikidata CC0
2,231,53,室生口大野,무로구치오노역,Q6939872,matched_station_line,station_name+line:近鉄大阪線,Wikidata CC0
2,231,55,三本松,산본마쓰역,Q7409073,matched_station_line,station_name+line:近鉄大阪線,Wikidata CC0
2,231,58,赤目口,아카메구치역,Q4700236,matched_station_line,station_name+line:近鉄大阪線,Wikidata CC0
2,231,61,名張,나바리역,Q6956756,matched_station_line,station_name+line:近鉄大阪線,Wikidata CC0
2,231,63,桔梗が丘,기쿄가오카역,Q6406467,matched_station_line,station_name+line:近鉄大阪線,Wikidata CC0
2,231,66,美旗,미하타역,Q11609096,matched_station_line,station_name+line:近鉄大阪線,Wikidata CC0
2,231,68,伊賀神戸,이가칸베역,Q8192384,matched_station_line,station_name+line:近鉄大阪線,Wikidata CC0
2,231,70,青山町,아오야마초역,Q4778841,matched_station_line,station_name+line:近鉄大阪線,Wikidata CC0
2,231,72,伊賀上津,이가코즈역,Q5991391,matched_station_line,station_name+line:近鉄大阪線,Wikidata CC0
2,231,76,西青山,니시아오야마역,Q7040307,matched_station_line,station_name+line:近鉄大阪線,Wikidata CC0
2,231,79,東青山,히가시아오야마역,Q5753472,matched_station_line,station_name+line:近鉄大阪線,Wikidata CC0
2,231,84,榊原温泉口,사카키바라온센구치역,Q7402788,matched_station_line,station_name+line:近鉄大阪線,Wikidata CC0
2,231,86,大三,오미쓰역,Q8081619,matched_station_line,station_name+line:近鉄大阪線,Wikidata CC0
2,231,89,伊勢石橋,이세이시바시역,Q11379108,matched_station_line,station_name+line:近鉄大阪線,Wikidata CC0
2,231,91,川合高岡,가와이타카오카역,Q6379519,matched_station_line,station_name+line:近鉄大阪線,Wikidata CC0
2,232,7,布施,후세역,Q5509990,matched_station_line,station_name+line:近鉄奈良線,Wikidata CC0
2,232,8,河内永和,가와치에이와역,Q1942407,matched_station_line,station_name+line:近鉄奈良線,Wikidata CC0
2,232,9,河内小阪,가와치코사카역,Q6379454,matched_station_line,station_name+line:近鉄奈良線,Wikidata CC0
2,232,10,八戸ノ里,야에노사토역,Q8046634,matched_station_line,station_name+line:近鉄奈良線,Wikidata CC0
2,232,12,若江岩田,와카에이와타역,Q7960755,matched_station_line,station_name+line:近鉄奈良線,Wikidata CC0
2,232,13,河内花園,가와치하나조노역,Q6379452,matched_station_line,station_name+line:近鉄奈良線,Wikidata CC0
2,232,14,東花園,히가시하나조노역,Q11528267,matched_station_line,station_name+line:近鉄奈良線,Wikidata CC0
2,232,15,瓢箪山,효탄야마역,Q11574177,matched_station_line,station_name+line:近鉄奈良線,Wikidata CC0
2,232,16,枚岡,히라오카역,Q11533397,matched_station_line,station_name+line:近鉄奈良線,Wikidata CC0
2,232,17,額田,누카타역,Q7068851,matched_station_line,station_name+line:近鉄奈良線,Wikidata CC0
2,232,18,石切,이시키리역,Q6080325,matched_station_line,station_name+line:近鉄奈良線,Wikidata CC0
2,232,20,生駒,이코마역,Q5996117,matched_station_line,station_name+line:近鉄奈良線,Wikidata CC0
2,232,21,東生駒,히가시이코마역,Q5753564,matched_station_line,station_name+line:近鉄奈良線,Wikidata CC0
2,232,23,富雄,도미오역,Q7818922,matched_station_line,station_name+line:近鉄奈良線,Wikidata CC0
2,232,24,学園前,가쿠엔마에역,Q5517704,matched_station_line,station_name+line:近鉄奈良線,Wikidata CC0
2,232,25,菖蒲池,아야메이케역,Q4830902,matched_station_line,station_name+line:近鉄奈良線,Wikidata CC0
2,232,27,大和西大寺,야마토사이다이지역,Q489786,matched_station_line,station_name+line:近鉄奈良線,Wikidata CC0
2,232,29,新大宮,신오미야역,Q7497154,matched_station_line,station_name+line:近鉄奈良線,Wikidata CC0
2,232,31,近鉄奈良,긴테쓰나라역,Q6414371,matched_station_line,station_name+line:近鉄奈良線,Wikidata CC0
2,233,1,京都,교토역,Q801046,matched_station_line,station_name_only,Wikidata CC0
2,233,2,東寺,도지 역,Q7862666,matched_station_line,station_name+line:近鉄京都線,Wikidata CC0
2,233,3,十条,주조역,Q6322304,matched_station_line,station_name+line:近鉄京都線,Wikidata CC0
2,233,4,上鳥羽口,가미토바구치역,Q6358584,matched_station_line,station_name+line:近鉄京都線,Wikidata CC0
2,233,5,竹田,다케다역,Q1952588,matched_station_line,station_name+line:近鉄京都線,Wikidata CC0
2,233,6,伏見,후시미역,Q5510026,matched_station_line,station_name+line:近鉄京都線,Wikidata CC0
2,233,7,近鉄丹波橋,긴테쓰탄바바시역,Q268864,matched_station_line,station_name+line:近鉄京都線,Wikidata CC0
2,233,8,桃山御陵前,모모야마고료마에역,Q6897485,matched_station_line,station_name+line:近鉄京都線,Wikidata CC0
2,233,10,向島,무카이지마역,Q6933385,matched_station_line,station_name+line:近鉄京都線,Wikidata CC0
2,233,12,小倉,오구라역,Q7080297,matched_station_line,station_name+line:近鉄京都線,Wikidata CC0
2,233,13,伊勢田,이세다역,Q6079617,matched_station_line,station_name+line:近鉄京都線,Wikidata CC0
2,233,14,大久保,오쿠보역,Q8081568,matched_station_line,station_name+line:近鉄京都線,Wikidata CC0
2,233,15,久津川,구쓰카와역,Q6448547,matched_station_line,station_name+line:近鉄京都線,Wikidata CC0
2,233,16,寺田,데라다역,Q7701503,matched_station_line,station_name+line:近鉄京都線,Wikidata CC0
2,233,17,富野荘,도노쇼역,Q7821630,matched_station_line,station_name+line:近鉄京都線,Wikidata CC0
2,233,19,新田辺,신타나베역,Q7497135,matched_station_line,station_name+line:近鉄京都線,Wikidata CC0
2,233,20,興戸,고도역,Q6455096,matched_station_line,station_name+line:近鉄京都線,Wikidata CC0
2,233,21,三山木,미야마키역,Q6884315,matched_station_line,station_name+line:近鉄京都線,Wikidata CC0
2,233,22,近鉄宮津,긴테쓰미야즈역,Q257964,matched_station_line,station_name+line:近鉄京都線,Wikidata CC0
2,233,23,狛田,고마다역,Q6428039,matched_station_line,station_name+line:近鉄京都線,Wikidata CC0
2,233,25,新祝園,신호소노역,Q7497094,matched_station_line,station_name+line:近鉄京都線,Wikidata CC0
2,233,26,木津川台,기즈가와다이역,Q6419254,matched_station_line,station_name+line:近鉄京都線,Wikidata CC0
2,233,27,山田川,야마다가와역,Q8047603,matched_station_line,station_name+line:近鉄京都線,Wikidata CC0
2,233,28,高の原,다카노하라역,Q7677191,matched_station_line,station_name+line:近鉄京都線,Wikidata CC0
2,233,30,平城,헤이조역,Q5699170,matched_station_line,station_name+line:近鉄京都線,Wikidata CC0
2,233,31,大和西大寺,야마토사이다이지역,Q489786,matched_station_line,station_name+line:近鉄京都線,Wikidata CC0
2,233,33,尼ヶ辻,아마가쓰지역,Q4739124,matched_station_line,station_name+line:近鉄橿原線,Wikidata CC0
2,233,34,西ノ京,니시노쿄역,Q11627071,matched_station_line,station_name+line:近鉄橿原線,Wikidata CC0
2,233,35,九条,구조역,Q6442373,matched_station_line,station_name+line:近鉄橿原線,Wikidata CC0
2,233,36,近鉄郡山,긴테쓰코리야마역,Q6414349,matched_station_line,station_name+line:近鉄橿原線,Wikidata CC0
2,233,38,筒井,쓰쓰이역,Q7850348,matched_station_line,station_name+line:近鉄橿原線,Wikidata CC0
2,233,39,平端,히라하타역,Q5768884,matched_station_line,station_name+line:近鉄橿原線,Wikidata CC0
2,233,40,ファミリー公園前,패밀리코엔마에역,Q5433008,matched_station_line,station_name+line:近鉄橿原線,Wikidata CC0
2,233,41,結崎,유자키역,Q8062793,matched_station_line,station_name+line:近鉄橿原線,Wikidata CC0
2,233,42,石見,이와미역,Q6100492,matched_station_line,station_name+line:近鉄橿原線,Wikidata CC0
2,233,44,田原本,다와라모토역,Q7689224,matched_station_line,station_name+line:近鉄橿原線,Wikidata CC0
2,233,45,笠縫,가사누이역,Q6374013,matched_station_line,station_name+line:近鉄橿原線,Wikidata CC0
2,233,47,新ノ口,니노쿠치역,Q7039072,matched_station_line,station_name+line:近鉄橿原線,Wikidata CC0
2,233,48,大和八木,야마토야기역,Q8047973,matched_station_line,station_name+line:近鉄橿原線,Wikidata CC0
2,233,49,八木西口,야기니시구치역,Q8046713,matched_station_line,station_name+line:近鉄橿原線,Wikidata CC0
2,233,51,畝傍御陵前,우네비고료마에역,Q7884163,matched_station_line,station_name+line:近鉄橿原線,Wikidata CC0
2,234,1,生駒,이코마역,Q5996117,matched_station_line,station_name+line:近鉄生駒線,Wikidata CC0
2,234,2,菜畑,나바타역,Q11619979,matched_station_line,station_name+line:近鉄生駒線,Wikidata CC0
2,234,3,一分,이치부역,Q5986106,matched_station_line,station_name+line:近鉄生駒線,Wikidata CC0
2,234,4,南生駒,미나미이코마역,Q6862892,matched_station_line,station_name+line:近鉄生駒線,Wikidata CC0
2,234,5,萩の台,하기노다이역,Q5638742,matched_station_line,station_name+line:近鉄生駒線,Wikidata CC0
2,234,6,東山,히가시야마역,Q5754159,matched_station_line,station_name+line:近鉄生駒線,Wikidata CC0
2,234,7,元山上口,모토산조구치역,Q6918516,matched_station_line,station_name+line:近鉄生駒線,Wikidata CC0
2,234,8,平群,헤구리역,Q11483503,matched_station_line,station_name+line:近鉄生駒線,Wikidata CC0
2,234,9,竜田川,다쓰타가와역,Q7688343,matched_station_line,station_name+line:近鉄生駒線,Wikidata CC0
2,234,10,勢野北口,세야키타구치역,Q7458918,matched_station_line,station_name+line:近鉄生駒線,Wikidata CC0
2,234,13,信貴山下,시기산시타역,Q7496434,matched_station_line,station_name+line:近鉄生駒線,Wikidata CC0
2,234,14,王寺,오지역,Q856582,matched_station_line,station_name+line:近鉄生駒線,Wikidata CC0
2,234,17,大輪田,오와다역,Q11439290,matched_station_line,station_name+line:近鉄田原本線,Wikidata CC0
2,234,18,佐味田川,사미타가와역,Q7409577,matched_station_line,station_name+line:近鉄田原本線,Wikidata CC0
2,234,19,池部,이케베역,Q11552292,matched_station_line,station_name+line:近鉄田原本線,Wikidata CC0
2,234,21,箸尾,하시오역,Q5679039,matched_station_line,station_name+line:近鉄田原本線,Wikidata CC0
2,234,22,但馬,다지마역,Q11381640,matched_station_line,station_name+line:近鉄田原本線,Wikidata CC0
2,234,23,黒田,구로다역,Q11678723,matched_station_line,station_name+line:近鉄田原本線,Wikidata CC0
2,234,25,西田原本,니시타와라모토역,Q7040425,matched_station_line,station_name+line:近鉄田原本線,Wikidata CC0
2,235,6,生駒山上,이코마산조역,Q5996101,matched_station_line,station_name+line:近鉄生駒鋼索線,Wikidata CC0
2,236,2,二階堂,니카이도역,Q7034721,matched_station_line,station_name+line:近鉄天理線,Wikidata CC0
2,236,4,前栽,센자이역,Q7451432,matched_station_line,station_name+line:近鉄天理線,Wikidata CC0
2,236,5,天理,덴리역,Q4188394,matched_station_line,station_name+line:近鉄天理線,Wikidata CC0
2,237,3,服部川,핫토리가와역,Q5682208,matched_station_line,station_name+line:近鉄信貴線,Wikidata CC0
2,237,4,信貴山口,시기산구치역,Q7496433,matched_station_line,station_name+line:近鉄信貴線,Wikidata CC0
2,237,6,高安山,다카야스야마역,Q7677479,matched_station_line,station_name+line:近鉄西信貴鋼索線,Wikidata CC0
2,239,1,近鉄名古屋,긴테쓰나고야역,Q1109915,matched_station_line,station_name+line:近鉄名古屋線,Wikidata CC0
2,239,2,米野,고메노역,Q6428299,matched_station_line,station_name+line:近鉄名古屋線,Wikidata CC0
2,239,3,黄金,고가네역,Q11677876,matched_station_line,station_name+line:近鉄名古屋線,Wikidata CC0
2,239,4,烏森,가스모리역,Q261996,matched_station_line,station_name+line:近鉄名古屋線,Wikidata CC0
2,239,5,近鉄八田,긴테쓰핫타역,Q6414362,matched_station_line,station_name+line:近鉄名古屋線,Wikidata CC0
2,239,7,伏屋,후시야역,Q5510027,matched_station_line,station_name+line:近鉄名古屋線,Wikidata CC0
2,239,9,戸田,도다역,Q7812116,matched_station_line,station_name+line:近鉄名古屋線,Wikidata CC0
2,239,10,近鉄蟹江,긴테쓰카니에역,Q6414364,matched_station_line,station_name+line:近鉄名古屋線,Wikidata CC0
2,239,12,富吉,도미요시역,Q7818987,matched_station_line,station_name+line:近鉄名古屋線,Wikidata CC0
2,239,14,佐古木,사코기역,Q7403042,matched_station_line,station_name+line:近鉄名古屋線,Wikidata CC0
2,239,16,近鉄弥富,긴테쓰야토미역,Q2913536,matched_station_line,station_name+line:近鉄名古屋線,Wikidata CC0
2,239,19,近鉄長島,긴테쓰나가시마역,Q6414367,matched_station_line,station_name+line:近鉄名古屋線,Wikidata CC0
2,239,22,桑名,구와나역,Q5359101,matched_station_line,station_name+line:近鉄名古屋線,Wikidata CC0
2,239,23,益生,마스오역,Q6785714,matched_station_line,station_name+line:近鉄名古屋線,Wikidata CC0
2,239,25,伊勢朝日,이세아사히역,Q6079506,matched_station_line,station_name+line:近鉄名古屋線,Wikidata CC0
2,239,27,川越富洲原,가와고에토미스하라역,Q7732769,matched_station_line,station_name+line:近鉄名古屋線,Wikidata CC0
2,239,29,近鉄富田,긴테쓰토미다역,Q2913531,matched_station_line,station_name+line:近鉄名古屋線,Wikidata CC0
2,239,31,霞ヶ浦,가스미가우라역,Q6374902,matched_station_line,station_name+line:近鉄名古屋線,Wikidata CC0
2,239,32,阿倉川,아쿠라가와역,Q2913578,matched_station_line,station_name+line:近鉄名古屋線,Wikidata CC0
2,239,33,川原町,가와라마치역,Q6379686,matched_station_line,station_name+line:近鉄名古屋線,Wikidata CC0
2,239,34,近鉄四日市,긴테쓰욧카이치역,Q6414379,matched_station_line,station_name+line:近鉄名古屋線,Wikidata CC0
2,239,35,新正,신쇼역,Q7497762,matched_station_line,station_name+line:近鉄名古屋線,Wikidata CC0
2,239,36,海山道,미야마도역,Q11558874,matched_station_line,station_name+line:近鉄名古屋線,Wikidata CC0
2,239,37,塩浜,시오하마역,Q7497869,matched_station_line,station_name+line:近鉄名古屋線,Wikidata CC0
2,239,39,北楠,기타쿠스역,Q2856585,matched_station_line,station_name+line:近鉄名古屋線,Wikidata CC0
2,239,41,楠,구스역,Q6448197,matched_station_line,station_name+line:近鉄名古屋線,Wikidata CC0
2,239,42,長太ノ浦,나고노우라역,Q2856588,matched_station_line,station_name+line:近鉄名古屋線,Wikidata CC0
2,239,43,箕田,미다역,Q2815893,matched_station_line,station_name+line:近鉄名古屋線,Wikidata CC0
2,239,44,伊勢若松,이세와카마쓰역,Q6079535,matched_station_line,station_name+line:近鉄名古屋線,Wikidata CC0
2,239,46,千代崎,지요자키역,Q2815899,matched_station_line,station_name+line:近鉄名古屋線,Wikidata CC0
2,239,48,白子,시로코역,Q2816248,matched_station_line,station_name+line:近鉄名古屋線,Wikidata CC0
2,239,49,鼓ヶ浦,쓰즈미가우라역,Q7850405,matched_station_line,station_name+line:近鉄名古屋線,Wikidata CC0
2,239,51,磯山,이소야마역,Q11587968,matched_station_line,station_name+line:近鉄名古屋線,Wikidata CC0
2,239,53,千里,지사토역,Q5102057,matched_station_line,station_name+line:近鉄名古屋線,Wikidata CC0
2,239,55,豊津上野,도요쓰우에노역,Q7830932,matched_station_line,station_name+line:近鉄名古屋線,Wikidata CC0
2,239,57,白塚,시라쓰카역,Q2815888,matched_station_line,station_name+line:近鉄名古屋線,Wikidata CC0
2,239,59,高田本山,다카다혼잔역,Q7676999,matched_station_line,station_name+line:近鉄名古屋線,Wikidata CC0
2,239,60,江戸橋,에도바시역,Q5340168,matched_station_line,station_name+line:近鉄名古屋線,Wikidata CC0
2,239,61,津,쓰역,Q869763,matched_station_line,station_name+line:近鉄名古屋線,Wikidata CC0
2,239,63,津新町,쓰신마치역,Q2816265,matched_station_line,station_name+line:近鉄名古屋線,Wikidata CC0
2,239,65,南が丘,미나미가오카역,Q2816009,matched_station_line,station_name+line:近鉄名古屋線,Wikidata CC0
2,239,67,久居,히사이역,Q2815904,matched_station_line,station_name+line:近鉄名古屋線,Wikidata CC0
2,239,68,桃園,모모조노역,Q2816046,matched_station_line,station_name+line:近鉄名古屋線,Wikidata CC0
2,239,71,伊勢中川,이세나카가와역,Q6079515,matched_station_line,station_name+line:近鉄名古屋線,Wikidata CC0
2,239,73,伊勢中原,이세나카하라역,Q6079520,matched_station_line,station_name+line:近鉄山田線,Wikidata CC0
2,239,75,松ヶ崎,마쓰가사키역,Q6788095,matched_station_line,station_name+line:近鉄山田線,Wikidata CC0
2,239,77,松阪,마쓰사카역,Q5357756,matched_station_line,station_name+line:近鉄山田線,Wikidata CC0
2,239,79,東松阪,히가시마쓰사카역,Q5753685,matched_station_line,station_name+line:近鉄山田線,Wikidata CC0
2,239,82,櫛田,구시다역,Q1710084,matched_station_line,station_name+line:近鉄山田線,Wikidata CC0
2,239,84,漕代,고이시로역,Q6426352,matched_station_line,station_name+line:近鉄山田線,Wikidata CC0
2,239,85,斎宮,사이쿠역,Q7400129,matched_station_line,station_name+line:近鉄山田線,Wikidata CC0
2,239,87,明星,묘조역,Q6949388,matched_station_line,station_name+line:近鉄山田線,Wikidata CC0
2,239,89,明野,아케노역,Q4700618,matched_station_line,station_name+line:近鉄山田線,Wikidata CC0
2,239,91,小俣,오바타역,Q7074642,matched_station_line,station_name+line:近鉄山田線,Wikidata CC0
2,239,93,宮町,미야마치역,Q1710076,matched_station_line,station_name+line:近鉄山田線,Wikidata CC0
2,239,94,伊勢市,이세시역,Q6079748,matched_station_line,station_name+line:近鉄山田線,Wikidata CC0
2,239,95,宇治山田,우지야마다역,Q7878210,matched_station_line,station_name+line:近鉄山田線,Wikidata CC0
2,239,97,五十鈴川,이스즈가와역,Q6089533,matched_station_line,station_name+line:近鉄鳥羽線,Wikidata CC0
2,239,99,朝熊,아사마역,Q94676,matched_station_line,station_name+line:近鉄鳥羽線,Wikidata CC0
2,239,103,池の浦,이케노우라역,Q268023,matched_station_line,station_name+line:近鉄鳥羽線,Wikidata CC0
2,239,105,鳥羽,도바역,Q7811445,matched_station_line,station_name+line:近鉄鳥羽線,Wikidata CC0
2,239,106,中之郷,나카노고역,Q6960279,matched_station_line,station_name+line:近鉄志摩線,Wikidata CC0
2,239,107,志摩赤崎,시마아카사키역,Q1447107,matched_station_line,station_name+line:近鉄志摩線,Wikidata CC0
2,239,109,船津,후나쓰역,Q5508746,matched_station_line,station_name+line:近鉄志摩線,Wikidata CC0
2,239,111,加茂,가모역,Q1447527,matched_station_line,station_name+line:近鉄志摩線,Wikidata CC0
2,239,112,松尾,마쓰오역,Q1447475,matched_station_line,station_name+line:近鉄志摩線,Wikidata CC0
2,239,113,白木,시라키역,Q1710090,matched_station_line,station_name+line:近鉄志摩線,Wikidata CC0
2,239,116,五知,고치역,Q1447309,matched_station_line,station_name+line:近鉄志摩線,Wikidata CC0
2,239,117,沓掛,구쓰카케역,Q1447283,matched_station_line,station_name+line:近鉄志摩線,Wikidata CC0
2,239,119,上之郷,가미노고역,Q1447297,matched_station_line,station_name+line:近鉄志摩線,Wikidata CC0
2,239,120,志摩磯部,시마이소베역,Q7496801,matched_station_line,station_name+line:近鉄志摩線,Wikidata CC0
2,239,122,穴川,아나가와역,Q4750827,matched_station_line,station_name+line:近鉄志摩線,Wikidata CC0
2,239,124,志摩横山,시마요코야마역,Q7496800,matched_station_line,station_name+line:近鉄志摩線,Wikidata CC0
2,239,125,鵜方,우가타역,Q1447324,matched_station_line,station_name+line:近鉄志摩線,Wikidata CC0
2,239,127,志摩神明,시마신메이역,Q7496799,matched_station_line,station_name+line:近鉄志摩線,Wikidata CC0
2,239,129,賢島,가시코지마역,Q6374294,matched_station_line,station_name+line:近鉄志摩線,Wikidata CC0
2,240,3,柳,야나기역,Q8048223,matched_station_line,station_name+line:近鉄鈴鹿線,Wikidata CC0
2,240,5,鈴鹿市,스즈카시역,Q11649493,matched_station_line,station_name+line:近鉄鈴鹿線,Wikidata CC0
2,240,7,三日市,밋카이치역,Q6849914,matched_station_line,station_name+line:近鉄鈴鹿線,Wikidata CC0
2,240,9,平田町,히라타초역,Q5769516,matched_station_line,station_name+line:近鉄鈴鹿線,Wikidata CC0
2,241,2,赤堀,아카호리역,Q4700157,matched_station_line,station_name+line:内部線,Wikidata CC0
2,241,6,日永,히나가역,Q5765619,matched_station_line,station_name+line:内部線,Wikidata CC0
2,241,65,西日野,니시히노역,Q7040560,matched_station_line,station_name+line:八王子線,Wikidata CC0
2,242,3,中川原,나카가와라역,Q4142961,matched_station_line,station_name+line:近鉄湯の山線,Wikidata CC0
2,242,4,伊勢松本,이세마쓰모토역,Q4142990,matched_station_line,station_name+line:近鉄湯の山線,Wikidata CC0
2,242,6,伊勢川島,이세카와시마역,Q4142954,matched_station_line,station_name+line:近鉄湯の山線,Wikidata CC0
2,242,7,高角,다카쓰노역,Q4142974,matched_station_line,station_name+line:近鉄湯の山線,Wikidata CC0
2,242,9,桜,사쿠라역,Q7403173,matched_station_line,station_name+line:近鉄湯の山線,Wikidata CC0
2,242,11,菰野,고모노역,Q3894746,matched_station_line,station_name+line:近鉄湯の山線,Wikidata CC0
2,242,12,中菰野,나카코모노역,Q3894757,matched_station_line,station_name+line:近鉄湯の山線,Wikidata CC0
2,242,13,大羽根園,오바네엔역,Q8081423,matched_station_line,station_name+line:近鉄湯の山線,Wikidata CC0
2,242,15,湯の山温泉,유노야마온센역,Q8061376,matched_station_line,station_name+line:近鉄湯の山線,Wikidata CC0
2,243,2,西桑名,니시쿠와나역,Q8191179,matched_station_line,station_name+line:北勢線,Wikidata CC0
2,243,3,馬道,우마미치역,Q11668092,matched_station_line,station_name+line:北勢線,Wikidata CC0
2,243,4,西別所,니시벳쇼역,Q11627288,matched_station_line,station_name+line:北勢線,Wikidata CC0
2,243,5,蓮花寺,렌게지역,Q11621733,matched_station_line,station_name+line:北勢線,Wikidata CC0
2,243,6,在良,아리요시역,Q11423991,matched_station_line,station_name+line:北勢線,Wikidata CC0
2,244,5,下深谷,시모후카야역,Q7496914,matched_station_line,station_name+line:養老線,Wikidata CC0
2,244,9,多度,다도역,Q7674658,matched_station_line,station_name+line:養老線,Wikidata CC0
2,244,19,駒野,고마노역,Q6428125,matched_station_line,station_name+line:養老線,Wikidata CC0
2,244,25,養老,요로역,Q8062670,matched_station_line,station_name+line:養老線,Wikidata CC0
2,244,27,美濃高田,미노타카다역,Q11609279,matched_station_line,station_name+line:養老線,Wikidata CC0
2,244,35,西大垣,니시오가키역,Q7040465,matched_station_line,station_name+line:養老線,Wikidata CC0
2,244,37,大垣,오가키역,Q871579,matched_station_line,station_name+line:養老線,Wikidata CC0
2,244,50,揖斐,이비역,Q5984029,matched_station_line,station_name+line:養老線,Wikidata CC0
2,248,2,長田,나가타역,Q126064,matched_station_line,station_name+line:近鉄けいはんな線,Wikidata CC0
2,248,4,荒本,아라모토역,Q4784030,matched_station_line,station_name+line:近鉄けいはんな線,Wikidata CC0
2,248,6,吉田,요시타역,Q8055962,matched_station_line,station_name+line:近鉄けいはんな線,Wikidata CC0
2,248,8,新石切,신이시키리역,Q7497096,matched_station_line,station_name+line:近鉄けいはんな線,Wikidata CC0
2,248,10,生駒,이코마역,Q5996117,matched_station_line,station_name+line:近鉄けいはんな線,Wikidata CC0
2,248,12,白庭台,시라니와다이역,Q7498268,matched_station_line,station_name+line:近鉄けいはんな線,Wikidata CC0
2,248,14,学研北生駒,갓켄키타이코마역,Q8055973,matched_station_line,station_name+line:近鉄けいはんな線,Wikidata CC0
2,248,16,学研奈良登美ヶ丘,갓켄나라토미가오카역,Q5517679,matched_station_line,station_name+line:近鉄けいはんな線,Wikidata CC0
2,250,165,西神中央,세이신추오역,Q7446939,matched_station_line,station_name_only,Wikidata CC0
2,250,167,西神南,세이신미나미역,Q5358522,matched_station_line,station_name_only,Wikidata CC0
2,250,169,伊川谷,이카와다니역,Q5358424,matched_station_line,station_name_only,Wikidata CC0
2,250,170,学園都市,가쿠엔토시역,Q5358527,matched_station_line,station_name_only,Wikidata CC0
2,250,173,総合運動公園,소고운도코엔역,Q5358496,matched_station_line,station_name_only,Wikidata CC0
2,250,175,名谷,묘다니역,Q5358493,matched_station_line,station_name+line:神戸市営地下鉄西神・山手線,Wikidata CC0
2,250,177,妙法寺,묘호지역,Q5358440,matched_station_line,station_name+line:神戸市営地下鉄西神・山手線,Wikidata CC0
2,250,179,板宿,이타야도역,Q5358392,matched_station_line,station_name_only,Wikidata CC0
2,250,180,新長田,신나가타역,Q111795012,matched_station_line,station_name+line:神戸市営地下鉄西神・山手線,Wikidata CC0
2,250,181,長田,나가타역,Q5358480,matched_station_line,station_name+line:神戸市営地下鉄西神・山手線,Wikidata CC0
2,250,183,上沢,가미사와역,Q5358508,matched_station_line,station_name+line:神戸市営地下鉄西神・山手線,Wikidata CC0
2,250,185,湊川公園,미나토가와코엔역,Q5358502,matched_station_line,station_name+line:神戸市営地下鉄西神・山手線,Wikidata CC0
2,250,187,大倉山,오쿠라야마역,Q5358351,matched_station_line,station_name+line:神戸市営地下鉄西神・山手線,Wikidata CC0
2,250,189,県庁前,겐초마에역,Q5358517,matched_station_line,station_name+line:神戸市営地下鉄西神・山手線,Wikidata CC0
2,250,191,新神戸,신코베역,Q801435,matched_station_line,station_name_only,Wikidata CC0
2,251,202,駒ヶ林,고마가바야시역,Q6428051,matched_station_line,station_name+line:神戸市営地下鉄海岸線,Wikidata CC0
2,251,204,苅藻,가루모역,Q6373648,matched_station_line,station_name+line:神戸市営地下鉄海岸線,Wikidata CC0
2,251,206,御崎公園,미사키코엔역,Q6875065,matched_station_line,station_name+line:神戸市営地下鉄海岸線,Wikidata CC0
2,251,208,和田岬,와다미시키역,Q111739244,matched_station_line,station_name+line:神戸市営地下鉄海岸線,Wikidata CC0
2,251,210,中央市場前,주오이치바마에역,Q5119034,matched_station_line,station_name+line:神戸市営地下鉄海岸線,Wikidata CC0
2,251,212,ハーバーランド,하버랜드역,Q5654726,matched_station_line,station_name+line:神戸市営地下鉄海岸線,Wikidata CC0
2,251,214,みなと元町,미나토모토마치역,Q6863247,matched_station_line,station_name+line:神戸市営地下鉄海岸線,Wikidata CC0
2,251,216,旧居留地・大丸前,큐쿄류치다이마루마에역,Q6453137,matched_station_line,station_name+line:神戸市営地下鉄海岸線,Wikidata CC0
2,251,217,三宮・花時計前,산노미야하나도케이마에역,Q6542103,matched_station_line,station_name+line:神戸市営地下鉄海岸線,Wikidata CC0
2,254,163,魚崎,우오자키역,Q7897889,matched_station_line,station_name_only,Wikidata CC0
2,254,165,南魚崎,미나미우오자키역,Q11408798,matched_station_line,station_name+line:六甲アイランド線,Wikidata CC0
2,254,167,アイランド北口,아일랜드 기타구치역,Q11282452,matched_station_line,station_name+line:六甲アイランド線,Wikidata CC0
2,254,169,アイランドセンター,아일랜드 센터역,Q11282449,matched_station_line,station_name+line:六甲アイランド線,Wikidata CC0
2,254,171,マリンパーク,마린 파크역,Q11341119,matched_station_line,station_name+line:六甲アイランド線,Wikidata CC0
2,255,183,貿易センター,무역 센터역,Q5005688,matched_station_line,station_name+line:神戸新交通ポートアイランド線,Wikidata CC0
2,255,185,ポートターミナル,포트 터미널역,Q11339449,matched_station_line,station_name+line:神戸新交通ポートアイランド線,Wikidata CC0
2,255,187,中公園,나카코엔역,Q11363035,matched_station_line,station_name+line:神戸新交通ポートアイランド線,Wikidata CC0
2,255,189,みなとじま,미나토지마역,Q11279137,matched_station_line,station_name+line:神戸新交通ポートアイランド線,Wikidata CC0
2,255,191,市民広場,시민히로바역,Q11480595,matched_station_line,station_name+line:神戸新交通ポートアイランド線,Wikidata CC0
2,255,193,南公園,미나미코엔역,Q6863047,matched_station_line,station_name+line:神戸新交通ポートアイランド線,Wikidata CC0
2,255,195,中埠頭,나카후토역,Q11363501,matched_station_line,station_name+line:神戸新交通ポートアイランド線,Wikidata CC0
2,255,197,北埠頭,기타후토역,Q11401332,matched_station_line,station_name+line:神戸新交通ポートアイランド線,Wikidata CC0
2,255,199,医療センター,이료 센터역,Q11404632,matched_station_line,station_name+line:神戸新交通ポートアイランド線,Wikidata CC0
2,255,201,計算科学センター,게이산카가쿠센터역,Q11374187,matched_station_line,station_name+line:神戸新交通ポートアイランド線,Wikidata CC0
2,255,203,神戸空港,고베 공항역,Q17219235,matched_station_line,station_name+line:神戸新交通ポートアイランド線,Wikidata CC0
3,134,52,麻生,아사부역,Q4803200,matched_station_line,station_name+line:南北線,Wikidata CC0
3,134,54,北34条,기타34조역,Q3563872,matched_station_line,station_name+line:南北線,Wikidata CC0
3,134,56,北24条,기타24조역,Q6417579,matched_station_line,station_name+line:南北線,Wikidata CC0
3,134,58,北18条,기타18조역,Q3563837,matched_station_line,station_name+line:南北線,Wikidata CC0
3,134,60,北12条,기타12조역,Q3563640,matched_station_line,station_name+line:南北線,Wikidata CC0
3,134,64,大通,오도리역,Q2365150,matched_station_line,station_name+line:南北線,Wikidata CC0
3,134,66,すすきの,스스키노역,Q3563658,matched_station_line,station_name+line:南北線,Wikidata CC0
3,134,68,中島公園,나카지마 공원역,Q4793313,matched_station_line,station_name+line:南北線,Wikidata CC0
3,134,70,幌平橋,호로히라바시역,Q3563810,matched_station_line,station_name+line:南北線,Wikidata CC0
3,134,72,中の島,나카노시마역,Q3563599,matched_station_line,station_name+line:南北線,Wikidata CC0
3,134,74,平岸,히라기시역,Q8193376,matched_station_line,station_name+line:南北線,Wikidata CC0
3,134,76,南平岸,미나미히라기시역,Q3563720,matched_station_line,station_name+line:南北線,Wikidata CC0
3,134,78,澄川,스미카와역,Q3563679,matched_station_line,station_name+line:南北線,Wikidata CC0
3,134,80,自衛隊前,지에이타이마에역,Q1305842,matched_station_line,station_name+line:南北線,Wikidata CC0
3,134,82,真駒内,마코마나이역,Q3563878,matched_station_line,station_name+line:南北線,Wikidata CC0
3,135,48,宮の沢,미야노사와역,Q3563711,matched_station_line,station_name+line:東西線,Wikidata CC0
3,135,50,発寒南,핫사무미나미역,Q3563886,matched_station_line,station_name+line:東西線,Wikidata CC0
3,135,52,琴似,고토니역,Q3563783,matched_station_line,station_name+line:東西線,Wikidata CC0
3,135,54,二十四軒,니주욘켄역,Q3563766,matched_station_line,station_name+line:東西線,Wikidata CC0
3,135,56,西28丁目,니시 28초메역,Q3563683,matched_station_line,station_name+line:東西線,Wikidata CC0
3,135,58,円山公園,마루야마코엔역,Q6778049,matched_station_line,station_name+line:東西線,Wikidata CC0
3,135,60,西18丁目,니시 18초메역,Q6130389,matched_station_line,station_name+line:東西線,Wikidata CC0
3,135,62,西11丁目,니시 11초메역,Q3563700,matched_station_line,station_name+line:東西線,Wikidata CC0
3,135,64,大通,오도리역,Q2365150,matched_station_line,station_name+line:東西線,Wikidata CC0
3,135,66,バスセンター前,버스센터마에역,Q5001181,matched_station_line,station_name+line:東西線,Wikidata CC0
3,135,68,菊水,기쿠스이역,Q3563846,matched_station_line,station_name+line:東西線,Wikidata CC0
3,135,70,東札幌,히가시삿포로역,Q3563705,matched_station_line,station_name+line:東西線,Wikidata CC0
3,135,72,白石,시로이시역,Q3563585,matched_station_line,station_name+line:東西線,Wikidata CC0
3,135,74,南郷7丁目,난고 7초메역,Q8189775,matched_station_line,station_name+line:東西線,Wikidata CC0
3,135,76,南郷13丁目,난고 13초메역,Q3563648,matched_station_line,station_name+line:東西線,Wikidata CC0
3,135,78,南郷18丁目,난고 18초메역,Q3563856,matched_station_line,station_name+line:東西線,Wikidata CC0
3,135,80,大谷地,오야치역,Q8081807,matched_station_line,station_name+line:東西線,Wikidata CC0
3,135,82,ひばりが丘,히바리가오카역,Q3563799,matched_station_line,station_name+line:東西線,Wikidata CC0
3,135,84,新さっぽろ,신삿포로 역,Q3563818,matched_station_line,station_name+line:東西線,Wikidata CC0
3,136,50,栄町,사카에마치역,Q7402753,matched_station_line,station_name+line:東豊線,Wikidata CC0
3,136,52,新道東,신도히가시역,Q3563612,matched_station_line,station_name+line:東豊線,Wikidata CC0
3,136,54,元町,모토마치역,Q3563691,matched_station_line,station_name+line:東豊線,Wikidata CC0
3,136,56,環状通東,간조도리히가시역,Q3563591,matched_station_line,station_name+line:東豊線,Wikidata CC0
3,136,58,東区役所前,히가시쿠야쿠쇼마에역,Q3563670,matched_station_line,station_name+line:東豊線,Wikidata CC0
3,136,60,北13条東,기타13조히가시역,Q6417552,matched_station_line,station_name+line:東豊線,Wikidata CC0
3,136,64,大通,오도리역,Q2365150,matched_station_line,station_name+line:東豊線,Wikidata CC0
3,136,66,豊水すすきの,호스이스스키노역,Q3563790,matched_station_line,station_name+line:東豊線,Wikidata CC0
3,136,68,学園前,가쿠엔마에역,Q3563775,matched_station_line,station_name+line:東豊線,Wikidata CC0
3,136,70,豊平公園,도요히라코엔역,Q3563753,matched_station_line,station_name+line:東豊線,Wikidata CC0
3,136,72,美園,미소노역,Q6875894,matched_station_line,station_name+line:東豊線,Wikidata CC0
3,136,74,月寒中央,쓰키사무추오역,Q3563606,matched_station_line,station_name+line:東豊線,Wikidata CC0
3,136,76,福住,후쿠즈미역,Q1305849,matched_station_line,station_name+line:東豊線,Wikidata CC0
3,139,1,名取,나토리역,Q841593,matched_station_line,station_name+line:仙台空港線,Wikidata CC0
3,139,3,杜せきのした,모리세키노시타역,Q11098774,matched_station_line,station_name+line:仙台空港線,Wikidata CC0
3,139,5,美田園,미타조노역,Q6880783,matched_station_line,station_name+line:仙台空港線,Wikidata CC0
3,139,7,仙台空港,센다이 공항역,Q841596,matched_station_line,station_name+line:仙台空港線,Wikidata CC0
3,140,14,泉中央,이즈미추오역,Q6102259,matched_station_line,station_name+line:仙台市営地下鉄南北線,Wikidata CC0
3,140,16,八乙女,야오토메역,Q8049075,matched_station_line,station_name+line:仙台市営地下鉄南北線,Wikidata CC0
3,140,18,黒松,구로마쓰역,Q6446346,matched_station_line,station_name+line:仙台市営地下鉄南北線,Wikidata CC0
3,140,20,旭ヶ丘,아사히가오카역,Q4803383,matched_station_line,station_name+line:仙台市営地下鉄南北線,Wikidata CC0
3,140,22,台原,다이노하라역,Q5209510,matched_station_line,station_name+line:仙台市営地下鉄南北線,Wikidata CC0
3,140,24,北仙台,기타센다이역,Q6417601,matched_station_line,station_name+line:仙台市営地下鉄南北線,Wikidata CC0
3,140,26,北四番丁,기타요반초역,Q6417621,matched_station_line,station_name+line:仙台市営地下鉄南北線,Wikidata CC0
3,140,28,勾当台公園,고토다이코엔역,Q11400640,matched_station_line,station_name+line:仙台市営地下鉄南北線,Wikidata CC0
3,140,30,広瀬通,히로세도리역,Q5770742,matched_station_line,station_name+line:仙台市営地下鉄南北線,Wikidata CC0
3,140,32,仙台,센다이 역 (미야기 현),Q801429,matched_station_line,station_name_only,Wikidata CC0
3,140,34,五橋,이쓰쓰바시역,Q11372525,matched_station_line,station_name+line:仙台市営地下鉄南北線,Wikidata CC0
3,140,36,愛宕橋,아타고바시역,Q4812647,matched_station_line,station_name+line:仙台市営地下鉄南北線,Wikidata CC0
3,140,38,河原町,가와라마치역,Q6379687,matched_station_line,station_name+line:仙台市営地下鉄南北線,Wikidata CC0
3,140,40,長町一丁目,나가마치 1초메역,Q6958400,matched_station_line,station_name+line:仙台市営地下鉄南北線,Wikidata CC0
3,140,42,長町,나가마치역,Q843033,matched_station_line,station_name_only,Wikidata CC0
3,140,44,長町南,나가마치미나미역,Q11653512,matched_station_line,station_name+line:仙台市営地下鉄南北線,Wikidata CC0
3,140,46,富沢,도미자와역,Q7818991,matched_station_line,station_name+line:仙台市営地下鉄南北線,Wikidata CC0
3,141,20,八木山動物公園,야기야마도부쓰코엔역,Q11400042,matched_station_line,station_name+line:仙台市営地下鉄東西線,Wikidata CC0
3,141,22,青葉山,아오바야마역,Q11662741,matched_station_line,station_name+line:仙台市営地下鉄東西線,Wikidata CC0
3,141,24,川内,가와우치역,Q11477760,matched_station_line,station_name+line:仙台市営地下鉄東西線,Wikidata CC0
3,141,26,国際センター,국제센터역,Q11422320,matched_station_line,station_name+line:仙台市営地下鉄東西線,Wikidata CC0
3,141,28,大町西公園,오마치니시코엔역,Q11627264,matched_station_line,station_name+line:仙台市営地下鉄東西線,Wikidata CC0
3,141,30,青葉通一番町,아오바도리이치반초역,Q11352995,matched_station_line,station_name+line:仙台市営地下鉄東西線,Wikidata CC0
3,141,32,仙台,센다이 역 (미야기 현),Q801429,matched_station_line,station_name_only,Wikidata CC0
3,141,34,宮城野通,미야기노도리역,Q11501901,matched_station_line,station_name+line:仙台市営地下鉄東西線,Wikidata CC0
3,141,36,連坊,렌보역,Q11639873,matched_station_line,station_name+line:仙台市営地下鉄東西線,Wikidata CC0
3,141,38,薬師堂,야쿠시도역,Q11622441,matched_station_line,station_name+line:仙台市営地下鉄東西線,Wikidata CC0
3,141,40,卸町,오로시마치역,Q11409196,matched_station_line,station_name+line:仙台市営地下鉄東西線,Wikidata CC0
3,141,42,六丁の目,로쿠초노메역,Q11392266,matched_station_line,station_name+line:仙台市営地下鉄東西線,Wikidata CC0
3,141,44,荒井,아라이역,Q11618409,matched_station_line,station_name+line:仙台市営地下鉄東西線,Wikidata CC0
3,145,65,六日町,무이카마치역,Q3660544,matched_station_line,station_name+line:ほくほく線,Wikidata CC0
3,145,67,魚沼丘陵,우오누마큐료역,Q128916,matched_station_line,station_name+line:ほくほく線,Wikidata CC0
3,145,72,十日町,도카마치역,Q7862688,matched_station_line,station_name+line:ほくほく線,Wikidata CC0
3,145,84,犀潟,사이가타역,Q901360,matched_station_line,station_name+line:ほくほく線,Wikidata CC0
3,156,1,久慈,구지역,Q6442347,matched_station_line,station_name_only,Wikidata CC0
3,156,27,宮古,미야코역,Q6884271,matched_station_line,station_name_only,Wikidata CC0
3,156,65,釜石,가마이시역,Q3892979,matched_station_line,station_name_only,Wikidata CC0
3,156,67,平田,히라타역,Q3797724,matched_station_line,station_name_only,Wikidata CC0
3,156,81,盛,사카리역,Q8190872,matched_station_line,station_name_only,Wikidata CC0
3,181,1,総社,소자역,Q844657,matched_station_line,station_name+line:井原線,Wikidata CC0
3,181,3,清音,기요네역,Q4445051,matched_station_line,station_name+line:井原線,Wikidata CC0
3,181,15,小田,오다역,Q5356502,matched_station_line,station_name_only,Wikidata CC0
3,181,25,御領,고료역,Q5587024,matched_station_line,station_name_only,Wikidata CC0
3,181,29,神辺,간나베역,Q6363862,matched_station_line,station_name+line:井原線,Wikidata CC0
3,190,21,本通,혼도리역,Q5893165,matched_station_line,station_name_only,Wikidata CC0
3,190,25,城北,조호쿠역,Q6322207,matched_station_line,station_name_only,Wikidata CC0
3,190,27,新白島,신하쿠시마역,Q11579666,matched_station_line,station_name_only,Wikidata CC0
3,190,29,白島,하쿠시마역,Q5640663,matched_station_line,station_name_only,Wikidata CC0
3,190,33,不動院前,후도인마에역,Q5507079,matched_station_line,station_name_only,Wikidata CC0
3,190,35,祇園新橋北,기온신바시키타역,Q5563368,matched_station_line,station_name_only,Wikidata CC0
3,190,39,中筋,나카스지역,Q6960338,matched_station_line,station_name_only,Wikidata CC0
3,190,45,毘沙門台,비샤몬다이역,Q4917323,matched_station_line,station_name_only,Wikidata CC0
3,190,49,上安,가미야스역,Q6358636,matched_station_line,station_name_only,Wikidata CC0
3,190,51,高取,다카도리역,Q7677429,matched_station_line,station_name_only,Wikidata CC0
3,190,53,長楽寺,조라쿠지역,Q5118999,matched_station_line,station_name_only,Wikidata CC0
3,190,55,伴,도모역,Q7820074,matched_station_line,station_name_only,Wikidata CC0
3,190,59,伴中央,도모추오역,Q7820068,matched_station_line,station_name_only,Wikidata CC0
3,190,65,広域公園前,고이키코엔마에역,Q6455152,matched_station_line,station_name_only,Wikidata CC0
3,192,1,上郡,가미고리역,Q869209,matched_station_line,station_name+line:智頭急行智頭線,Wikidata CC0
3,192,3,苔縄,고케나와역,Q6426589,matched_station_line,station_name+line:智頭急行智頭線,Wikidata CC0
3,192,4,河野原円心,고노하라엔신역,Q6455241,matched_station_line,station_name+line:智頭急行智頭線,Wikidata CC0
3,192,5,久崎,구자키역,Q6449155,matched_station_line,station_name+line:智頭急行智頭線,Wikidata CC0
3,192,7,佐用,사요역,Q7429272,matched_station_line,station_name+line:智頭急行智頭線,Wikidata CC0
3,192,9,平福,히라후쿠역,Q11483463,matched_station_line,station_name+line:智頭急行智頭線,Wikidata CC0
3,192,18,恋山形,고이야마가타역,Q6426389,matched_station_line,station_name+line:智頭急行智頭線,Wikidata CC0
3,192,20,智頭,지즈역,Q5102669,matched_station_line,station_name+line:智頭急行智頭線,Wikidata CC0
3,193,1,福知山,후쿠치야마역,Q1131673,matched_station_line,station_name+line:宮福線,Wikidata CC0
3,193,13,大江,오에역,Q8081447,matched_station_line,station_name_only,Wikidata CC0
3,195,1,高松築港,다카마쓰칫코역,Q11670492,matched_station_line,station_name+line:琴平線,Wikidata CC0
3,195,3,片原町,가타하라마치역,Q11569548,matched_station_line,station_name+line:琴平線,Wikidata CC0
3,195,5,瓦町,가와라마치역,Q6379684,matched_station_line,station_name+line:琴平線,Wikidata CC0
3,195,7,栗林公園,리쓰린코엔역,Q11535990,matched_station_line,station_name+line:琴平線,Wikidata CC0
3,195,9,三条,산조역,Q11355866,matched_station_line,station_name+line:琴平線,Wikidata CC0
3,195,13,太田,오타역,Q11444468,matched_station_line,station_name+line:琴平線,Wikidata CC0
3,195,15,仏生山,붓쇼잔역,Q11377565,matched_station_line,station_name+line:琴平線,Wikidata CC0
3,195,17,空港通り,구코도리역,Q11597483,matched_station_line,station_name+line:琴平線,Wikidata CC0
3,195,19,一宮,이치노미야역,Q11352616,matched_station_line,station_name+line:琴平線,Wikidata CC0
3,195,21,円座,엔자역,Q11394779,matched_station_line,station_name+line:琴平線,Wikidata CC0
3,195,23,岡本,오카모토역,Q11473256,matched_station_line,station_name+line:琴平線,Wikidata CC0
3,195,25,挿頭丘,가자시가오카역,Q11498108,matched_station_line,station_name+line:琴平線,Wikidata CC0
3,195,27,畑田,하타다역,Q11578492,matched_station_line,station_name+line:琴平線,Wikidata CC0
3,195,29,陶,스에역,Q11658487,matched_station_line,station_name+line:琴平線,Wikidata CC0
3,195,30,綾川,아야가와역,Q15306868,matched_station_line,station_name+line:琴平線,Wikidata CC0
3,195,31,滝宮,다키노미야역,Q11565105,matched_station_line,station_name+line:琴平線,Wikidata CC0
3,195,33,羽床,하유카역,Q11610143,matched_station_line,station_name+line:琴平線,Wikidata CC0
3,195,35,栗熊,구리쿠마역,Q11536023,matched_station_line,station_name+line:琴平線,Wikidata CC0
3,195,37,岡田,오카다역,Q11473736,matched_station_line,station_name+line:琴平線,Wikidata CC0
3,195,39,羽間,하자마역,Q11610396,matched_station_line,station_name+line:琴平線,Wikidata CC0
3,195,41,榎井,에나이역,Q11541774,matched_station_line,station_name+line:琴平線,Wikidata CC0
3,195,43,琴電琴平,고토덴코토히라역,Q11573814,matched_station_line,station_name+line:琴平線,Wikidata CC0
3,195,67,花園,하나조노역,Q11615214,matched_station_line,station_name+line:長尾線,Wikidata CC0
3,195,71,林道,하야시미치역,Q11533344,matched_station_line,station_name+line:長尾線,Wikidata CC0
3,195,73,木太東口,기타히가시구치역,Q11518282,matched_station_line,station_name+line:長尾線,Wikidata CC0
3,195,75,元山,모토야마역,Q11387848,matched_station_line,station_name+line:長尾線,Wikidata CC0
3,195,77,水田,미즈타역,Q11549025,matched_station_line,station_name+line:長尾線,Wikidata CC0
3,195,79,西前田,니시마에다역,Q11627289,matched_station_line,station_name+line:長尾線,Wikidata CC0
3,195,81,高田,다카타역,Q11672251,matched_station_line,station_name+line:長尾線,Wikidata CC0
3,195,83,池戸,이케노베역,Q11551608,matched_station_line,station_name+line:長尾線,Wikidata CC0
3,195,85,農学部前,노가쿠부마에역,Q11637945,matched_station_line,station_name+line:長尾線,Wikidata CC0
3,195,87,平木,히라기역,Q11483042,matched_station_line,station_name+line:長尾線,Wikidata CC0
3,195,89,学園通り,가쿠엔도리역,Q11448185,matched_station_line,station_name+line:長尾線,Wikidata CC0
3,195,91,白山,시라야마역,Q11579619,matched_station_line,station_name+line:長尾線,Wikidata CC0
3,195,93,井戸,이도역,Q11373568,matched_station_line,station_name+line:長尾線,Wikidata CC0
3,195,95,公文明,구몬묘역,Q11392051,matched_station_line,station_name+line:長尾線,Wikidata CC0
3,195,97,長尾,나가오역,Q6958483,matched_station_line,station_name+line:長尾線,Wikidata CC0
3,195,131,今橋,이마바시역,Q11377156,matched_station_line,station_name+line:志度線,Wikidata CC0
3,195,133,松島二丁目,마쓰시마니초메역,Q11530108,matched_station_line,station_name+line:志度線,Wikidata CC0
3,195,135,沖松島,오키마쓰시마역,Q11552516,matched_station_line,station_name+line:志度線,Wikidata CC0
3,195,137,春日川,가스가가와역,Q11513610,matched_station_line,station_name+line:志度線,Wikidata CC0
3,195,139,潟元,가타모토역,Q11565659,matched_station_line,station_name+line:志度線,Wikidata CC0
3,195,141,琴電屋島,고토덴야시마역,Q11573813,matched_station_line,station_name+line:志度線,Wikidata CC0
3,195,143,古高松,후루타카마쓰역,Q11411770,matched_station_line,station_name+line:志度線,Wikidata CC0
3,195,145,八栗,야쿠리역,Q11391463,matched_station_line,station_name+line:志度線,Wikidata CC0
3,195,147,六万寺,로쿠만지역,Q11392268,matched_station_line,station_name+line:志度線,Wikidata CC0
3,195,149,大町,오마치역,Q11438006,matched_station_line,station_name+line:志度線,Wikidata CC0
3,195,151,八栗新道,야쿠리신미치역,Q11391461,matched_station_line,station_name+line:志度線,Wikidata CC0
3,195,153,塩屋,시오야역,Q11428692,matched_station_line,station_name+line:志度線,Wikidata CC0
3,195,155,房前,후사자키역,Q11496680,matched_station_line,station_name+line:志度線,Wikidata CC0
3,195,157,原,하라역,Q11410090,matched_station_line,station_name+line:志度線,Wikidata CC0
3,195,159,琴電志度,고토덴시도역,Q11573812,matched_station_line,station_name+line:志度線,Wikidata CC0
3,197,1,郡中港,군추코역,Q11643096,matched_station_line,station_name+line:伊予鉄道郡中線,Wikidata CC0
3,197,3,郡中,군추역,Q11643098,matched_station_line,station_name+line:伊予鉄道郡中線,Wikidata CC0
3,197,5,新川,신카와역,Q11502113,matched_station_line,station_name+line:伊予鉄道郡中線,Wikidata CC0
3,197,7,地蔵町,지조마치역,Q11424683,matched_station_line,station_name+line:伊予鉄道郡中線,Wikidata CC0
3,197,9,松前,마사키역,Q11529329,matched_station_line,station_name+line:伊予鉄道郡中線,Wikidata CC0
3,197,11,古泉,고이즈미역,Q11411412,matched_station_line,station_name+line:伊予鉄道郡中線,Wikidata CC0
3,197,13,岡田,오카다역,Q11473734,matched_station_line,station_name+line:伊予鉄道郡中線,Wikidata CC0
3,197,15,鎌田,가마타역,Q11651101,matched_station_line,station_name+line:伊予鉄道郡中線,Wikidata CC0
3,197,17,余戸,요고역,Q11385278,matched_station_line,station_name+line:伊予鉄道郡中線,Wikidata CC0
3,197,19,土居田,도이다역,Q11423194,matched_station_line,station_name+line:伊予鉄道郡中線,Wikidata CC0
3,197,21,土橋,도바시역,Q11423714,matched_station_line,station_name+line:伊予鉄道郡中線,Wikidata CC0
3,197,23,松山市,마쓰야마시역,Q6788233,matched_station_line,station_name_only,Wikidata CC0
3,197,25,大手町,오테마치역,Q11435570,matched_station_line,station_name+line:伊予鉄道高浜線,Wikidata CC0
3,197,27,古町,고마치역,Q11411531,matched_station_line,station_name+line:伊予鉄道高浜線,Wikidata CC0
3,197,29,衣山,기누야마역,Q11626365,matched_station_line,station_name+line:伊予鉄道高浜線,Wikidata CC0
3,197,31,西衣山,니시키누야마역,Q11629491,matched_station_line,station_name+line:伊予鉄道高浜線,Wikidata CC0
3,197,33,山西,야마니시역,Q11470915,matched_station_line,station_name+line:伊予鉄道高浜線,Wikidata CC0
3,197,35,三津,미쓰역,Q11356310,matched_station_line,station_name+line:伊予鉄道高浜線,Wikidata CC0
3,197,37,港山,미나토야마역,Q11563075,matched_station_line,station_name+line:伊予鉄道高浜線,Wikidata CC0
3,197,39,梅津寺,바이신지역,Q11538554,matched_station_line,station_name+line:伊予鉄道高浜線,Wikidata CC0
3,197,41,高浜,다카하마역,Q11671850,matched_station_line,station_name+line:伊予鉄道高浜線,Wikidata CC0
3,214,63,西鉄新宮,니시테쓰신구역,Q11629904,matched_station_line,station_name+line:西鉄貝塚線,Wikidata CC0
3,214,65,三苫,미토마역,Q11356991,matched_station_line,station_name+line:西鉄貝塚線,Wikidata CC0
3,214,67,和白,와지로역,Q7960723,matched_station_line,station_name+line:西鉄貝塚線,Wikidata CC0
3,214,69,唐の原,도노하루역,Q7862705,matched_station_line,station_name+line:西鉄貝塚線,Wikidata CC0
3,214,71,香椎花園前,가시이카엔마에역,Q6374289,matched_station_line,station_name+line:西鉄貝塚線,Wikidata CC0
3,214,73,西鉄香椎,니시테쓰카시이역,Q7040733,matched_station_line,station_name+line:西鉄貝塚線,Wikidata CC0
3,214,75,香椎宮前,가시이미야마에역,Q6374290,matched_station_line,station_name+line:西鉄貝塚線,Wikidata CC0
3,214,79,名島,나지마역,Q6960003,matched_station_line,station_name+line:西鉄貝塚線,Wikidata CC0
3,214,81,貝塚,가이즈카역,Q1057455,matched_station_line,station_name+line:西鉄貝塚線,Wikidata CC0
3,215,103,薬院,야쿠인역,Q995628,matched_station_line,station_name+line:西鉄天神大牟田線,Wikidata CC0
3,215,105,西鉄平尾,니시테쓰히라오역,Q7040732,matched_station_line,station_name+line:西鉄天神大牟田線,Wikidata CC0
3,215,107,高宮,다카미야역,Q7677150,matched_station_line,station_name+line:西鉄天神大牟田線,Wikidata CC0
3,215,109,大橋,오하시역,Q8081489,matched_station_line,station_name+line:西鉄天神大牟田線,Wikidata CC0
3,215,111,井尻,이지리역,Q5995184,matched_station_line,station_name+line:西鉄天神大牟田線,Wikidata CC0
3,215,113,雑餉隈,잣쇼노쿠마역,Q8067061,matched_station_line,station_name+line:西鉄天神大牟田線,Wikidata CC0
3,215,115,春日原,가스가바루역,Q6374872,matched_station_line,station_name+line:西鉄天神大牟田線,Wikidata CC0
3,215,117,白木原,시라키바루역,Q7498250,matched_station_line,station_name+line:西鉄天神大牟田線,Wikidata CC0
3,215,119,下大利,시모오리역,Q7497033,matched_station_line,station_name+line:西鉄天神大牟田線,Wikidata CC0
3,215,121,都府楼前,도후로마에역,Q7813018,matched_station_line,station_name+line:西鉄天神大牟田線,Wikidata CC0
3,215,123,西鉄二日市,니시테쓰후쓰카이치역,Q7040729,matched_station_line,station_name+line:西鉄天神大牟田線,Wikidata CC0
3,215,124,紫,무라사키역,Q6937369,matched_station_line,station_name+line:西鉄天神大牟田線,Wikidata CC0
3,215,125,朝倉街道,아사쿠라가이도역,Q4803445,matched_station_line,station_name+line:西鉄天神大牟田線,Wikidata CC0
3,215,127,桜台,사쿠라다이역,Q7403193,matched_station_line,station_name+line:西鉄天神大牟田線,Wikidata CC0
3,215,129,筑紫,지쿠시역,Q5097520,matched_station_line,station_name+line:西鉄天神大牟田線,Wikidata CC0
3,215,131,津古,쓰코역,Q11555964,matched_station_line,station_name+line:西鉄天神大牟田線,Wikidata CC0
3,215,132,三国が丘,미쿠니가오카역,Q11354716,matched_station_line,station_name+line:西鉄天神大牟田線,Wikidata CC0
3,215,133,三沢,미쓰사와역,Q11356179,matched_station_line,station_name+line:西鉄天神大牟田線,Wikidata CC0
3,215,135,大保,오호역,Q11432382,matched_station_line,station_name+line:西鉄天神大牟田線,Wikidata CC0
3,215,137,西鉄小郡,니시테쓰오고리역,Q7040738,matched_station_line,station_name+line:西鉄天神大牟田線,Wikidata CC0
3,215,139,端間,하타마역,Q11598528,matched_station_line,station_name+line:西鉄天神大牟田線,Wikidata CC0
3,215,141,味坂,아지사카역,Q10921193,matched_station_line,station_name+line:西鉄天神大牟田線,Wikidata CC0
3,215,143,宮の陣,미야노진역,Q6884381,matched_station_line,station_name+line:西鉄天神大牟田線,Wikidata CC0
3,215,145,櫛原,구시와라역,Q11544663,matched_station_line,station_name+line:西鉄天神大牟田線,Wikidata CC0
3,215,147,西鉄久留米,니시테쓰쿠루메역,Q7040736,matched_station_line,station_name+line:西鉄天神大牟田線,Wikidata CC0
3,215,149,花畑,하나바타케역,Q5646811,matched_station_line,station_name+line:西鉄天神大牟田線,Wikidata CC0
3,215,151,聖マリア病院前,시켄조마에역,Q11631360,matched_station_line,station_name+line:西鉄天神大牟田線,Wikidata CC0
3,215,153,津福,쓰부쿠역,Q11556360,matched_station_line,station_name+line:西鉄天神大牟田線,Wikidata CC0
3,215,155,安武,야스타케역,Q11450897,matched_station_line,station_name+line:西鉄天神大牟田線,Wikidata CC0
3,215,157,大善寺,다이젠지역,Q5209854,matched_station_line,station_name+line:西鉄天神大牟田線,Wikidata CC0
3,215,159,三潴,미즈마역,Q6884863,matched_station_line,station_name+line:西鉄天神大牟田線,Wikidata CC0
3,215,161,犬塚,이누즈카역,Q11571193,matched_station_line,station_name+line:西鉄天神大牟田線,Wikidata CC0
3,215,163,大溝,오미조역,Q11437557,matched_station_line,station_name+line:西鉄天神大牟田線,Wikidata CC0
3,215,165,八丁牟田,핫초무타역,Q11390457,matched_station_line,station_name+line:西鉄天神大牟田線,Wikidata CC0
3,215,167,蒲池,가마치역,Q11621327,matched_station_line,station_name+line:西鉄天神大牟田線,Wikidata CC0
3,215,169,矢加部,야카베역,Q11583959,matched_station_line,station_name+line:西鉄天神大牟田線,Wikidata CC0
3,215,171,西鉄柳川,니시테쓰야나가와역,Q11629907,matched_station_line,station_name+line:西鉄天神大牟田線,Wikidata CC0
3,215,173,徳益,도쿠마스역,Q11490439,matched_station_line,station_name+line:西鉄天神大牟田線,Wikidata CC0
3,215,175,塩塚,시오쓰카역,Q11428653,matched_station_line,station_name+line:西鉄天神大牟田線,Wikidata CC0
3,215,177,西鉄中島,니시테쓰나카시마역,Q11629891,matched_station_line,station_name+line:西鉄天神大牟田線,Wikidata CC0
3,215,179,江の浦,에노우라역,Q11550568,matched_station_line,station_name+line:西鉄天神大牟田線,Wikidata CC0
3,215,181,開,히라키역,Q11655334,matched_station_line,station_name+line:西鉄天神大牟田線,Wikidata CC0
3,215,183,西鉄渡瀬,니시테쓰와타제역,Q11629906,matched_station_line,station_name+line:西鉄天神大牟田線,Wikidata CC0
3,215,185,倉永,구라나가역,Q11386832,matched_station_line,station_name+line:西鉄天神大牟田線,Wikidata CC0
3,215,187,東甘木,히가시아마기역,Q11528067,matched_station_line,station_name+line:西鉄天神大牟田線,Wikidata CC0
3,215,189,西鉄銀水,니시테쓰긴스이역,Q11629920,matched_station_line,station_name+line:西鉄天神大牟田線,Wikidata CC0
3,215,191,新栄町,신사카에마치역,Q7497124,matched_station_line,station_name+line:西鉄天神大牟田線,Wikidata CC0
3,215,193,大牟田,오무타역,Q871063,matched_station_line,station_name+line:西鉄天神大牟田線,Wikidata CC0
3,216,2,西鉄五条,니시테쓰고조역,Q7040728,matched_station_line,station_name+line:西鉄太宰府線,Wikidata CC0
3,216,4,太宰府,다자이후역,Q5243657,matched_station_line,station_name+line:西鉄太宰府線,Wikidata CC0
3,217,1,宮の陣,미야노진역,Q6884381,matched_station_line,station_name+line:西鉄甘木線,Wikidata CC0
3,217,2,五郎丸,고로마루역,Q11372693,matched_station_line,station_name+line:西鉄甘木線,Wikidata CC0
3,217,4,学校前,갓코마에역,Q11448249,matched_station_line,station_name+line:西鉄甘木線,Wikidata CC0
3,217,6,古賀茶屋,고간차야역,Q11411698,matched_station_line,station_name+line:西鉄甘木線,Wikidata CC0
3,217,8,北野,기타노역,Q11404333,matched_station_line,station_name+line:西鉄甘木線,Wikidata CC0
3,217,10,大城,오키역,Q11433849,matched_station_line,station_name+line:西鉄甘木線,Wikidata CC0
3,217,12,金島,가네시마역,Q11647040,matched_station_line,station_name+line:西鉄甘木線,Wikidata CC0
3,217,14,大堰,오제키역,Q11433868,matched_station_line,station_name+line:西鉄甘木線,Wikidata CC0
3,217,16,本郷,혼고역,Q11520914,matched_station_line,station_name+line:西鉄甘木線,Wikidata CC0
3,217,18,上浦,가미우라역,Q11359556,matched_station_line,station_name+line:西鉄甘木線,Wikidata CC0
3,217,20,馬田,마다역,Q11668031,matched_station_line,station_name+line:西鉄甘木線,Wikidata CC0
3,217,22,甘木,아마기역,Q4739135,matched_station_line,station_name+line:甘木線,Wikidata CC0
3,220,1,那覇空港,나하공항역,Q841429,matched_station_line,station_name+line:沖縄都市モノレール線,Wikidata CC0
3,220,5,赤嶺,아카미네역,Q7571684,matched_station_line,station_name+line:沖縄都市モノレール線,Wikidata CC0
3,220,7,小禄,오로쿠역,Q7571742,matched_station_line,station_name+line:沖縄都市モノレール線,Wikidata CC0
3,220,9,奥武山公園,오노야마공원역,Q7571756,matched_station_line,station_name+line:沖縄都市モノレール線,Wikidata CC0
3,220,11,壺川,쓰보가와역,Q7571705,matched_station_line,station_name+line:沖縄都市モノレール線,Wikidata CC0
3,220,13,旭橋,아사히바시역,Q7484306,matched_station_line,station_name+line:沖縄都市モノレール線,Wikidata CC0
3,220,15,県庁前,현청앞역,Q7484295,matched_station_line,station_name+line:沖縄都市モノレール線,Wikidata CC0
3,220,17,美栄橋,미에바시역,Q7484299,matched_station_line,station_name+line:沖縄都市モノレール線,Wikidata CC0
3,220,19,牧志,마키시역,Q7571240,matched_station_line,station_name+line:沖縄都市モノレール線,Wikidata CC0
3,220,21,安里,아사토역,Q7571723,matched_station_line,station_name+line:沖縄都市モノレール線,Wikidata CC0
3,220,23,おもろまち,오모로마치역,Q7090660,matched_station_line,station_name+line:沖縄都市モノレール線,Wikidata CC0
3,220,25,古島,후루지마역,Q7484332,matched_station_line,station_name+line:沖縄都市モノレール線,Wikidata CC0
3,220,27,市立病院前,시립병원앞역,Q7571700,matched_station_line,station_name+line:沖縄都市モノレール線,Wikidata CC0
3,220,29,儀保,기보역,Q7484290,matched_station_line,station_name+line:沖縄都市モノレール線,Wikidata CC0
3,220,31,首里,슈리역,Q841561,matched_station_line,station_name+line:沖縄都市モノレール線,Wikidata CC0
3,220,33,石嶺,이시미네역,Q11585621,matched_station_line,station_name+line:沖縄都市モノレール線,Wikidata CC0
3,220,35,経塚,교즈카역,Q11606414,matched_station_line,station_name+line:沖縄都市モノレール線,Wikidata CC0
3,220,37,浦添前田,우라소에마에다역,Q11397778,matched_station_line,station_name+line:沖縄都市モノレール線,Wikidata CC0
3,220,39,てだこ浦西,데다코우라니시역,Q11558339,matched_station_line,station_name+line:沖縄都市モノレール線,Wikidata CC0
3,221,1,諫早,이사하야역,Q901393,matched_station_line,station_name+line:島原鉄道線,Wikidata CC0
3,228,1,八代,야쓰시로역,Q846609,matched_station_line,station_name+line:肥薩線,Wikidata CC0
3,228,14,たのうら御立岬公園,다노우라오타치미사키코엔역,Q11271214,matched_station_line,station_name+line:肥薩おれんじ鉄道線,Wikidata CC0
3,228,70,川内,센다이역,Q1136688,matched_station_line,station_name+line:肥薩おれんじ鉄道線,Wikidata CC0
3,230,1,小倉,고쿠라역,Q801027,matched_station_line,station_name+line:北九州高速鉄道小倉線,Wikidata CC0
3,230,2,平和通,헤이와도오리역,Q11482273,matched_station_line,station_name+line:北九州高速鉄道小倉線,Wikidata CC0
3,230,3,旦過,단가 역,Q7682779,matched_station_line,station_name+line:北九州高速鉄道小倉線,Wikidata CC0
3,230,5,香春口三萩野,가와라구치미하기노 역,Q6379680,matched_station_line,station_name+line:北九州高速鉄道小倉線,Wikidata CC0
3,230,7,片野,가타노 역,Q6375106,matched_station_line,station_name+line:北九州高速鉄道小倉線,Wikidata CC0
3,230,9,城野,조노 역,Q6322250,matched_station_line,station_name+line:北九州高速鉄道小倉線,Wikidata CC0
3,230,11,北方,기타가타 역,Q6417696,matched_station_line,station_name+line:北九州高速鉄道小倉線,Wikidata CC0
3,230,13,競馬場前,게이바조마에 역,Q6383560,matched_station_line,station_name+line:北九州高速鉄道小倉線,Wikidata CC0
3,230,15,守恒,모리쓰네 역,Q6912378,matched_station_line,station_name+line:北九州高速鉄道小倉線,Wikidata CC0
3,230,17,徳力公団前,도쿠리키코단마에 역,Q7813751,matched_station_line,station_name+line:北九州高速鉄道小倉線,Wikidata CC0
3,230,19,徳力嵐山口,도쿠리키아라시야마구치 역,Q7813750,matched_station_line,station_name+line:北九州高速鉄道小倉線,Wikidata CC0
3,230,21,志井,시이 역,Q8192482,matched_station_line,station_name+line:北九州高速鉄道小倉線,Wikidata CC0
3,230,23,企救丘,기쿠가오카 역,Q6406401,matched_station_line,station_name+line:北九州高速鉄道小倉線,Wikidata CC0
3,231,1,姪浜,메이노하마역,Q1039174,matched_station_line,station_name+line:空港線,Wikidata CC0
3,231,3,室見,무로미역,Q4357442,matched_station_line,station_name+line:空港線,Wikidata CC0
3,231,5,藤崎,후지사키역,Q4357513,matched_station_line,station_name+line:空港線,Wikidata CC0
3,231,7,西新,니시진역,Q4357476,matched_station_line,station_name+line:空港線,Wikidata CC0
3,231,9,唐人町,도진마치역,Q4357468,matched_station_line,station_name+line:空港線,Wikidata CC0
3,231,11,大濠公園,오호리 공원역,Q4357451,matched_station_line,station_name+line:空港線,Wikidata CC0
3,231,13,赤坂,아카사카역,Q1112740,matched_station_line,station_name+line:空港線,Wikidata CC0
3,231,15,天神,덴진역,Q1039182,matched_station_line,station_name+line:空港線,Wikidata CC0
3,231,17,中洲川端,나카스카와바타역,Q1039189,matched_station_line,station_name+line:空港線,Wikidata CC0
3,231,19,祇園,기온역,Q4357517,matched_station_line,station_name+line:空港線,Wikidata CC0
3,231,21,博多,하카타역,Q800875,matched_station_line,station_name_only,Wikidata CC0
3,231,23,東比恵,히가시히에역,Q4357538,matched_station_line,station_name+line:空港線,Wikidata CC0
3,231,25,福岡空港,후쿠오카 공항역,Q843397,matched_station_line,station_name+line:空港線,Wikidata CC0
3,232,1,中洲川端,나카스카와바타역,Q1039189,matched_station_line,station_name+line:箱崎線,Wikidata CC0
3,232,3,呉服町,고후쿠마치역,Q4357555,matched_station_line,station_name+line:箱崎線,Wikidata CC0
3,232,5,千代県庁口,지요켄초구치역,Q4357546,matched_station_line,station_name+line:箱崎線,Wikidata CC0
3,232,7,馬出九大病院前,마이다시큐다이뵤인마에역,Q4357456,matched_station_line,station_name+line:箱崎線,Wikidata CC0
3,232,9,箱崎宮前,하코자키미야마에역,Q4357205,matched_station_line,station_name+line:箱崎線,Wikidata CC0
3,232,11,箱崎九大前,하코자키큐다이마에역,Q4357189,matched_station_line,station_name+line:箱崎線,Wikidata CC0
3,232,13,貝塚,가이즈카역,Q1057455,matched_station_line,station_name+line:箱崎線,Wikidata CC0
3,233,1,橋本,하시모토역,Q4357053,matched_station_line,station_name+line:七隈線,Wikidata CC0
3,233,3,次郎丸,지로마루역,Q4357306,matched_station_line,station_name+line:七隈線,Wikidata CC0
3,233,5,賀茂,가모역,Q4357317,matched_station_line,station_name+line:七隈線,Wikidata CC0
3,233,7,野芥,노케역,Q4357433,matched_station_line,station_name+line:七隈線,Wikidata CC0
3,233,9,梅林,우메바야시역,Q4357482,matched_station_line,station_name+line:七隈線,Wikidata CC0
3,233,11,福大前,후쿠다이 앞 역,Q4357312,matched_station_line,station_name+line:七隈線,Wikidata CC0
3,233,13,七隈,나나쿠마역,Q4357056,matched_station_line,station_name+line:七隈線,Wikidata CC0
3,233,15,金山,가나야마역,Q855737,matched_station_line,station_name+line:七隈線,Wikidata CC0
3,233,17,茶山,자야마역,Q4357049,matched_station_line,station_name+line:七隈線,Wikidata CC0
3,233,19,別府,베후역,Q4357195,matched_station_line,station_name+line:七隈線,Wikidata CC0
3,233,21,六本松,롯폰마쓰역,Q4357453,matched_station_line,station_name+line:七隈線,Wikidata CC0
3,233,23,桜坂,사쿠라자카역,Q4357463,matched_station_line,station_name+line:七隈線,Wikidata CC0
3,233,25,薬院大通,야쿠인오도리역,Q4357438,matched_station_line,station_name+line:七隈線,Wikidata CC0
3,233,27,薬院,야쿠인역,Q995628,matched_station_line,station_name_only,Wikidata CC0
3,233,29,渡辺通,와타나베도리역,Q4357440,matched_station_line,station_name+line:七隈線,Wikidata CC0
3,233,31,天神南,덴진미나미역,Q4357192,matched_station_line,station_name+line:七隈線,Wikidata CC0
3,233,33,櫛田神社前,구시다진자마에역,Q107395376,matched_station_line,station_name+line:七隈線,Wikidata CC0
