station_name_ja,station_name_ko,wikidata_id,match_status,source
JR河内永和,JR 가와치에이와역,Q10854599,unique_korean_label,Wikidata CC0
JR五位堂,JR 고이도역,Q3655990,unique_korean_label,Wikidata CC0
JR三山木,JR 미야마키역,Q855528,unique_korean_label,Wikidata CC0
JR俊徳道,JR 슌토쿠미치역,Q10854600,unique_korean_label,Wikidata CC0
JR小倉,JR 오구라역,Q1049411,unique_korean_label,Wikidata CC0
JR総持寺,JR소지지역,Q11226302,unique_korean_label,Wikidata CC0
JR長瀬,JR 나가세역,Q856052,unique_korean_label,Wikidata CC0
JR藤森,JR 후지노모리역,Q1048325,unique_korean_label,Wikidata CC0
JR難波,JR 난바역,Q945659,unique_korean_label,Wikidata CC0
JR野江,JR 노에역,Q55876612,unique_korean_label,Wikidata CC0
YRP野比,YRP 노비역,Q8046018,unique_korean_label,Wikidata CC0
あいの里教育大,아이노사토쿄이쿠다이역,Q2490286,unique_korean_label,Wikidata CC0
あいの里公園,아이노사토코엔역,Q2490245,unique_korean_label,Wikidata CC0
アイランドセンター,아일랜드 센터역,Q11282449,unique_korean_label,Wikidata CC0
アイランド北口,아일랜드 기타구치역,Q11282452,unique_korean_label,Wikidata CC0
あおば通,아오바도리역,Q4778563,unique_korean_label,Wikidata CC0
あかぢ,아카지역,Q11256856,unique_korean_label,Wikidata CC0
あきた白神,아키타시라카미역,Q4701221,unique_korean_label,Wikidata CC0
あざみ野,아자미노역,Q852232,unique_korean_label,Wikidata CC0
あしかがフラワーパーク,아시카가 플라워파크역,Q45875891,unique_korean_label,Wikidata CC0
あつみ温泉,아쓰미온센역,Q4817784,unique_korean_label,Wikidata CC0
あぶくま,아부쿠마역,Q4670568,unique_korean_label,Wikidata CC0
いこいの村,이코이노무라역,Q11259169,unique_korean_label,Wikidata CC0
いずみ中央,이즈미추오역,Q6102271,unique_korean_label,Wikidata CC0
いずみ野,이즈미노역,Q6102365,unique_korean_label,Wikidata CC0
いりなか,이리나카역,Q864343,unique_korean_label,Wikidata CC0
いわき,이와키역,Q5353428,unique_korean_label,Wikidata CC0
いわて沼宮内,이와테누마쿠나이역,Q1136556,unique_korean_label,Wikidata CC0
ウェスパ椿山,웨스파쓰바키야마역,Q7977214,unique_korean_label,Wikidata CC0
うきは,우키하역,Q4898188,unique_korean_label,Wikidata CC0
ウッディタウン中央,우디타운추오역,Q8033703,unique_korean_label,Wikidata CC0
えちご押上ひすい海岸,에치고오시아게히스이카이간역,Q98196090,unique_korean_label,Wikidata CC0
えびの,에비노역,Q5331860,unique_korean_label,Wikidata CC0
えびの上江,에비노우와에역,Q5331862,unique_korean_label,Wikidata CC0
えびの飯野,에비노이노역,Q5331859,unique_korean_label,Wikidata CC0
おごと温泉,오고토온센역,Q5367599,unique_korean_label,Wikidata CC0
おもちゃのまち,오모차노마치역,Q7090437,unique_korean_label,Wikidata CC0
おもろまち,오모로마치역,Q7090660,unique_korean_label,Wikidata CC0
おゆみ野,오유미노역,Q7116390,unique_korean_label,Wikidata CC0
オレンジタウン,오렌지타운역,Q1441270,unique_korean_label,Wikidata CC0
お花茶屋,오하나자야역,Q7080614,unique_korean_label,Wikidata CC0
お台場海浜公園,오다이바카이힌코엔역,Q858883,unique_korean_label,Wikidata CC0
ガーラ湯沢,갈라유자와역,Q1054907,unique_korean_label,Wikidata CC0
かしわ台,가시와다이역,Q6374358,unique_korean_label,Wikidata CC0
かみのやま温泉,가미노야마온센역,Q1137142,unique_korean_label,Wikidata CC0
かるが浜,가루가하마역,Q6373607,unique_korean_label,Wikidata CC0
くいな橋,구이나바시역,Q2580165,unique_korean_label,Wikidata CC0
くぬぎ山,구누기야마역,Q6445119,unique_korean_label,Wikidata CC0
くりこま高原,구리코마코겐역,Q1136550,unique_korean_label,Wikidata CC0
ケーブル八幡宮山上,오토코야마산조역,Q7108964,unique_korean_label,Wikidata CC0
けやき台,게야키다이역,Q5359700,unique_korean_label,Wikidata CC0
コスモスクエア,코스모스퀘어역,Q1136734,unique_korean_label,Wikidata CC0
こどもの国,고도모노쿠니역,Q6425420,unique_korean_label,Wikidata CC0
さいたま新都心,사이타마신토신역,Q801393,unique_korean_label,Wikidata CC0
さがみ野,사가미노역,Q7398969,unique_korean_label,Wikidata CC0
さくらんぼ東根,사쿠란보히가시네역,Q742572,unique_korean_label,Wikidata CC0
さくら夙川,사쿠라슈쿠가와역,Q1041960,unique_korean_label,Wikidata CC0
ささしまライブ,사사시마라이브역,Q11267889,unique_korean_label,Wikidata CC0
さつき野,사쓰키노역,Q7426493,unique_korean_label,Wikidata CC0
サッポロビール庭園,삿포로비루테이엔역,Q3601222,unique_korean_label,Wikidata CC0
しきぶ,시키부역,Q124466758,unique_korean_label,Wikidata CC0
ししぶ,시시부역,Q5359545,unique_korean_label,Wikidata CC0
すずかけ台,스즈카케다이역,Q7651185,unique_korean_label,Wikidata CC0
すすきの,스스키노역,Q3563658,unique_korean_label,Wikidata CC0
すずらんの里,스즈란노사토역,Q7651399,unique_korean_label,Wikidata CC0
スペースワールド,스페이스월드역,Q5360354,unique_korean_label,Wikidata CC0
スポーツセンター,스포츠 센터역,Q4268568,unique_korean_label,Wikidata CC0
せんげん台,센겐다이역,Q842516,unique_korean_label,Wikidata CC0
センター南,센터 미나미역,Q844629,unique_korean_label,Wikidata CC0
センター北,센터 기타역,Q847363,unique_korean_label,Wikidata CC0
ソシオ流通センター,소시오 유통센터역,Q28105552,unique_korean_label,Wikidata CC0
だいどう豊里,다이도토요사토역,Q180979,unique_korean_label,Wikidata CC0
たのうら御立岬公園,다노우라오타치미사키코엔역,Q11271214,unique_korean_label,Wikidata CC0
たまプラーザ,다마 플라자역,Q3299307,unique_korean_label,Wikidata CC0
ちはら台,지하라다이역,Q5097270,unique_korean_label,Wikidata CC0
つきのわ,쓰키노와역,Q7850076,unique_korean_label,Wikidata CC0
つきみ野,쓰키미노역,Q7850073,unique_korean_label,Wikidata CC0
つくし野,쓰쿠시노역,Q7850118,unique_korean_label,Wikidata CC0
つくば,쓰쿠바역,Q1069714,unique_korean_label,Wikidata CC0
つつじヶ丘,쓰쓰지가오카역,Q841913,unique_korean_label,Wikidata CC0
テクノさかき,데쿠노사카키역,Q7695516,unique_korean_label,Wikidata CC0
てだこ浦西,데다코우라니시역,Q11558339,unique_korean_label,Wikidata CC0
テレコムセンター,텔레컴 센터역,Q859177,unique_korean_label,Wikidata CC0
とうきょうスカイツリー,도쿄 스카이트리역,Q900250,unique_korean_label,Wikidata CC0
ドーム前千代崎,도무마에치요자키역,Q666822,unique_korean_label,Wikidata CC0
ときわ台,도키와다이역,Q7813626,unique_korean_label,Wikidata CC0
トマム,도마무역,Q8190718,unique_korean_label,Wikidata CC0
トレードセンター前,트레이드 센터마에역,Q180469,unique_korean_label,Wikidata CC0
ナゴヤドーム前矢田,나고야돔마에야다역,Q903437,unique_korean_label,Wikidata CC0
なにわ橋,나니와바시역,Q858429,unique_korean_label,Wikidata CC0
ニセコ,니세코역,Q848242,unique_korean_label,Wikidata CC0
のの岳,노노다케역,Q7049528,unique_korean_label,Wikidata CC0
ハーバーランド,하버랜드역,Q5654726,unique_korean_label,Wikidata CC0
ハウステンボス,하우스텐보스역,Q852106,unique_korean_label,Wikidata CC0
バスセンター前,버스센터마에역,Q5001181,unique_korean_label,Wikidata CC0
はなみずき通,하나미즈키도리역,Q861759,unique_korean_label,Wikidata CC0
はりま勝原,하리마카쓰하라역,Q5366569,unique_korean_label,Wikidata CC0
バルーンさが,벌룬 사가역,Q4851866,unique_korean_label,Wikidata CC0
はるひ野,하루히노역,Q4496149,unique_korean_label,Wikidata CC0
ひぐち,히구치역,Q5760181,unique_korean_label,Wikidata CC0
ひたち野うしく,히타치노우시쿠역,Q5364808,unique_korean_label,Wikidata CC0
ひばりが丘,히바리가오카역,Q3563799,unique_korean_label,Wikidata CC0
ひばりヶ丘,히바리가오카역,Q8016226,unique_korean_label,Wikidata CC0
ひめじ別所,히메지벳쇼역,Q1042447,unique_korean_label,Wikidata CC0
ひろせ野鳥の森,히로세야초노모리역,Q5770745,unique_korean_label,Wikidata CC0
びわ湖浜大津,하마오쓰 역,Q5644181,unique_korean_label,Wikidata CC0
ファミリー公園前,패밀리코엔마에역,Q5433008,unique_korean_label,Wikidata CC0
フェリーターミナル,페리 터미널역,Q180477,unique_korean_label,Wikidata CC0
ふかや花園,후카야하나조노 역,Q30302602,unique_korean_label,Wikidata CC0
ふじみ野,후지미노역,Q5507442,unique_korean_label,Wikidata CC0
フラワータウン,플라워 타운역,Q5462195,unique_korean_label,Wikidata CC0
ベイサイド・ステーション,베이사이드 스테이션역,Q5368692,unique_korean_label,Wikidata CC0
ポートターミナル,포트 터미널역,Q11339449,unique_korean_label,Wikidata CC0
ポートタウン西,포트 타운 니시역,Q180510,unique_korean_label,Wikidata CC0
ポートタウン東,포트 타운 히가시역,Q180504,unique_korean_label,Wikidata CC0
ほしみ,호시미역,Q1044979,unique_korean_label,Wikidata CC0
ほっとゆだ,홋토유다역,Q8193573,unique_korean_label,Wikidata CC0
マキノ,마키노역,Q5363830,unique_korean_label,Wikidata CC0
マリンパーク,마린 파크역,Q11341119,unique_korean_label,Wikidata CC0
みさき公園,미사키코엔역,Q6875069,unique_korean_label,Wikidata CC0
みずほ台,미즈호다이역,Q6884805,unique_korean_label,Wikidata CC0
みつわ台,미쓰와다이역,Q6883389,unique_korean_label,Wikidata CC0
みどりの,미도리노역,Q5366321,unique_korean_label,Wikidata CC0
みどり湖,미도리코역,Q8013585,unique_korean_label,Wikidata CC0
みどり台,미도리다이역,Q6842906,unique_korean_label,Wikidata CC0
みなとじま,미나토지마역,Q11279137,unique_korean_label,Wikidata CC0
みなとみらい,미나토미라이역,Q3299269,unique_korean_label,Wikidata CC0
みなと元町,미나토모토마치역,Q6863247,unique_korean_label,Wikidata CC0
みなみ寄居,미나미요리이역,Q85869544,unique_korean_label,Wikidata CC0
みの,미노역,Q5358745,unique_korean_label,Wikidata CC0
みのり台,미노리다이역,Q6869225,unique_korean_label,Wikidata CC0
みらい平,미라이다이라역,Q5366385,unique_korean_label,Wikidata CC0
めじろ台,메지로다이역,Q6810499,unique_korean_label,Wikidata CC0
モレラ岐阜,모레라기후역,Q11344646,unique_korean_label,Wikidata CC0
やながわ希望の森公園前,야나가와키보노모리코엔마에역,Q11280402,unique_korean_label,Wikidata CC0
ユーカリが丘,유카리가오카역,Q8062735,unique_korean_label,Wikidata CC0
ゆだ錦秋湖,유다킨슈코역,Q8192723,unique_korean_label,Wikidata CC0
ゆだ高原,유다코겐역,Q8060216,unique_korean_label,Wikidata CC0
ゆめが丘,유메가오카역,Q5367513,unique_korean_label,Wikidata CC0
ゆめみ野,유메미노역,Q11280891,unique_korean_label,Wikidata CC0
ラベンダー畑,라벤더바타케역,Q6502520,unique_korean_label,Wikidata CC0
リゾートゲートウェイ・ステーション,리조트 게이트웨이 스테이션역,Q8014465,unique_korean_label,Wikidata CC0
りんくうタウン,린쿠타운역,Q856990,unique_korean_label,Wikidata CC0
りんくう常滑,린쿠토코나메역,Q7335070,unique_korean_label,Wikidata CC0
ロイズタウン,ROYCE' Town역,Q106491365,unique_korean_label,Wikidata CC0
阿下喜,아게키역,Q4691962,unique_korean_label,Wikidata CC0
阿久比,아구이역,Q4694540,unique_korean_label,Wikidata CC0
阿佐ケ谷,아사가야역,Q800402,unique_korean_label,Wikidata CC0
阿左美,아자미역,Q289670,unique_korean_label,Wikidata CC0
阿川,아가와역,Q4691631,unique_korean_label,Wikidata CC0
阿曽,아소역,Q899005,unique_korean_label,Wikidata CC0
阿蘇,아소역,Q4807479,unique_korean_label,Wikidata CC0
阿倉川,아쿠라가와역,Q2913578,unique_korean_label,Wikidata CC0
阿漕,아코기역,Q898582,unique_korean_label,Wikidata CC0
阿知須,아지스역,Q4699770,unique_korean_label,Wikidata CC0
阿田和,아타와역,Q899275,unique_korean_label,Wikidata CC0
阿南,아난역,Q4751223,unique_korean_label,Wikidata CC0
阿波加茂,아와카모역,Q4829611,unique_korean_label,Wikidata CC0
阿波海南,아와카이난역,Q4829614,unique_korean_label,Wikidata CC0
阿波橘,아와타치바나역,Q4829622,unique_korean_label,Wikidata CC0
阿波座,아와자역,Q1134468,unique_korean_label,Wikidata CC0
阿波山川,아와야마카와역,Q4829623,unique_korean_label,Wikidata CC0
阿波赤石,아와아카이시역,Q4829610,unique_korean_label,Wikidata CC0
阿波川口,아와카와구치역,Q900674,unique_korean_label,Wikidata CC0
阿波川端,아와카와바타역,Q8190594,unique_korean_label,Wikidata CC0
阿波川島,아와카와시마역,Q4829616,unique_korean_label,Wikidata CC0
阿波大宮,아와오미야역,Q4829629,unique_korean_label,Wikidata CC0
阿波大谷,아와오타니역,Q4829630,unique_korean_label,Wikidata CC0
阿波池田,아와이케다역,Q578436,unique_korean_label,Wikidata CC0
阿波中島,아와나카시마역,Q4829620,unique_korean_label,Wikidata CC0
阿波半田,아와한다역,Q4829609,unique_korean_label,Wikidata CC0
阿波富田,아와토미다역,Q4829621,unique_korean_label,Wikidata CC0
阿波福井,아와후쿠이역,Q4829613,unique_korean_label,Wikidata CC0
阿倍野,아베노역,Q135196,unique_korean_label,Wikidata CC0
阿品,아지나역,Q873664,unique_korean_label,Wikidata CC0
愛・地球博記念公園,아이치큐하쿠키넨코엔역,Q861802,unique_korean_label,Wikidata CC0
愛し野,이토시노역,Q6094867,unique_korean_label,Wikidata CC0
愛環梅坪,아이칸우메쓰보역,Q4696915,unique_korean_label,Wikidata CC0
愛甲石田,아이코이시다역,Q1107009,unique_korean_label,Wikidata CC0
愛山,아이잔역,Q4699420,unique_korean_label,Wikidata CC0
愛子,아야시역,Q4830973,unique_korean_label,Wikidata CC0
愛知御津,아이치미토역,Q872467,unique_korean_label,Wikidata CC0
愛宕,아타고역,Q899118,unique_korean_label,Wikidata CC0
愛宕橋,아타고바시역,Q4812647,unique_korean_label,Wikidata CC0
愛別,아이베쓰역,Q4696540,unique_korean_label,Wikidata CC0
愛本,아이모토역,Q4697186,unique_korean_label,Wikidata CC0
愛野,아이노역,Q871135,unique_korean_label,Wikidata CC0
姶良,아이라역,Q900364,unique_korean_label,Wikidata CC0
逢隈,오쿠마역,Q11639834,unique_korean_label,Wikidata CC0
逢妻,아이즈마역,Q871545,unique_korean_label,Wikidata CC0
旭,아사히역,Q863457,unique_korean_label,Wikidata CC0
旭ヶ丘,아사히가오카역,Q4803383,unique_korean_label,Wikidata CC0
旭ケ丘,아사히가오카역,Q5357637,unique_korean_label,Wikidata CC0
旭橋,아사히바시역,Q7484306,unique_korean_label,Wikidata CC0
旭川,아사히카와역,Q1073617,unique_korean_label,Wikidata CC0
旭川四条,아사히카와요조역,Q872636,unique_korean_label,Wikidata CC0
旭前,아사히마에역,Q4803354,unique_korean_label,Wikidata CC0
芦ヶ久保,아시가쿠보역,Q4805059,unique_korean_label,Wikidata CC0
芦屋,아시야역,Q1155425,unique_korean_label,Wikidata CC0
芦屋川,아시야가와역,Q1108743,unique_korean_label,Wikidata CC0
芦花公園,로카코엔역,Q2717793,unique_korean_label,Wikidata CC0
芦原,아시하라 역,Q4805065,unique_korean_label,Wikidata CC0
芦原温泉,아와라온센역,Q4829830,unique_korean_label,Wikidata CC0
芦原橋,아시하라바시역,Q1130913,unique_korean_label,Wikidata CC0
芦原町,아시하라초역,Q4805066,unique_korean_label,Wikidata CC0
芦川,아시가와역,Q4805063,unique_korean_label,Wikidata CC0
芦沢,아시사와역,Q4805146,unique_korean_label,Wikidata CC0
芦別,아시베쓰역,Q898900,unique_korean_label,Wikidata CC0
梓橋,아즈사바시역,Q4833136,unique_korean_label,Wikidata CC0
綾織,아야오리역,Q3890053,unique_korean_label,Wikidata CC0
綾瀬,아야세역,Q390691,unique_korean_label,Wikidata CC0
綾川,아야가와역,Q15306868,unique_korean_label,Wikidata CC0
綾部,아야베역,Q871639,unique_korean_label,Wikidata CC0
綾羅木,아야라기역,Q4830964,unique_korean_label,Wikidata CC0
鮎喰,아쿠이역,Q4701935,unique_korean_label,Wikidata CC0
粟井,아와이역,Q898993,unique_korean_label,Wikidata CC0
粟生,아오역,Q1104653,unique_korean_label,Wikidata CC0
粟生津,아오즈역,Q4833414,unique_korean_label,Wikidata CC0
粟野,아와노역,Q4829804,unique_korean_label,Wikidata CC0
安浦,야스우라역,Q8050123,unique_korean_label,Wikidata CC0
安岡,야스오카역,Q8050084,unique_korean_label,Wikidata CC0
安牛,야스우시역,Q8189327,unique_korean_label,Wikidata CC0
安芸,아키역,Q4700860,unique_korean_label,Wikidata CC0
安芸阿賀,아키아카역,Q4700871,unique_korean_label,Wikidata CC0
安芸幸崎,아키사이자키역,Q4701218,unique_korean_label,Wikidata CC0
安芸川尻,아키카와지리역,Q4700962,unique_korean_label,Wikidata CC0
安芸中野,아키나카노역,Q873122,unique_korean_label,Wikidata CC0
安芸長束,아키나가쓰카역,Q4700843,unique_korean_label,Wikidata CC0
安芸長浜,아키나가하마역,Q4701056,unique_korean_label,Wikidata CC0
安芸津,아키쓰역,Q4701251,unique_korean_label,Wikidata CC0
安芸矢口,아키야구치역,Q4701274,unique_korean_label,Wikidata CC0
安子ケ島,아코가시마역,Q4701501,unique_korean_label,Wikidata CC0
安治川口,아지카와구치역,Q1042791,unique_korean_label,Wikidata CC0
安城,안조역,Q257359,unique_korean_label,Wikidata CC0
安食,아지키역,Q864215,unique_korean_label,Wikidata CC0
安針塚,안진즈카역,Q4765822,unique_korean_label,Wikidata CC0
安栖里,아세리역,Q871103,unique_korean_label,Wikidata CC0
安積永盛,아사카나가모리역,Q876716,unique_korean_label,Wikidata CC0
安善,안젠역,Q1581479,unique_korean_label,Wikidata CC0
安足間,안타로마역,Q4771058,unique_korean_label,Wikidata CC0
安達,아다치역,Q874853,unique_korean_label,Wikidata CC0
安中,안나카역,Q861538,unique_korean_label,Wikidata CC0
安中榛名,안나카하루나역,Q1138259,unique_korean_label,Wikidata CC0
安塚,야스즈카역,Q8050142,unique_korean_label,Wikidata CC0
安田,야스다역,Q5353546,unique_korean_label,Wikidata CC0
安登,아토역,Q4817155,unique_korean_label,Wikidata CC0
安土,아즈치역,Q649689,unique_korean_label,Wikidata CC0
安堂,안도역,Q4761545,unique_korean_label,Wikidata CC0
安曇沓掛,아즈미쿠쓰카케역,Q4833081,unique_korean_label,Wikidata CC0
安曇川,아도가와역,Q4684027,unique_korean_label,Wikidata CC0
安曇追分,아즈미오이와케역,Q4833079,unique_korean_label,Wikidata CC0
安倍川,아베카와역,Q871497,unique_korean_label,Wikidata CC0
安比高原,앗피코겐역,Q4781066,unique_korean_label,Wikidata CC0
安武,야스타케역,Q11450897,unique_korean_label,Wikidata CC0
安部山公園,아베야마코엔역,Q4667259,unique_korean_label,Wikidata CC0
安房鴨川,아와카모가와역,Q552842,unique_korean_label,Wikidata CC0
安房勝山,아와카쓰야마역,Q558545,unique_korean_label,Wikidata CC0
安房小湊,아와코미나토역,Q552825,unique_korean_label,Wikidata CC0
安房天津,아와아마쓰역,Q553048,unique_korean_label,Wikidata CC0
安茂里,아모리역,Q981709,unique_korean_label,Wikidata CC0
安来,야스기역,Q5357024,unique_korean_label,Wikidata CC0
安里,아사토역,Q7571723,unique_korean_label,Wikidata CC0
安和,아와역,Q4829648,unique_korean_label,Wikidata CC0
鞍手,구라테역,Q11663882,unique_korean_label,Wikidata CC0
鞍馬,구라마역,Q6445553,unique_korean_label,Wikidata CC0
鞍馬口,구라마구치역,Q2579972,unique_korean_label,Wikidata CC0
伊賀,이가역,Q5991412,unique_korean_label,Wikidata CC0
伊賀屋,이가야역,Q5359030,unique_korean_label,Wikidata CC0
伊賀上津,이가코즈역,Q5991391,unique_korean_label,Wikidata CC0
伊賀上野,이가우에노역,Q3701508,unique_korean_label,Wikidata CC0
伊賀神戸,이가칸베역,Q8192384,unique_korean_label,Wikidata CC0
伊香牛,이카우시역,Q5995483,unique_korean_label,Wikidata CC0
伊佐領,이사료역,Q6078999,unique_korean_label,Wikidata CC0
伊集院,이주인역,Q5296702,unique_korean_label,Wikidata CC0
伊上,이가미역,Q5991457,unique_korean_label,Wikidata CC0
伊勢奥津,이세오키쓰역,Q4355606,unique_korean_label,Wikidata CC0
伊勢鎌倉,이세카마쿠라역,Q6079510,unique_korean_label,Wikidata CC0
伊勢原,이세하라역,Q4205219,unique_korean_label,Wikidata CC0
伊勢佐木長者町,이세자키초자마치역,Q841434,unique_korean_label,Wikidata CC0
伊勢崎,이세사키역,Q5963232,unique_korean_label,Wikidata CC0
伊勢市,이세시역,Q6079748,unique_korean_label,Wikidata CC0
伊勢若松,이세와카마쓰역,Q6079535,unique_korean_label,Wikidata CC0
伊勢松本,이세마쓰모토역,Q4142990,unique_korean_label,Wikidata CC0
伊勢石橋,이세이시바시역,Q11379108,unique_korean_label,Wikidata CC0
伊勢川口,이세카와구치역,Q4559472,unique_korean_label,Wikidata CC0
伊勢川島,이세카와시마역,Q4142954,unique_korean_label,Wikidata CC0
伊勢大井,이세오이역,Q11378978,unique_korean_label,Wikidata CC0
伊勢竹原,이세타케하라역,Q11379115,unique_korean_label,Wikidata CC0
伊勢中原,이세나카하라역,Q6079520,unique_korean_label,Wikidata CC0
伊勢中川,이세나카가와역,Q6079515,unique_korean_label,Wikidata CC0
伊勢朝日,이세아사히역,Q6079506,unique_korean_label,Wikidata CC0
伊勢田,이세다역,Q6079617,unique_korean_label,Wikidata CC0
伊勢柏崎,이세카시와자키역,Q5357774,unique_korean_label,Wikidata CC0
伊勢八太,이세하타역,Q6079504,unique_korean_label,Wikidata CC0
伊勢八知,이세야치역,Q11378946,unique_korean_label,Wikidata CC0
伊川谷,이카와다니역,Q5358424,unique_korean_label,Wikidata CC0
伊達,다테역,Q874143,unique_korean_label,Wikidata CC0
伊達紋別,다테몬베쓰역,Q5227640,unique_korean_label,Wikidata CC0
伊丹,이타미역,Q848338,unique_korean_label,Wikidata CC0
伊東,이토역,Q6095339,unique_korean_label,Wikidata CC0
伊豆稲取,이즈이나토리역,Q6102179,unique_korean_label,Wikidata CC0
伊豆急下田,이즈큐시모다역,Q6102244,unique_korean_label,Wikidata CC0
伊豆高原,이즈코겐역,Q6102186,unique_korean_label,Wikidata CC0
伊豆仁田,이즈닛타역,Q6102197,unique_korean_label,Wikidata CC0
伊豆多賀,이즈타가역,Q11380555,unique_korean_label,Wikidata CC0
伊豆大川,이즈오카와역,Q6102208,unique_korean_label,Wikidata CC0
伊豆長岡,이즈나가오카역,Q6102191,unique_korean_label,Wikidata CC0
伊豆熱川,이즈아타가와역,Q6102164,unique_korean_label,Wikidata CC0
伊豆北川,이즈홋카와역,Q6102174,unique_korean_label,Wikidata CC0
伊奈,이나역,Q6013231,unique_korean_label,Wikidata CC0
伊奈中央,이나추오역,Q11379278,unique_korean_label,Wikidata CC0
伊那市,이나시역,Q990582,unique_korean_label,Wikidata CC0
伊那小沢,이나코자와역,Q894419,unique_korean_label,Wikidata CC0
伊那松島,이나마쓰시마역,Q991320,unique_korean_label,Wikidata CC0
伊那上郷,이나카미사토역,Q985474,unique_korean_label,Wikidata CC0
伊那新町,이나신마치역,Q991595,unique_korean_label,Wikidata CC0
伊那大島,이나오시마역,Q988687,unique_korean_label,Wikidata CC0
伊那田島,이나타지마역,Q988853,unique_korean_label,Wikidata CC0
伊那八幡,이나야와타역,Q985174,unique_korean_label,Wikidata CC0
伊那福岡,이나후쿠오카역,Q989483,unique_korean_label,Wikidata CC0
伊那北,이나키타역,Q990680,unique_korean_label,Wikidata CC0
伊那本郷,이나혼고역,Q989127,unique_korean_label,Wikidata CC0
伊比井,이비이역,Q5984052,unique_korean_label,Wikidata CC0
伊部,인베역,Q6003510,unique_korean_label,Wikidata CC0
伊保,이호역,Q5994732,unique_korean_label,Wikidata CC0
伊万里,이마리역,Q8189881,unique_korean_label,Wikidata CC0
伊野,이노역,Q10885165,unique_korean_label,Wikidata CC0
伊予横田,이요요코타역,Q898981,unique_korean_label,Wikidata CC0
伊予寒川,이요산가와역,Q1056023,unique_korean_label,Wikidata CC0
伊予亀岡,이요카메오카역,Q899227,unique_korean_label,Wikidata CC0
伊予吉田,이요요시다역,Q899582,unique_korean_label,Wikidata CC0
伊予宮野下,이요미야노시타역,Q4388231,unique_korean_label,Wikidata CC0
伊予桜井,이요사쿠라이역,Q875864,unique_korean_label,Wikidata CC0
伊予三島,이요미시마역,Q872795,unique_korean_label,Wikidata CC0
伊予三芳,이요미요시역,Q898636,unique_korean_label,Wikidata CC0
伊予市,이요시역,Q869533,unique_korean_label,Wikidata CC0
伊予出石,이요이즈시역,Q898960,unique_korean_label,Wikidata CC0
伊予小松,이요코마쓰역,Q875877,unique_korean_label,Wikidata CC0
伊予上灘,이요카미나다역,Q898957,unique_korean_label,Wikidata CC0
伊予西条,이요사이조역,Q871270,unique_korean_label,Wikidata CC0
伊予石城,이요이와키역,Q899531,unique_korean_label,Wikidata CC0
伊予大洲,이요오즈역,Q898968,unique_korean_label,Wikidata CC0
伊予大平,이요오히라역,Q267402,unique_korean_label,Wikidata CC0
伊予中山,이요나카야마역,Q899520,unique_korean_label,Wikidata CC0
伊予長浜,이요나가하마역,Q898941,unique_korean_label,Wikidata CC0
伊予土居,이요도이역,Q875497,unique_korean_label,Wikidata CC0
伊予白滝,이요시라타키역,Q898985,unique_korean_label,Wikidata CC0
伊予氷見,이요히미역,Q875836,unique_korean_label,Wikidata CC0
伊予富田,이요토미타역,Q585178,unique_korean_label,Wikidata CC0
伊予平野,이요히라노역,Q899620,unique_korean_label,Wikidata CC0
伊予北条,이요호조역,Q899115,unique_korean_label,Wikidata CC0
伊予立川,이요타치카와역,Q899589,unique_korean_label,Wikidata CC0
伊予和気,이요와케역,Q899231,unique_korean_label,Wikidata CC0
伊里,이리역,Q6069511,unique_korean_label,Wikidata CC0
為栗,시테구리역,Q894498,unique_korean_label,Wikidata CC0
衣笠,기누가사역,Q844272,unique_korean_label,Wikidata CC0
医療センター,이료 센터역,Q11404632,unique_korean_label,Wikidata CC0
井の頭公園,이노카시라코엔역,Q4201277,unique_korean_label,Wikidata CC0
井荻,이오기역,Q843289,unique_korean_label,Wikidata CC0
井関,이세기역,Q6079625,unique_korean_label,Wikidata CC0
井原市,이바라이치역,Q5983705,unique_korean_label,Wikidata CC0
井原里,이하라노사토역,Q11373396,unique_korean_label,Wikidata CC0
井戸,이도역,Q11373568,unique_korean_label,Wikidata CC0
井高野,이타카노역,Q180463,unique_korean_label,Wikidata CC0
井細田,이사이다역,Q6078639,unique_korean_label,Wikidata CC0
井出,이데역,Q5355744,unique_korean_label,Wikidata CC0
井尻,이지리역,Q5995184,unique_korean_label,Wikidata CC0
井川さくら,이카와사쿠라역,Q11373502,unique_korean_label,Wikidata CC0
井倉,이쿠라역,Q5996374,unique_korean_label,Wikidata CC0
井田川,이다가와역,Q5358568,unique_korean_label,Wikidata CC0
井土ヶ谷,이도가야역,Q5989285,unique_korean_label,Wikidata CC0
井野,이노역,Q1652443,unique_korean_label,Wikidata CC0
磯ノ浦,이소노우라역,Q6086167,unique_korean_label,Wikidata CC0
磯鶏,소케이역,Q7555091,unique_korean_label,Wikidata CC0
磯原,이소하라역,Q5353468,unique_korean_label,Wikidata CC0
磯山,이소야마역,Q11587968,unique_korean_label,Wikidata CC0
磯子,이소고역,Q79378,unique_korean_label,Wikidata CC0
磯部,이소베역,Q900685,unique_korean_label,Wikidata CC0
磯分内,이소분나이역,Q6085371,unique_korean_label,Wikidata CC0
一ツ木,히토쓰기역,Q5872400,unique_korean_label,Wikidata CC0
一ノ割,이치노와리역,Q5986273,unique_korean_label,Wikidata CC0
一ノ関,이치노세키역,Q800946,unique_korean_label,Wikidata CC0
一の鳥居,이치노토리이역,Q5986263,unique_korean_label,Wikidata CC0
一貴山,이키산역,Q11353194,unique_korean_label,Wikidata CC0
一宮,이치노미야역,Q11352616,unique_korean_label,Wikidata CC0
一橋学園,히토쓰바시가쿠엔역,Q5872402,unique_korean_label,Wikidata CC0
一戸,이치노헤 역,Q5986230,unique_korean_label,Wikidata CC0
一志,이치시역,Q4559540,unique_korean_label,Wikidata CC0
一社,잇샤역,Q863231,unique_korean_label,Wikidata CC0
一勝地,잇쇼치역,Q6088261,unique_korean_label,Wikidata CC0
一乗寺,이치조지역,Q5986149,unique_korean_label,Wikidata CC0
一乗谷,이치조다니역,Q3611096,unique_korean_label,Wikidata CC0
一身田,이신덴역,Q5358133,unique_korean_label,Wikidata CC0
一日市場,히토이치바역,Q11352732,unique_korean_label,Wikidata CC0
一之江,이치노에역,Q1044276,unique_korean_label,Wikidata CC0
一分,이치부역,Q5986106,unique_korean_label,Wikidata CC0
一本松,잇폰마쓰역,Q406338,unique_korean_label,Wikidata CC0
逸見,헤미역,Q5711388,unique_korean_label,Wikidata CC0
稲梓,이나즈사역,Q6013908,unique_korean_label,Wikidata CC0
稲永,이나에이역,Q11596695,unique_korean_label,Wikidata CC0
稲荷,이나리역,Q510674,unique_korean_label,Wikidata CC0
稲荷口,이나리구치역,Q8190406,unique_korean_label,Wikidata CC0
稲荷山,이나리야마역,Q981519,unique_korean_label,Wikidata CC0
稲荷山公園,이나리야마코엔역,Q6013618,unique_korean_label,Wikidata CC0
稲原,이나하라역,Q2898378,unique_korean_label,Wikidata CC0
稲戸井,이나토이역,Q11596625,unique_korean_label,Wikidata CC0
稲子,이나코역,Q5355742,unique_korean_label,Wikidata CC0
稲枝,이나에역,Q1042954,unique_korean_label,Wikidata CC0
稲城,이나기역,Q4200479,unique_korean_label,Wikidata CC0
稲城長沼,이나기나가누마역,Q5366278,unique_korean_label,Wikidata CC0
稲積公園,이나즈미코엔역,Q1045473,unique_korean_label,Wikidata CC0
稲村ヶ崎,이나무라가사키역,Q858991,unique_korean_label,Wikidata CC0
稲沢,이나자와역,Q871766,unique_korean_label,Wikidata CC0
稲田堤,이나다즈쓰미역,Q5368291,unique_korean_label,Wikidata CC0
稲尾,이나오역,Q11596577,unique_korean_label,Wikidata CC0
稲穂,이나호역,Q1044946,unique_korean_label,Wikidata CC0
稲毛,이나게역,Q909403,unique_korean_label,Wikidata CC0
稲毛海岸,이나게카이간역,Q2583249,unique_korean_label,Wikidata CC0
稲野,이나노역,Q304717,unique_korean_label,Wikidata CC0
茨木,이바라키역,Q1072931,unique_korean_label,Wikidata CC0
茨木市,이바라키시역,Q3969806,unique_korean_label,Wikidata CC0
茨目,이바라메역,Q4347750,unique_korean_label,Wikidata CC0
印場,인바역,Q8192040,unique_korean_label,Wikidata CC0
印西牧の原,인자이마키노하라역,Q5366605,unique_korean_label,Wikidata CC0
印南,이나미역,Q2898346,unique_korean_label,Wikidata CC0
印旛日本医大,인바니혼이다이역,Q859077,unique_korean_label,Wikidata CC0
因幡社,이나바야시로역,Q3611200,unique_korean_label,Wikidata CC0
引治,히키지역,Q10980626,unique_korean_label,Wikidata CC0
引田,히케타역,Q5760558,unique_korean_label,Wikidata CC0
院庄,인노쇼역,Q3661623,unique_korean_label,Wikidata CC0
院内,인나이역,Q11658111,unique_korean_label,Wikidata CC0
宇賀本郷,우카혼고역,Q7878257,unique_korean_label,Wikidata CC0
宇久井,우쿠이역,Q2584990,unique_korean_label,Wikidata CC0
宇佐,우사역,Q5360282,unique_korean_label,Wikidata CC0
宇佐美,우사미역,Q7901707,unique_korean_label,Wikidata CC0
宇治,우지역,Q2218758,unique_korean_label,Wikidata CC0
宇治山田,우지야마다역,Q7878210,unique_korean_label,Wikidata CC0
宇宿,우스키역,Q869464,unique_korean_label,Wikidata CC0
宇多津,우타즈역,Q873190,unique_korean_label,Wikidata CC0
宇田郷,우타고역,Q7902300,unique_korean_label,Wikidata CC0
宇都宮,우쓰노미야역,Q801549,unique_korean_label,Wikidata CC0
宇土,우토역,Q874134,unique_korean_label,Wikidata CC0
宇島,우노시마역,Q5360061,unique_korean_label,Wikidata CC0
宇頭,우토역,Q7903518,unique_korean_label,Wikidata CC0
宇奈月温泉,우나즈키온센역,Q7882349,unique_korean_label,Wikidata CC0
宇美,우미역,Q8220392,unique_korean_label,Wikidata CC0
宇部,우베역,Q5357988,unique_korean_label,Wikidata CC0
宇部新川,우베신카와역,Q7876457,unique_korean_label,Wikidata CC0
宇部岬,우베미사키역,Q7876464,unique_korean_label,Wikidata CC0
宇野,우노역,Q7897221,unique_korean_label,Wikidata CC0
宇野気,우노케역,Q11449891,unique_korean_label,Wikidata CC0
宇野辺,우노베역,Q3971218,unique_korean_label,Wikidata CC0
宇和島,우와지마역,Q1057654,unique_korean_label,Wikidata CC0
烏丸,가라스마역,Q3969852,unique_korean_label,Wikidata CC0
烏丸御池,가라스마오이케역,Q2580142,unique_korean_label,Wikidata CC0
烏森,가스모리역,Q261996,unique_korean_label,Wikidata CC0
羽ノ浦,하노우라역,Q5649353,unique_korean_label,Wikidata CC0
羽衣,하고로모역,Q11610370,unique_korean_label,Wikidata CC0
羽貫,하누키역,Q11610375,unique_korean_label,Wikidata CC0
羽間,하자마역,Q11610396,unique_korean_label,Wikidata CC0
羽犬塚,하이누즈카역,Q5359747,unique_korean_label,Wikidata CC0
羽後岩谷,우고이와야역,Q3701533,unique_korean_label,Wikidata CC0
羽後亀田,우고카메다역,Q7877842,unique_korean_label,Wikidata CC0
羽後牛島,우고우시지마역,Q3701407,unique_korean_label,Wikidata CC0
羽後境,우고사카이역,Q7877844,unique_korean_label,Wikidata CC0
羽後四ツ屋,우고요쓰야역,Q7877845,unique_korean_label,Wikidata CC0
羽後長野,우고나가노역,Q8192219,unique_korean_label,Wikidata CC0
羽後飯塚,우고이즈카역,Q7877840,unique_korean_label,Wikidata CC0
羽後本荘,우고혼조역,Q7877841,unique_korean_label,Wikidata CC0
羽黒,하구로역,Q5638843,unique_korean_label,Wikidata CC0
羽黒下,하구로시타역,Q5638848,unique_korean_label,Wikidata CC0
羽根尾,하네오역,Q11610220,unique_korean_label,Wikidata CC0
羽咋,하쿠이역,Q5640629,unique_korean_label,Wikidata CC0
羽床,하유카역,Q11610143,unique_korean_label,Wikidata CC0
羽場,하바역,Q991450,unique_korean_label,Wikidata CC0
羽生,하뉴역,Q843716,unique_korean_label,Wikidata CC0
羽生田,하뉴다역,Q5651465,unique_korean_label,Wikidata CC0
羽前金沢,우젠카네자와역,Q7904809,unique_korean_label,Wikidata CC0
羽前高松,우젠타카마쓰역,Q7904869,unique_korean_label,Wikidata CC0
羽前山辺,우젠야마베역,Q7904889,unique_korean_label,Wikidata CC0
羽前小松,우젠코마쓰역,Q7904818,unique_korean_label,Wikidata CC0
羽前松岡,우젠마쓰오카역,Q7904826,unique_korean_label,Wikidata CC0
羽前沼沢,우젠누마자와역,Q7904862,unique_korean_label,Wikidata CC0
羽前水沢,우젠미즈사와역,Q7904833,unique_korean_label,Wikidata CC0
羽前千歳,우젠치토세역,Q7904801,unique_korean_label,Wikidata CC0
羽前前波,우젠젠나미역,Q11610051,unique_korean_label,Wikidata CC0
羽前大山,우젠오야마역,Q7904901,unique_korean_label,Wikidata CC0
羽前中山,우젠나카야마역,Q7904848,unique_korean_label,Wikidata CC0
羽前長崎,우젠나가사키역,Q7904841,unique_korean_label,Wikidata CC0
羽前豊里,우젠토요사토역,Q7904875,unique_korean_label,Wikidata CC0
羽倉崎,하구라자키역,Q5638841,unique_korean_label,Wikidata CC0
羽村,하무라역,Q5646478,unique_korean_label,Wikidata CC0
羽沢横浜国大,하자와요코하마코쿠다이역,Q48755701,unique_korean_label,Wikidata CC0
羽鳥,하토리역,Q5363166,unique_korean_label,Wikidata CC0
羽田空港第1・第2ターミナル,하네다 공항 국내선 터미널역,Q906745,unique_korean_label,Wikidata CC0
羽田空港第3ターミナル,하네다 공항 제3터미널역,Q11284112,unique_korean_label,Wikidata CC0
羽島市役所前,하시마시야쿠쇼마에역,Q5679033,unique_korean_label,Wikidata CC0
羽立,하다치역,Q5637554,unique_korean_label,Wikidata CC0
雨晴,아마하라시역,Q4739145,unique_korean_label,Wikidata CC0
卯之町,우노마치역,Q899595,unique_korean_label,Wikidata CC0
鵜の木,우노키역,Q7897240,unique_korean_label,Wikidata CC0
鵜原,우바라역,Q553006,unique_korean_label,Wikidata CC0
鵜飼,우카이역,Q7878258,unique_korean_label,Wikidata CC0
鵜住居,우노스마이역,Q7897271,unique_korean_label,Wikidata CC0
鵜沼,우누마역,Q5358768,unique_korean_label,Wikidata CC0
鵜沼宿,우누마주쿠역,Q7897780,unique_korean_label,Wikidata CC0
鵜杉,우스기역,Q2026791,unique_korean_label,Wikidata CC0
鵜殿,우도노역,Q5357501,unique_korean_label,Wikidata CC0
鵜方,우가타역,Q1447324,unique_korean_label,Wikidata CC0
臼杵,우스키역,Q5358999,unique_korean_label,Wikidata CC0
臼田,우스다역,Q7902246,unique_korean_label,Wikidata CC0
姥堂,우바도역,Q7876380,unique_korean_label,Wikidata CC0
浦安,우라야스역,Q900577,unique_korean_label,Wikidata CC0
浦臼,우라우스역,Q7899801,unique_korean_label,Wikidata CC0
浦賀,우라가역,Q268790,unique_korean_label,Wikidata CC0
浦佐,우라사역,Q1138368,unique_korean_label,Wikidata CC0
浦山,우라야마역,Q7899809,unique_korean_label,Wikidata CC0
浦山口,우라야마구치역,Q3701527,unique_korean_label,Wikidata CC0
浦宿,우라슈쿠역,Q7899793,unique_korean_label,Wikidata CC0
浦上,우라카미역,Q5356132,unique_korean_label,Wikidata CC0
浦川,우라카와역,Q775264,unique_korean_label,Wikidata CC0
浦添前田,우라소에마에다역,Q11397778,unique_korean_label,Wikidata CC0
浦田,우라타역,Q7899797,unique_korean_label,Wikidata CC0
浦幌,우라호로역,Q899243,unique_korean_label,Wikidata CC0
浦和,우라와역,Q652141,unique_korean_label,Wikidata CC0
浦和美園,우라와미소노역,Q1042376,unique_korean_label,Wikidata CC0
瓜連,우리즈라역,Q7900656,unique_korean_label,Wikidata CC0
運河,운가역,Q7884435,unique_korean_label,Wikidata CC0
運動公園,운도코엔역,Q11640412,unique_korean_label,Wikidata CC0
雲井,운정역,Q59871,unique_korean_label,Wikidata CC0
雲雀丘花屋敷,히바리가오카하나야시키역,Q3969783,unique_korean_label,Wikidata CC0
荏原中延,에바라나카노부역,Q5331497,unique_korean_label,Wikidata CC0
荏原町,에바라마치역,Q5331501,unique_korean_label,Wikidata CC0
影森,가게모리역,Q3701498,unique_korean_label,Wikidata CC0
影野,가게노역,Q6346468,unique_korean_label,Wikidata CC0
曳舟,히키후네역,Q842038,unique_korean_label,Wikidata CC0
栄,사카에역,Q7402746,unique_korean_label,Wikidata CC0
栄生,사코역,Q7403246,unique_korean_label,Wikidata CC0
永覚,에카쿠역,Q5350274,unique_korean_label,Wikidata CC0
永原,나가하라역,Q5363118,unique_korean_label,Wikidata CC0
永山,나가야마역,Q872885,unique_korean_label,Wikidata CC0
永田,나가타역,Q564453,unique_korean_label,Wikidata CC0
永田町,나가타초역,Q1142211,unique_korean_label,Wikidata CC0
永尾,나가오역,Q6958485,unique_korean_label,Wikidata CC0
永福町,에이후쿠초역,Q4389461,unique_korean_label,Wikidata CC0
永和,에이와역,Q5350076,unique_korean_label,Wikidata CC0
頴娃,에이역,Q5348694,unique_korean_label,Wikidata CC0
頴娃大川,에이오카와역,Q5348688,unique_korean_label,Wikidata CC0
英賀保,아가호역,Q857465,unique_korean_label,Wikidata CC0
益子,마시코역,Q6783153,unique_korean_label,Wikidata CC0
益生,마스오역,Q6785714,unique_korean_label,Wikidata CC0
駅家,에키야역,Q5350450,unique_korean_label,Wikidata CC0
越ケ浜,고시가하마역,Q6433118,unique_korean_label,Wikidata CC0
越河,고스고역,Q898860,unique_korean_label,Wikidata CC0
越戸,고시도역,Q6433112,unique_korean_label,Wikidata CC0
越後下関,에치고시모세키역,Q5332420,unique_korean_label,Wikidata CC0
越後寒川,에치고칸가와역,Q5332416,unique_korean_label,Wikidata CC0
越後岩沢,에치고이와사와역,Q5332410,unique_korean_label,Wikidata CC0
越後岩塚,에치고이와쓰카역,Q5332412,unique_korean_label,Wikidata CC0
越後金丸,에치고카나마루역,Q5332413,unique_korean_label,Wikidata CC0
越後広瀬,에치고히로세역,Q5332409,unique_korean_label,Wikidata CC0
越後広田,에치고히로타역,Q4702824,unique_korean_label,Wikidata CC0
越後鹿渡,에치고시카와타리역,Q5332421,unique_korean_label,Wikidata CC0
越後須原,에치고스하라역,Q5332423,unique_korean_label,Wikidata CC0
越後水沢,에치고미즈사와역,Q5332418,unique_korean_label,Wikidata CC0
越後石山,에치고이시야마역,Q11636520,unique_korean_label,Wikidata CC0
越後赤塚,에치고아카쓰카역,Q5332407,unique_korean_label,Wikidata CC0
越後川口,에치고카와구치역,Q3698863,unique_korean_label,Wikidata CC0
越後曽根,에치고소네역,Q5332422,unique_korean_label,Wikidata CC0
越後早川,에치고하야카와역,Q5332408,unique_korean_label,Wikidata CC0
越後大島,에치고오시마역,Q5332428,unique_korean_label,Wikidata CC0
越後滝谷,에치고타키야역,Q3698858,unique_korean_label,Wikidata CC0
越後中里,에치고나카자토역,Q3560256,unique_korean_label,Wikidata CC0
越後田沢,에치고타자와역,Q5332425,unique_korean_label,Wikidata CC0
越後田中,에치고타나카역,Q5332424,unique_korean_label,Wikidata CC0
越後湯沢,에치고유자와역,Q1188630,unique_korean_label,Wikidata CC0
越後片貝,에치고카타카이역,Q5332417,unique_korean_label,Wikidata CC0
越後堀之内,에치고호리노우치역,Q3660584,unique_korean_label,Wikidata CC0
越水,고시미즈역,Q6433130,unique_korean_label,Wikidata CC0
越生,오고세역,Q845041,unique_korean_label,Wikidata CC0
越前たけふ,에치젠타케후역,Q6962163,unique_korean_label,Wikidata CC0
越前下山,에치젠시모야마역,Q3701403,unique_korean_label,Wikidata CC0
越前花堂,에치젠하난도역,Q898457,unique_korean_label,Wikidata CC0
越前高田,에치젠타카다역,Q5332622,unique_korean_label,Wikidata CC0
越前大宮,에치젠오미야역,Q5332628,unique_korean_label,Wikidata CC0
越前大野,에치젠오노역,Q2815910,unique_korean_label,Wikidata CC0
越前田野,에치젠타노역,Q5332625,unique_korean_label,Wikidata CC0
越前東郷,에치젠토고역,Q3701451,unique_korean_label,Wikidata CC0
越前富田,에치젠토미다역,Q5332626,unique_korean_label,Wikidata CC0
越前薬師,에치젠야쿠시역,Q5332627,unique_korean_label,Wikidata CC0
越谷,고시가야역,Q842666,unique_korean_label,Wikidata CC0
越谷レイクタウン,고시가야 레이크타운역,Q6433119,unique_korean_label,Wikidata CC0
越中宮崎,엣추미야자키역,Q3701462,unique_korean_label,Wikidata CC0
越中国分,엣추코쿠부역,Q11636382,unique_korean_label,Wikidata CC0
越中山田,엣추야마다역,Q5402528,unique_korean_label,Wikidata CC0
越中大門,엣추다이몬역,Q5359830,unique_korean_label,Wikidata CC0
越中中川,엣추나카가와역,Q5402525,unique_korean_label,Wikidata CC0
越中島,엣추지마역,Q844276,unique_korean_label,Wikidata CC0
越中八尾,엣추야쓰오역,Q5402530,unique_korean_label,Wikidata CC0
越部,고시베역,Q6433110,unique_korean_label,Wikidata CC0
榎井,에나이역,Q11541774,unique_korean_label,Wikidata CC0
榎原,요와라역,Q8059410,unique_korean_label,Wikidata CC0
榎戸,에노키도역,Q5379373,unique_korean_label,Wikidata CC0
円行寺口,엔교지구치역,Q5378763,unique_korean_label,Wikidata CC0
円座,엔자역,Q11394779,unique_korean_label,Wikidata CC0
円山公園,마루야마코엔역,Q6778049,unique_korean_label,Wikidata CC0
円町,엔마치역,Q1038346,unique_korean_label,Wikidata CC0
園田,소노다역,Q3971022,unique_korean_label,Wikidata CC0
園部,소노베역,Q1044120,unique_korean_label,Wikidata CC0
延岡,노베오카역,Q5357994,unique_korean_label,Wikidata CC0
延方,노부카타역,Q11486582,unique_korean_label,Wikidata CC0
燕,쓰바메역,Q7849892,unique_korean_label,Wikidata CC0
燕三条,쓰바메산조역,Q1131871,unique_korean_label,Wikidata CC0
猿橋,사루하시역,Q7424710,unique_korean_label,Wikidata CC0
猿田,사루다역,Q5364199,unique_korean_label,Wikidata CC0
猿投,사나게역,Q7415465,unique_korean_label,Wikidata CC0
猿和田,사루와다역,Q7424750,unique_korean_label,Wikidata CC0
遠賀川,온가가와역,Q5359382,unique_korean_label,Wikidata CC0
遠軽,엔가루역,Q5377447,unique_korean_label,Wikidata CC0
遠浅,도아사역,Q7811407,unique_korean_label,Wikidata CC0
遠野,도노역,Q3890045,unique_korean_label,Wikidata CC0
遠矢,도야역,Q7862744,unique_korean_label,Wikidata CC0
塩屋,시오야역,Q1042483,unique_korean_label,Wikidata CC0
塩釜,시오가마역,Q899153,unique_korean_label,Wikidata CC0
塩釜口,시오가마구치역,Q903443,unique_korean_label,Wikidata CC0
塩崎,시오자키역,Q7497906,unique_korean_label,Wikidata CC0
塩山,엔잔역,Q5381477,unique_korean_label,Wikidata CC0
塩狩,시오카리역,Q900374,unique_korean_label,Wikidata CC0
塩尻,시오지리역,Q842897,unique_korean_label,Wikidata CC0
塩川,시오카와역,Q7497875,unique_korean_label,Wikidata CC0
塩沢,시오자와역,Q3660533,unique_korean_label,Wikidata CC0
塩谷,시오야역,Q861067,unique_korean_label,Wikidata CC0
塩町,시오마치역,Q7497877,unique_korean_label,Wikidata CC0
塩塚,시오쓰카역,Q11428653,unique_korean_label,Wikidata CC0
塩入,시오이리역,Q900462,unique_korean_label,Wikidata CC0
塩之沢,시오노사와역,Q5356207,unique_korean_label,Wikidata CC0
塩浜,시오하마역,Q7497869,unique_korean_label,Wikidata CC0
於札内,오사쓰나이역,Q7105717,unique_korean_label,Wikidata CC0
於福,오후쿠역,Q11504403,unique_korean_label,Wikidata CC0
奥新川,오쿠닛카와역,Q7082754,unique_korean_label,Wikidata CC0
奥多摩,오쿠타마역,Q842968,unique_korean_label,Wikidata CC0
奥沢,오쿠사와역,Q7082777,unique_korean_label,Wikidata CC0
奥町,오쿠초역,Q7082715,unique_korean_label,Wikidata CC0
奥津軽いまべつ,쓰가루이마베쓰 역,Q4546298,unique_korean_label,Wikidata CC0
奥田,오쿠다역,Q7082718,unique_korean_label,Wikidata CC0
奥洞海,오쿠도카이역,Q7082721,unique_korean_label,Wikidata CC0
奥内,오쿠나이역,Q7082749,unique_korean_label,Wikidata CC0
奥武山公園,오노야마공원역,Q7571756,unique_korean_label,Wikidata CC0
押上,오시아게역,Q80545,unique_korean_label,Wikidata CC0
押切,오시키리역,Q7106616,unique_korean_label,Wikidata CC0
押部谷,오시베다니역,Q7106604,unique_korean_label,Wikidata CC0
横磯,요코이소역,Q8054652,unique_korean_label,Wikidata CC0
横屋,요코야역,Q8054684,unique_korean_label,Wikidata CC0
横間,요코마역,Q8054663,unique_korean_label,Wikidata CC0
横芝,요코시바역,Q5363081,unique_korean_label,Wikidata CC0
横手,요코테역,Q8054682,unique_korean_label,Wikidata CC0
横須賀,요코스카역,Q844320,unique_korean_label,Wikidata CC0
横須賀中央,요코스카추오역,Q8054669,unique_korean_label,Wikidata CC0
横瀬,요코제역,Q8016151,unique_korean_label,Wikidata CC0
横川目,요코카와메역,Q8054660,unique_korean_label,Wikidata CC0
横倉,요코쿠라역,Q8054658,unique_korean_label,Wikidata CC0
横堤,요코즈쓰미역,Q135186,unique_korean_label,Wikidata CC0
横田,요코타역,Q8054678,unique_korean_label,Wikidata CC0
横尾,요코오역,Q8054665,unique_korean_label,Wikidata CC0
横浜,요코하마역,Q801658,unique_korean_label,Wikidata CC0
横堀,요코보리역,Q8054603,unique_korean_label,Wikidata CC0
王子,오지역,Q801689,unique_korean_label,Wikidata CC0
王子公園,오지코엔역,Q3971394,unique_korean_label,Wikidata CC0
王子神谷,오지카미야역,Q151406,unique_korean_label,Wikidata CC0
王子保,오시오역,Q5359890,unique_korean_label,Wikidata CC0
王寺,오지역,Q856582,unique_korean_label,Wikidata CC0
翁島,오키나시마역,Q7082010,unique_korean_label,Wikidata CC0
黄金町,고가네초역,Q6425766,unique_korean_label,Wikidata CC0
黄波戸,기와도역,Q6418844,unique_korean_label,Wikidata CC0
岡,오카역,Q7081704,unique_korean_label,Wikidata CC0
岡花,오카바나역,Q7081711,unique_korean_label,Wikidata CC0
岡見,오카미역,Q7081763,unique_korean_label,Wikidata CC0
岡崎,오카자키역,Q872492,unique_korean_label,Wikidata CC0
岡崎公園前,오카자키코엔마에역,Q7081877,unique_korean_label,Wikidata CC0
岡寺,오카데라역,Q7081721,unique_korean_label,Wikidata CC0
岡場,오카바역,Q7081708,unique_korean_label,Wikidata CC0
岡谷,오카야역,Q843826,unique_korean_label,Wikidata CC0
岡地,오카지역,Q11548132,unique_korean_label,Wikidata CC0
岡町,오카마치역,Q3970333,unique_korean_label,Wikidata CC0
岡田,오카다역,Q11473734,unique_korean_label,Wikidata CC0
岡田浦,오카다우라역,Q7081723,unique_korean_label,Wikidata CC0
岡部,오카베역,Q845054,unique_korean_label,Wikidata CC0
岡本,오카모토역,Q873979,unique_korean_label,Wikidata CC0
沖松島,오키마쓰시마역,Q11552516,unique_korean_label,Wikidata CC0
荻窪,오기쿠보역,Q801294,unique_korean_label,Wikidata CC0
荻川,오기카와역,Q7080040,unique_korean_label,Wikidata CC0
荻野,오기노역,Q7080068,unique_korean_label,Wikidata CC0
屋代,야시로 역,Q8192332,unique_korean_label,Wikidata CC0
屋代高校前,야시로코코마에역,Q8049740,unique_korean_label,Wikidata CC0
屋島,야시마역,Q8049736,unique_korean_label,Wikidata CC0
桶川,오케가와역,Q844901,unique_korean_label,Wikidata CC0
乙供,옷토모역,Q5357206,unique_korean_label,Wikidata CC0
乙女,오토메역,Q7108977,unique_korean_label,Wikidata CC0
乙川,옷카와역,Q7082067,unique_korean_label,Wikidata CC0
卸町,오로시마치역,Q11409194,unique_korean_label,Wikidata CC0
恩根内,온네나이역,Q7094389,unique_korean_label,Wikidata CC0
恩智,온지역,Q7093974,unique_korean_label,Wikidata CC0
恩田,온다역,Q7092149,unique_korean_label,Wikidata CC0
温泉津,유노쓰역,Q5355671,unique_korean_label,Wikidata CC0
温田,누쿠타역,Q894584,unique_korean_label,Wikidata CC0
音威子府,오토이넷푸역,Q7108943,unique_korean_label,Wikidata CC0
音沢,오토자와역,Q7109028,unique_korean_label,Wikidata CC0
音別,온베쓰역,Q899349,unique_korean_label,Wikidata CC0
下ノ江,시타노에역,Q5359068,unique_korean_label,Wikidata CC0
下井阪,시모이사카역,Q3079175,unique_korean_label,Wikidata CC0
下井草,시모이구사역,Q843437,unique_korean_label,Wikidata CC0
下宇和,시모우와역,Q899553,unique_korean_label,Wikidata CC0
下浦,시모우라역,Q7497021,unique_korean_label,Wikidata CC0
下永谷,시모나가야역,Q579066,unique_korean_label,Wikidata CC0
下鴨生,시모카모역,Q7496922,unique_korean_label,Wikidata CC0
下関,시모노세키역,Q1130253,unique_korean_label,Wikidata CC0
下館,시모다테역,Q7496954,unique_korean_label,Wikidata CC0
下館二高前,시모다테니코마에역,Q7496950,unique_korean_label,Wikidata CC0
下丸子,시모마루코역,Q7496927,unique_korean_label,Wikidata CC0
下祇園,시모기온역,Q7496916,unique_korean_label,Wikidata CC0
下吉田,시모요시다역,Q7497026,unique_korean_label,Wikidata CC0
下久野,시모쿠노역,Q7496977,unique_korean_label,Wikidata CC0
下金山,시모카나야마역,Q898803,unique_korean_label,Wikidata CC0
下郡,시모고리역,Q7496964,unique_korean_label,Wikidata CC0
下古沢,시모코사와역,Q7496926,unique_korean_label,Wikidata CC0
下溝,시모미조역,Q7496979,unique_korean_label,Wikidata CC0
下高井戸,시모타카이도역,Q994285,unique_korean_label,Wikidata CC0
下狛,시모코마역,Q855564,unique_korean_label,Wikidata CC0
下今市,시모이마이치역,Q7496924,unique_korean_label,Wikidata CC0
下妻,시모쓰마역,Q7497019,unique_korean_label,Wikidata CC0
下山,시모야마역,Q871720,unique_korean_label,Wikidata CC0
下山口,시모야마구치역,Q7496941,unique_korean_label,Wikidata CC0
下山村,시모야마무라역,Q985234,unique_korean_label,Wikidata CC0
下山門,시모야마토역,Q5368506,unique_korean_label,Wikidata CC0
下士別,시모시베쓰역,Q901144,unique_korean_label,Wikidata CC0
下市,시모이치역,Q900573,unique_korean_label,Wikidata CC0
下市口,시모이치구치역,Q7496967,unique_korean_label,Wikidata CC0
下市田,시모이치다역,Q385976,unique_korean_label,Wikidata CC0
下小川,시모오가와역,Q7496929,unique_korean_label,Wikidata CC0
下小代,시모고시로역,Q11360791,unique_korean_label,Wikidata CC0
下小田井,시모오타이역,Q7496930,unique_korean_label,Wikidata CC0
下庄,시모노쇼역,Q5358149,unique_korean_label,Wikidata CC0
下沼,시모누마역,Q7497011,unique_korean_label,Wikidata CC0
下条,게조역,Q2368853,unique_korean_label,Wikidata CC0
下新庄,시모신조역,Q11360932,unique_korean_label,Wikidata CC0
下新田,시모신덴역,Q7496933,unique_korean_label,Wikidata CC0
下深川,시모후카와역,Q7496951,unique_korean_label,Wikidata CC0
下深谷,시모후카야역,Q7496914,unique_korean_label,Wikidata CC0
下神明,시모신메이역,Q7496934,unique_korean_label,Wikidata CC0
下諏訪,시모스와역,Q7496937,unique_korean_label,Wikidata CC0
下菅谷,시모스가야역,Q7496935,unique_korean_label,Wikidata CC0
下赤塚,시모아카쓰카역,Q7496913,unique_korean_label,Wikidata CC0
下切,시모기리역,Q7496961,unique_korean_label,Wikidata CC0
下川沿,시모카와조이역,Q7496972,unique_korean_label,Wikidata CC0
下川合,시모카와이역,Q775582,unique_korean_label,Wikidata CC0
下川辺,시모카와베역,Q7496925,unique_korean_label,Wikidata CC0
下曽我,시모소가역,Q5357301,unique_korean_label,Wikidata CC0
下曽根,시모소네역,Q5360569,unique_korean_label,Wikidata CC0
下総橘,시모사타치바나역,Q7497065,unique_korean_label,Wikidata CC0
下総松崎,시모사만자키역,Q5363815,unique_korean_label,Wikidata CC0
下総神崎,시모사코자키역,Q7497064,unique_korean_label,Wikidata CC0
下総中山,시모사나카야마역,Q1067586,unique_korean_label,Wikidata CC0
下総豊里,시모사토요사토역,Q7497068,unique_korean_label,Wikidata CC0
下大利,시모오리역,Q7497033,unique_korean_label,Wikidata CC0
下滝,시모타키역,Q1043138,unique_korean_label,Wikidata CC0
下地,시모지역,Q771733,unique_korean_label,Wikidata CC0
下津,시모쓰역,Q3381851,unique_korean_label,Wikidata CC0
下田,시모다역,Q5357199,unique_korean_label,Wikidata CC0
下土狩,시모토가리역,Q5357624,unique_korean_label,Wikidata CC0
下島,시모지마역,Q990450,unique_korean_label,Wikidata CC0
下湯沢,시모유자와역,Q7496938,unique_korean_label,Wikidata CC0
下徳富,시모톳푸역,Q367967,unique_korean_label,Wikidata CC0
下灘,시모나다역,Q899167,unique_korean_label,Wikidata CC0
下馬,게바역,Q5529542,unique_korean_label,Wikidata CC0
下板橋,시모이타바시역,Q7496921,unique_korean_label,Wikidata CC0
下飯田,시모이다역,Q573742,unique_korean_label,Wikidata CC0
下浜,시모하마역,Q7496963,unique_korean_label,Wikidata CC0
下府,시모코역,Q7496976,unique_korean_label,Wikidata CC0
下部温泉,시모베온센역,Q7496943,unique_korean_label,Wikidata CC0
下兵庫,시모효고역,Q3557822,unique_korean_label,Wikidata CC0
下平,시모다이라역,Q988164,unique_korean_label,Wikidata CC0
下北,시모키타역,Q7496973,unique_korean_label,Wikidata CC0
下北条,시모호조역,Q900470,unique_korean_label,Wikidata CC0
下北沢,시모키타자와역,Q1059947,unique_korean_label,Wikidata CC0
下麻生,시모아소역,Q5358646,unique_korean_label,Wikidata CC0
下夜久野,시모야쿠노역,Q872444,unique_korean_label,Wikidata CC0
下野花岡,시모쓰케하나오카역,Q7497017,unique_korean_label,Wikidata CC0
下野宮,시모노미야역,Q7497007,unique_korean_label,Wikidata CC0
下野大沢,시모쓰케오사와역,Q7497018,unique_korean_label,Wikidata CC0
下油井,시모유이역,Q7497027,unique_korean_label,Wikidata CC0
下唯野,시모유이노역,Q7496939,unique_korean_label,Wikidata CC0
下落合,시모오치아이역,Q843464,unique_korean_label,Wikidata CC0
下里,시모사토역,Q281227,unique_korean_label,Wikidata CC0
下立,오리타테역,Q7102873,unique_korean_label,Wikidata CC0
下立口,오리타테구치역,Q7102875,unique_korean_label,Wikidata CC0
下呂,게로역,Q873111,unique_korean_label,Wikidata CC0
下和知,시모와치역,Q7497022,unique_korean_label,Wikidata CC0
伽羅橋,갸라바시역,Q6450736,unique_korean_label,Wikidata CC0
佳景山,가케야마역,Q6349376,unique_korean_label,Wikidata CC0
加賀温泉,가가온센역,Q5359613,unique_korean_label,Wikidata CC0
加賀笠間,가가카사마역,Q5359826,unique_korean_label,Wikidata CC0
加古川,가코가와역,Q1131004,unique_korean_label,Wikidata CC0
加佐登,가사도역,Q5358774,unique_korean_label,Wikidata CC0
加治,가지역,Q11398692,unique_korean_label,Wikidata CC0
加治木,가지키역,Q5357424,unique_korean_label,Wikidata CC0
加須,가조역,Q6381375,unique_korean_label,Wikidata CC0
加斗,가토역,Q6377755,unique_korean_label,Wikidata CC0
加島,가시마역,Q1037092,unique_korean_label,Wikidata CC0
加納,가노역,Q5357469,unique_korean_label,Wikidata CC0
加美,가미역,Q856615,unique_korean_label,Wikidata CC0
加布里,가후리역,Q6346295,unique_korean_label,Wikidata CC0
加茂宮,가모노미야역,Q11398842,unique_korean_label,Wikidata CC0
加茂郷,가모고역,Q3381870,unique_korean_label,Wikidata CC0
加茂中,가모나카역,Q11398828,unique_korean_label,Wikidata CC0
加木屋中ノ池,가기야나카노이케역,Q115794412,unique_korean_label,Wikidata CC0
可児,가니역,Q6363050,unique_korean_label,Wikidata CC0
可児川,가니가와역,Q6363158,unique_korean_label,Wikidata CC0
可部,가베역,Q6344009,unique_korean_label,Wikidata CC0
嘉川,가가와역,Q5357947,unique_korean_label,Wikidata CC0
嘉例川,가레이가와역,Q5375650,unique_korean_label,Wikidata CC0
夏井,나쓰이역,Q11429911,unique_korean_label,Wikidata CC0
家城,이에키역,Q4559504,unique_korean_label,Wikidata CC0
家地川,이에지가와역,Q5990007,unique_korean_label,Wikidata CC0
家中,이에나카역,Q5990042,unique_korean_label,Wikidata CC0
河曲,가와노역,Q5358787,unique_korean_label,Wikidata CC0
河原,가와하라역,Q6379509,unique_korean_label,Wikidata CC0
河原町,가와라마치역,Q6379687,unique_korean_label,Wikidata CC0
河原田,가와라다역,Q4559716,unique_korean_label,Wikidata CC0
河口湖,가와구치코역,Q6379504,unique_korean_label,Wikidata CC0
河合,가와이역,Q6379532,unique_korean_label,Wikidata CC0
河合西,가와이니시역,Q3096683,unique_korean_label,Wikidata CC0
河佐,가와사역,Q6379714,unique_korean_label,Wikidata CC0
河崎口,가와사키구치역,Q4207940,unique_korean_label,Wikidata CC0
河瀬,가와세역,Q614782,unique_korean_label,Wikidata CC0
河津,가와즈역,Q6379913,unique_korean_label,Wikidata CC0
河内,고치역,Q5358979,unique_korean_label,Wikidata CC0
河内永和,가와치에이와역,Q1942407,unique_korean_label,Wikidata CC0
河内花園,가와치하나조노역,Q6379452,unique_korean_label,Wikidata CC0
河内堅上,가와치카타카미역,Q856499,unique_korean_label,Wikidata CC0
河内国分,가와치코쿠부역,Q6379456,unique_korean_label,Wikidata CC0
河内山本,가와치야마모토역,Q6379464,unique_korean_label,Wikidata CC0
河内小阪,가와치코사카역,Q6379454,unique_korean_label,Wikidata CC0
河内松原,가와치마쓰바라역,Q6379458,unique_korean_label,Wikidata CC0
河内森,가와치모리역,Q6379461,unique_korean_label,Wikidata CC0
河内長野,가와치나가노역,Q6379476,unique_korean_label,Wikidata CC0
河内天美,가와치아마미역,Q6379447,unique_korean_label,Wikidata CC0
河内磐船,가와치이와후네역,Q855908,unique_korean_label,Wikidata CC0
河辺,가베 역 (도쿄 도),Q6344018,unique_korean_label,Wikidata CC0
河堀口,고보레구치역,Q6424479,unique_korean_label,Wikidata CC0
河毛,가와케역,Q5365887,unique_korean_label,Wikidata CC0
河野原円心,고노하라엔신역,Q6455241,unique_korean_label,Wikidata CC0
河和,고와역,Q6455324,unique_korean_label,Wikidata CC0
河和口,고와구치역,Q6455325,unique_korean_label,Wikidata CC0
禾生,가세이역,Q6374100,unique_korean_label,Wikidata CC0
花園,하나조노역,Q1044135,unique_korean_label_catalog,Wikidata CC0
花園町,하나조노초역,Q126102,unique_korean_label,Wikidata CC0
花巻,하나마키역,Q1057662,unique_korean_label,Wikidata CC0
花巻空港,하나마키쿠코 역,Q899493,unique_korean_label,Wikidata CC0
花隈,하나쿠마역,Q5646864,unique_korean_label,Wikidata CC0
花月総持寺,가게쓰소지지역,Q6346519,unique_korean_label,Wikidata CC0
花原市,게바라이치역,Q6382382,unique_korean_label,Wikidata CC0
花崎,하나사키역,Q5646939,unique_korean_label,Wikidata CC0
花小金井,하나코가네이역,Q5646738,unique_korean_label,Wikidata CC0
花泉,하나이즈미역,Q899450,unique_korean_label,Wikidata CC0
花畑,하나바타케역,Q5646811,unique_korean_label,Wikidata CC0
花輪,하나와역,Q5646950,unique_korean_label,Wikidata CC0
霞ヶ浦,가스미가우라역,Q6374902,unique_korean_label,Wikidata CC0
霞ケ関,가스미가세키역,Q741614,unique_korean_label,Wikidata CC0
霞ヶ丘,가스미가오카역,Q6374899,unique_korean_label,Wikidata CC0
我孫子,아비코역,Q1043787,unique_korean_label,Wikidata CC0
我孫子前,아비코마에역,Q281912,unique_korean_label,Wikidata CC0
我孫子町,아비코초역,Q857356,unique_korean_label,Wikidata CC0
芽室,메무로역,Q899028,unique_korean_label,Wikidata CC0
賀田,가타역,Q5357545,unique_korean_label,Wikidata CC0
賀茂,가모역,Q4357317,unique_korean_label,Wikidata CC0
賀来,가쿠역,Q6349670,unique_korean_label,Wikidata CC0
会津越川,아이즈코스가와역,Q4699448,unique_korean_label,Wikidata CC0
会津塩沢,아이즈시오자와역,Q4699457,unique_korean_label,Wikidata CC0
会津横田,아이즈요코타역,Q4699466,unique_korean_label,Wikidata CC0
会津蒲生,아이즈가모역,Q4699443,unique_korean_label,Wikidata CC0
会津宮下,아이즈미야시타역,Q4699449,unique_korean_label,Wikidata CC0
会津高原尾瀬口,아이즈코겐오제구치역,Q4699473,unique_korean_label,Wikidata CC0
会津高田,아이즈타카다역,Q4699459,unique_korean_label,Wikidata CC0
会津坂下,아이즈반게역,Q4699441,unique_korean_label,Wikidata CC0
会津坂本,아이즈사카모토역,Q4699455,unique_korean_label,Wikidata CC0
会津若松,아이즈와카마쓰역,Q4699462,unique_korean_label,Wikidata CC0
会津水沼,아이즈미즈누마역,Q4699450,unique_korean_label,Wikidata CC0
会津西方,아이즈니시카타역,Q4699453,unique_korean_label,Wikidata CC0
会津川口,아이즈카와구치역,Q4699447,unique_korean_label,Wikidata CC0
会津大塩,아이즈오시오역,Q4699467,unique_korean_label,Wikidata CC0
会津中川,아이즈나카가와역,Q4699452,unique_korean_label,Wikidata CC0
会津桧原,아이즈히노하라역,Q4699444,unique_korean_label,Wikidata CC0
会津豊川,아이즈토요카와역,Q4699460,unique_korean_label,Wikidata CC0
会津本郷,아이즈혼고역,Q4699446,unique_korean_label,Wikidata CC0
会津柳津,아이즈야나이즈역,Q4699465,unique_korean_label,Wikidata CC0
海の公園柴口,우미노코엔시바구치역,Q7881582,unique_korean_label,Wikidata CC0
海の公園南口,우미노코엔미나미구치역,Q7881587,unique_korean_label,Wikidata CC0
海ノ口,우미노쿠치역,Q7881581,unique_korean_label,Wikidata CC0
海ノ中道,우미노나카미치역,Q7881550,unique_korean_label,Wikidata CC0
海岸寺,가이간지역,Q8011022,unique_korean_label,Wikidata CC0
海崎,가이자키역,Q8011073,unique_korean_label,Wikidata CC0
海山道,미야마도역,Q11558874,unique_korean_label,Wikidata CC0
海芝浦,우미시바우라역,Q1052602,unique_korean_label,Wikidata CC0
海尻,우미지리역,Q7881572,unique_korean_label,Wikidata CC0
海神,가이진역,Q6347743,unique_korean_label,Wikidata CC0
海瀬,가이제역,Q6348734,unique_korean_label,Wikidata CC0
海田市,가이타이치역,Q5358715,unique_korean_label,Wikidata CC0
海浜幕張,가이힌마쿠하리역,Q906715,unique_korean_label,Wikidata CC0
海老江,에비에역,Q1073347,unique_korean_label,Wikidata CC0
海老津,에비쓰역,Q5331876,unique_korean_label,Wikidata CC0
海老名,에비나역,Q865932,unique_korean_label,Wikidata CC0
皆野,미나노역,Q6863174,unique_korean_label,Wikidata CC0
蟹江,가니에역,Q5359263,unique_korean_label,Wikidata CC0
蟹田,가니타역,Q6363288,unique_korean_label,Wikidata CC0
開,히라키역,Q11655334,unique_korean_label,Wikidata CC0
開成,가이세이역,Q4208752,unique_korean_label,Wikidata CC0
開聞,가이몬역,Q6348036,unique_korean_label,Wikidata CC0
開明,가이메이역,Q6348020,unique_korean_label,Wikidata CC0
階上,하시카미역,Q6543378,unique_korean_label,Wikidata CC0
貝津,가이즈역,Q6348751,unique_korean_label,Wikidata CC0
貝塚,가이즈카역,Q1057455,unique_korean_label,Wikidata CC0
貝田,가이다역,Q873989,unique_korean_label,Wikidata CC0
外苑前,가이엔마에역,Q275433,unique_korean_label,Wikidata CC0
外城田,도키다역,Q7813584,unique_korean_label,Wikidata CC0
外川,도카와역,Q5697162,unique_korean_label,Wikidata CC0
鎧,요로이역,Q870926,unique_korean_label,Wikidata CC0
柿ケ島,가키가시마역,Q6349439,unique_korean_label,Wikidata CC0
柿崎,가키자키역,Q3701392,unique_korean_label,Wikidata CC0
柿生,가키오역,Q4208911,unique_korean_label,Wikidata CC0
柿平,가키다이라역,Q774283,unique_korean_label,Wikidata CC0
各務ケ原,가가미가하라역,Q872845,unique_korean_label,Wikidata CC0
各務原市役所前,가카미가하라시야쿠쇼마에역,Q6349208,unique_korean_label,Wikidata CC0
覚王山,가쿠오잔역,Q863487,unique_korean_label,Wikidata CC0
角の浜,가도노하마역,Q6543295,unique_korean_label,Wikidata CC0
角館,가쿠노다테역,Q1137025,unique_korean_label,Wikidata CC0
角川,쓰노가와역,Q5358120,unique_korean_label,Wikidata CC0
角田,가쿠다역,Q6349678,unique_korean_label,Wikidata CC0
角茂谷,가쿠모다니역,Q901030,unique_korean_label,Wikidata CC0
学,가쿠역,Q5517697,unique_korean_label,Wikidata CC0
学園前,가쿠엔마에역,Q3563775,unique_korean_label,Wikidata CC0
学園通り,가쿠엔도리역,Q11448185,unique_korean_label,Wikidata CC0
学園都市,가쿠엔토시역,Q5358527,unique_korean_label,Wikidata CC0
学芸大学,가쿠게이 대학역,Q5517709,unique_korean_label,Wikidata CC0
学研奈良登美ヶ丘,갓켄나라토미가오카역,Q5517679,unique_korean_label,Wikidata CC0
学研北生駒,갓켄키타이코마역,Q8055973,unique_korean_label,Wikidata CC0
学校前,갓코마에역,Q11448249,unique_korean_label,Wikidata CC0
学田,가쿠덴역,Q1305576,unique_korean_label,Wikidata CC0
学文路,가무로역,Q6359870,unique_korean_label,Wikidata CC0
楽田,가쿠덴역,Q5517700,unique_korean_label,Wikidata CC0
掛澗,가카리마역,Q898787,unique_korean_label,Wikidata CC0
掛川,가케가와역,Q800978,unique_korean_label,Wikidata CC0
掛川市役所前,가케가와시야쿠쇼마에역,Q11498218,unique_korean_label,Wikidata CC0
笠岡,가사오카역,Q5358698,unique_korean_label,Wikidata CC0
笠間,가사마역,Q6373988,unique_korean_label,Wikidata CC0
笠師保,가사시호역,Q6374045,unique_korean_label,Wikidata CC0
笠寺,가사데라역,Q871119,unique_korean_label,Wikidata CC0
笠松,가사마쓰역,Q6373995,unique_korean_label,Wikidata CC0
笠置,가사기역,Q5362591,unique_korean_label,Wikidata CC0
笠田,가세다역,Q3467378,unique_korean_label,Wikidata CC0
笠島,가사시마역,Q5353385,unique_korean_label,Wikidata CC0
笠幡,가사하타역,Q844363,unique_korean_label,Wikidata CC0
笠縫,가사누이역,Q6374013,unique_korean_label,Wikidata CC0
樫山,가시야마역,Q6374369,unique_korean_label,Wikidata CC0
橿原神宮西口,가시하라진구니시구치역,Q6374284,unique_korean_label,Wikidata CC0
橿原神宮前,가시하라진구마에역,Q6374283,unique_korean_label,Wikidata CC0
梶が谷,가지가야역,Q11538785,unique_korean_label,Wikidata CC0
梶栗郷台地,가지쿠리고다이치역,Q6348998,unique_korean_label,Wikidata CC0
梶田,가지타역,Q6349005,unique_korean_label,Wikidata CC0
鰍沢口,가지카자와구치역,Q6348996,unique_korean_label,Wikidata CC0
潟元,가타모토역,Q11565659,unique_korean_label,Wikidata CC0
潟町,가타마치역,Q5367552,unique_korean_label,Wikidata CC0
滑河,나메가와역,Q6961565,unique_korean_label,Wikidata CC0
滑川,나메리카와역,Q5359984,unique_korean_label,Wikidata CC0
滑津,나메즈역,Q6961680,unique_korean_label,Wikidata CC0
葛,구즈역,Q6449282,unique_korean_label,Wikidata CC0
葛岡,구즈오카역,Q6449313,unique_korean_label,Wikidata CC0
葛生,구즈역,Q845948,unique_korean_label,Wikidata CC0
葛西,가사이역,Q126762,unique_korean_label,Wikidata CC0
葛西臨海公園,가사이린카이코엔역,Q844280,unique_korean_label,Wikidata CC0
兜,가부토역,Q11388846,unique_korean_label,Wikidata CC0
兜沼,가부토누마역,Q6344532,unique_korean_label,Wikidata CC0
蒲郡,가마고리역,Q871962,unique_korean_label,Wikidata CC0
蒲郡競艇場前,가마고리쿄테이조마에역,Q5519548,unique_korean_label,Wikidata CC0
蒲原,간바라역,Q1053150,unique_korean_label,Wikidata CC0
蒲須坂,가마스사카역,Q872618,unique_korean_label,Wikidata CC0
蒲生,가모역,Q5520436,unique_korean_label,Wikidata CC0
蒲生四丁目,가모 4초메역,Q1042492,unique_korean_label,Wikidata CC0
蒲田,가마타 역 (도쿄 도),Q800981,unique_korean_label,Wikidata CC0
釜戸,가마도역,Q5359393,unique_korean_label,Wikidata CC0
釜石,가마이시역,Q3892979,unique_korean_label,Wikidata CC0
釜谷,가마야역,Q5360843,unique_korean_label,Wikidata CC0
釜淵,가마부치역,Q11648102,unique_korean_label,Wikidata CC0
鎌ヶ谷,가마가야역,Q6355264,unique_korean_label,Wikidata CC0
鎌ヶ谷大仏,가마가야다이부쓰역,Q12060945,unique_korean_label,Wikidata CC0
鎌取,가마토리역,Q5353463,unique_korean_label,Wikidata CC0
鎌手,가마테역,Q6356165,unique_korean_label,Wikidata CC0
鎌倉,가마쿠라역,Q932895,unique_korean_label,Wikidata CC0
鎌倉高校前,가마쿠라 고교 앞역,Q859202,unique_korean_label,Wikidata CC0
鴨宮,가모노미야역,Q865791,unique_korean_label,Wikidata CC0
鴨居,가모이역,Q844702,unique_korean_label,Wikidata CC0
鴨川,가모가와역,Q5115423,unique_korean_label,Wikidata CC0
鴨島,가모지마역,Q11675540,unique_korean_label,Wikidata CC0
鴨方,가모가타역,Q5359014,unique_korean_label,Wikidata CC0
茅ケ崎,지가사키역,Q800622,unique_korean_label,Wikidata CC0
茅沼,가야누마역,Q6380464,unique_korean_label,Wikidata CC0
茅場町,가야바초역,Q80566,unique_korean_label,Wikidata CC0
茅野,지노역,Q844063,unique_korean_label,Wikidata CC0
萱島,가야시마역,Q1185827,unique_korean_label,Wikidata CC0
刈羽,가리와역,Q6371115,unique_korean_label,Wikidata CC0
刈谷,가리야역,Q871055,unique_korean_label,Wikidata CC0
刈谷市,가리야시역,Q6371135,unique_korean_label,Wikidata CC0
刈和野,가리와노역,Q6371117,unique_korean_label,Wikidata CC0
苅安賀,가리야스카역,Q6371137,unique_korean_label,Wikidata CC0
苅藻,가루모역,Q6373648,unique_korean_label,Wikidata CC0
苅田,간다역,Q5360826,unique_korean_label,Wikidata CC0
瓦ヶ浜,가와라가하마역,Q6379681,unique_korean_label,Wikidata CC0
瓦町,가와라마치역,Q6379684,unique_korean_label,Wikidata CC0
冠着,가무리키역,Q3883754,unique_korean_label,Wikidata CC0
寒河,소고역,Q7667571,unique_korean_label,Wikidata CC0
寒河江,사가에역,Q7398936,unique_korean_label,Wikidata CC0
寒川,사무카와역,Q8192986,unique_korean_label,Wikidata CC0
巻,마키역,Q6739504,unique_korean_label,Wikidata CC0
巻向,마키무쿠역,Q4980794,unique_korean_label,Wikidata CC0
干潟,히가타역,Q5363793,unique_korean_label,Wikidata CC0
歓遊舎ひこさん,간유샤히코산역,Q6365906,unique_korean_label,Wikidata CC0
環状通東,간조도리히가시역,Q3563591,unique_korean_label,Wikidata CC0
甘地,아마지역,Q4739162,unique_korean_label,Wikidata CC0
甘木,아마기역,Q4739135,unique_korean_label,Wikidata CC0
観月橋,간게쓰쿄역,Q2492072,unique_korean_label,Wikidata CC0
間々田,마마다역,Q873320,unique_korean_label,Wikidata CC0
間島,마지마역,Q6737891,unique_korean_label,Wikidata CC0
間内,마나이역,Q6746766,unique_korean_label,Wikidata CC0
関,세키역,Q7447191,unique_korean_label,Wikidata CC0
関ケ原,세키가하라역,Q872034,unique_korean_label,Wikidata CC0
関ノ宮,세키노미야역,Q7447206,unique_korean_label,Wikidata CC0
関屋,세키야역,Q7447216,unique_korean_label,Wikidata CC0
関根,세키네역,Q7447205,unique_korean_label,Wikidata CC0
関西空港,간사이 공항역,Q844023,unique_korean_label,Wikidata CC0
関川,세키가와역,Q599042,unique_korean_label,Wikidata CC0
関大前,간다이 앞역,Q6361217,unique_korean_label,Wikidata CC0
関都,세키토역,Q7447211,unique_korean_label,Wikidata CC0
関内,간나이역,Q800982,unique_korean_label,Wikidata CC0
関目,세키메역,Q857367,unique_korean_label,Wikidata CC0
関目高殿,세키메타카도노역,Q83606,unique_korean_label,Wikidata CC0
関目成育,세키메세이쿠 역,Q180511,unique_korean_label,Wikidata CC0
館腰,다테코시역,Q899090,unique_korean_label,Wikidata CC0
館山,다테야마역,Q553883,unique_korean_label,Wikidata CC0
館林,다테바야시역,Q865905,unique_korean_label,Wikidata CC0
丸の内,마루노우치역,Q854702,unique_korean_label,Wikidata CC0
丸ノ内,마루노우치역,Q6777977,unique_korean_label,Wikidata CC0
丸岡,마루오카역,Q5359723,unique_korean_label,Wikidata CC0
丸亀,마루가메역,Q874116,unique_korean_label,Wikidata CC0
丸山,마루야마역,Q6778053,unique_korean_label,Wikidata CC0
丸森,마루모리역,Q11368365,unique_korean_label,Wikidata CC0
丸瀬布,마루셋푸역,Q6778000,unique_korean_label,Wikidata CC0
丸太町,마루타마치역,Q2346816,unique_korean_label,Wikidata CC0
丸尾,마루오역,Q6777981,unique_korean_label,Wikidata CC0
丸渕,마루부치역,Q6777891,unique_korean_label,Wikidata CC0
岸根公園,기시네코엔역,Q589898,unique_korean_label,Wikidata CC0
岸辺,기시베역,Q59515,unique_korean_label,Wikidata CC0
岸本,기시모토역,Q6416594,unique_korean_label,Wikidata CC0
岸里,기시노사토역,Q126082,unique_korean_label,Wikidata CC0
岸里玉出,기시노사토다마데역,Q6416603,unique_korean_label,Wikidata CC0
岸和田,기시와다역,Q6416611,unique_korean_label,Wikidata CC0
巌根,이와네역,Q573420,unique_korean_label,Wikidata CC0
岩ノ下,이와노시타역,Q6100640,unique_korean_label,Wikidata CC0
岩井,이와이역,Q556710,unique_korean_label,Wikidata CC0
岩屋,이와야역,Q6100854,unique_korean_label,Wikidata CC0
岩間,이와마역,Q2689418,unique_korean_label,Wikidata CC0
岩館,이와다테역,Q6100271,unique_korean_label,Wikidata CC0
岩見沢,이와미자와역,Q1056071,unique_korean_label,Wikidata CC0
岩原,이와하라역,Q6100298,unique_korean_label,Wikidata CC0
岩原スキー場前,이왓파라스키조마에역,Q3560110,unique_korean_label,Wikidata CC0
岩国,이와쿠니역,Q5358387,unique_korean_label,Wikidata CC0
岩根橋,이와네바시역,Q3890063,unique_korean_label,Wikidata CC0
岩山,이와야마역,Q6100866,unique_korean_label,Wikidata CC0
岩室,이와무로역,Q11474353,unique_korean_label,Wikidata CC0
岩手上郷,이와테카미고역,Q3890386,unique_korean_label,Wikidata CC0
岩手川口,이와테카와구치역,Q6100784,unique_korean_label,Wikidata CC0
岩手二日町,이와테후쓰카마치역,Q3889726,unique_korean_label,Wikidata CC0
岩手飯岡,이와테이오카역,Q900408,unique_korean_label,Wikidata CC0
岩舟,이와후네역,Q11475586,unique_korean_label,Wikidata CC0
岩宿,이와주쿠역,Q6100339,unique_korean_label,Wikidata CC0
岩出,이와데역,Q2681167,unique_korean_label,Wikidata CC0
岩出山,이와데야마역,Q247559,unique_korean_label,Wikidata CC0
岩松,이와마쓰역,Q6100462,unique_korean_label,Wikidata CC0
岩沼,이와누마역,Q899186,unique_korean_label,Wikidata CC0
岩城みなと,이와키미나토역,Q6100366,unique_korean_label,Wikidata CC0
岩瀬,이와세역,Q6100731,unique_korean_label,Wikidata CC0
岩切,이와키리역,Q898930,unique_korean_label,Wikidata CC0
岩船町,이와후네마치역,Q6100285,unique_korean_label,Wikidata CC0
岩倉,이와쿠라역,Q6100440,unique_korean_label,Wikidata CC0
岩村田,이와무라다역,Q6100527,unique_korean_label,Wikidata CC0
岩代,이와시로역,Q2897566,unique_korean_label,Wikidata CC0
岩沢,이와사와역,Q6100712,unique_korean_label,Wikidata CC0
岩塚,이와쓰카역,Q863205,unique_korean_label,Wikidata CC0
岩槻,이와쓰키역,Q5368936,unique_korean_label,Wikidata CC0
岩田,이와타역,Q5357651,unique_korean_label,Wikidata CC0
岩島,이와시마역,Q6100736,unique_korean_label,Wikidata CC0
岩波,이와나미역,Q5357457,unique_korean_label,Wikidata CC0
岩美,이와미역,Q899398,unique_korean_label,Wikidata CC0
岩鼻,이와하나역,Q11475717,unique_korean_label,Wikidata CC0
岩本,이와모토역,Q775068,unique_korean_label,Wikidata CC0
岩本町,이와모토초역,Q128319,unique_korean_label,Wikidata CC0
雁ノ巣,간노스역,Q5521437,unique_korean_label,Wikidata CC0
顔戸,고도역,Q5627752,unique_korean_label,Wikidata CC0
企救丘,기쿠가오카 역,Q6406401,unique_korean_label,Wikidata CC0
喜々津,기키쓰역,Q5356036,unique_korean_label,Wikidata CC0
喜久田,기쿠타역,Q6406438,unique_korean_label,Wikidata CC0
喜志,기시역,Q6416576,unique_korean_label,Wikidata CC0
喜多見,기타미역,Q4222438,unique_korean_label,Wikidata CC0
喜多山,기타야마역,Q373353,unique_korean_label,Wikidata CC0
喜多灘,기타나다역,Q898976,unique_korean_label,Wikidata CC0
喜多方,기타카타역,Q6417758,unique_korean_label,Wikidata CC0
喜入,기이레역,Q872715,unique_korean_label,Wikidata CC0
喜連瓜破,기레우리와리역,Q151539,unique_korean_label,Wikidata CC0
基山,기야마역,Q872452,unique_korean_label,Wikidata CC0
寄居,요리이역,Q910653,unique_korean_label,Wikidata CC0
寄畑,요리하타역,Q5355769,unique_korean_label,Wikidata CC0
岐南,기난역,Q5562956,unique_korean_label,Wikidata CC0
岐波,기와역,Q6418840,unique_korean_label,Wikidata CC0
岐阜,기후역,Q1144885,unique_korean_label,Wikidata CC0
岐阜羽島,기후하시마역,Q800820,unique_korean_label,Wikidata CC0
幾寅,이쿠토라역,Q861550,unique_korean_label,Wikidata CC0
旗の台,하타노다이역,Q852281,unique_korean_label,Wikidata CC0
気山,기야마역,Q6418955,unique_korean_label,Wikidata CC0
気仙沼,게센누마역,Q6394927,unique_korean_label,Wikidata CC0
稀府,마렛푸역,Q6758989,unique_korean_label,Wikidata CC0
紀ノ川,기노카와역,Q11604938,unique_korean_label,Wikidata CC0
紀伊,기이역,Q857023,unique_korean_label,Wikidata CC0
紀伊井田,기이이다역,Q5357310,unique_korean_label,Wikidata CC0
紀伊浦神,기이우라가미역,Q2650210,unique_korean_label,Wikidata CC0
紀伊宮原,기이미야하라역,Q3324370,unique_korean_label,Wikidata CC0
紀伊御坊,기이고보역,Q6406042,unique_korean_label,Wikidata CC0
紀伊佐野,기이사노역,Q2584973,unique_korean_label,Wikidata CC0
紀伊細川,기이호소카와역,Q6406043,unique_korean_label,Wikidata CC0
紀伊山田,기이야마다역,Q3525524,unique_korean_label,Wikidata CC0
紀伊市木,기이이치기역,Q5357328,unique_korean_label,Wikidata CC0
紀伊勝浦,기이카쓰우라역,Q2584999,unique_korean_label,Wikidata CC0
紀伊小倉,기이오구라역,Q2646881,unique_korean_label,Wikidata CC0
紀伊新庄,기이신조역,Q2888734,unique_korean_label,Wikidata CC0
紀伊神谷,기이카미야역,Q6406045,unique_korean_label,Wikidata CC0
紀伊清水,기이시미즈역,Q6406048,unique_korean_label,Wikidata CC0
紀伊中ノ島,기이나카노시마역,Q857454,unique_korean_label,Wikidata CC0
紀伊長田,기이나가타역,Q3176389,unique_korean_label,Wikidata CC0
紀伊長島,기이나가시마역,Q5357703,unique_korean_label,Wikidata CC0
紀伊天満,기이텐마역,Q2584981,unique_korean_label,Wikidata CC0
紀伊田原,기이타하라역,Q2682080,unique_korean_label,Wikidata CC0
紀伊田辺,기이타나베역,Q2888653,unique_korean_label,Wikidata CC0
紀伊内原,기이우치하라역,Q2898294,unique_korean_label,Wikidata CC0
紀伊日置,기이히키역,Q2784473,unique_korean_label,Wikidata CC0
紀伊姫,기이히메역,Q2682082,unique_korean_label,Wikidata CC0
紀伊富田,기이톤다역,Q2888483,unique_korean_label,Wikidata CC0
紀伊有田,기이아리타역,Q2748613,unique_korean_label,Wikidata CC0
紀伊由良,기이유라역,Q3205743,unique_korean_label,Wikidata CC0
紀見峠,기미토게역,Q6410156,unique_korean_label,Wikidata CC0
紀三井寺,기미이데라역,Q3455733,unique_korean_label,Wikidata CC0
紀和,기와역,Q3527469,unique_korean_label,Wikidata CC0
貴志,기시역,Q11634778,unique_korean_label,Wikidata CC0
貴生川,기부카와역,Q865712,unique_korean_label,Wikidata CC0
貴船口,기부네구치역,Q6404085,unique_korean_label,Wikidata CC0
鬼越,오니고에역,Q7093901,unique_korean_label,Wikidata CC0
鬼瀬,오니가세역,Q7093897,unique_korean_label,Wikidata CC0
鬼塚,오니즈카역,Q7093973,unique_korean_label,Wikidata CC0
鬼怒川温泉,기누가와온센역,Q6414419,unique_korean_label,Wikidata CC0
鬼怒川公園,기누가와코엔역,Q6414416,unique_korean_label,Wikidata CC0
鬼無,기나시역,Q4981032,unique_korean_label,Wikidata CC0
亀岡,가메오카역,Q1043696,unique_korean_label,Wikidata CC0
亀戸,가메이도역,Q1036376,unique_korean_label,Wikidata CC0
亀戸水神,가메이도스이진역,Q6356576,unique_korean_label,Wikidata CC0
亀甲,가메노코역,Q6356927,unique_korean_label,Wikidata CC0
亀崎,가메자키역,Q6357065,unique_korean_label,Wikidata CC0
亀嵩,가메다케역,Q11370946,unique_korean_label,Wikidata CC0
亀川,가메가와역,Q5359653,unique_korean_label,Wikidata CC0
亀田,가메다역,Q3701529,unique_korean_label,Wikidata CC0
亀島,가메지마역,Q862331,unique_korean_label,Wikidata CC0
亀有,가메아리역,Q1952873,unique_korean_label,Wikidata CC0
儀保,기보역,Q7484290,unique_korean_label,Wikidata CC0
祇園,기온역,Q5563370,unique_korean_label,Wikidata CC0
祇園四条,기온시조역,Q2153263,unique_korean_label,Wikidata CC0
祇園新橋北,기온신바시키타역,Q5563368,unique_korean_label,Wikidata CC0
菊間,기쿠마역,Q898633,unique_korean_label,Wikidata CC0
菊水,기쿠스이역,Q3563846,unique_korean_label,Wikidata CC0
菊川,기쿠카와역,Q1043756,unique_korean_label_catalog,Wikidata CC0
菊名,기쿠나역,Q801006,unique_korean_label,Wikidata CC0
吉浦,요시우라역,Q8056323,unique_korean_label,Wikidata CC0
吉永,요시나가역,Q3611222,unique_korean_label,Wikidata CC0
吉見,요시미역,Q3701400,unique_korean_label,Wikidata CC0
吉見ノ里,요시미노사토역,Q8056171,unique_korean_label,Wikidata CC0
吉原,요시와라역,Q870968,unique_korean_label,Wikidata CC0
吉舎,기사역,Q6416371,unique_korean_label,Wikidata CC0
吉松,요시마쓰역,Q5375416,unique_korean_label,Wikidata CC0
吉祥寺,기치조지역,Q801004,unique_korean_label,Wikidata CC0
吉水,요시미즈역,Q8056175,unique_korean_label,Wikidata CC0
吉成,요시나리역,Q8056189,unique_korean_label,Wikidata CC0
吉川,요시카와역,Q8013280,unique_korean_label,Wikidata CC0
吉川美南,요시카와미나미역,Q8056102,unique_korean_label,Wikidata CC0
吉塚,요시즈카역,Q872292,unique_korean_label,Wikidata CC0
吉田口,요시다구치역,Q3611312,unique_korean_label,Wikidata CC0
吉備津,기비쓰역,Q6404041,unique_korean_label,Wikidata CC0
吉浜,요시하마역,Q8056025,unique_korean_label,Wikidata CC0
吉富,요시토미역,Q1044085,unique_korean_label,Wikidata CC0
吉名,요시나역,Q8056180,unique_korean_label,Wikidata CC0
吉野,요시노역,Q8056197,unique_korean_label,Wikidata CC0
吉野ケ里公園,요시노가리코엔역,Q5363800,unique_korean_label,Wikidata CC0
吉野原,요시노하라역,Q11414370,unique_korean_label,Wikidata CC0
吉野口,요시노구치역,Q3615447,unique_korean_label,Wikidata CC0
吉野神宮,요시노진구역,Q8056192,unique_korean_label,Wikidata CC0
吉野生,요시노부역,Q4388407,unique_korean_label,Wikidata CC0
吉野町,요시노초역,Q579077,unique_korean_label,Wikidata CC0
吉良吉田,기라요시다역,Q6414740,unique_korean_label,Wikidata CC0
桔梗,기쿄역,Q1049285,unique_korean_label,Wikidata CC0
桔梗が丘,기쿄가오카역,Q6406467,unique_korean_label,Wikidata CC0
杵築,기쓰키역,Q5360203,unique_korean_label,Wikidata CC0
逆井,사카사이역,Q7402847,unique_korean_label,Wikidata CC0
逆瀬川,사카세가와역,Q7402849,unique_korean_label,Wikidata CC0
久々原,구구하라역,Q6441996,unique_korean_label,Wikidata CC0
久々野,구구노역,Q5358166,unique_korean_label,Wikidata CC0
久が原,구가하라역,Q6441939,unique_korean_label,Wikidata CC0
久ノ浜,히사노하마역,Q2496626,unique_korean_label,Wikidata CC0
久屋大通,히사야오도리역,Q858944,unique_korean_label,Wikidata CC0
久下村,구게무라역,Q3096704,unique_korean_label,Wikidata CC0
久下田,구게타역,Q6441968,unique_korean_label,Wikidata CC0
久我山,구가야마역,Q4244277,unique_korean_label,Wikidata CC0
久喜,구키역,Q843719,unique_korean_label,Wikidata CC0
久居,히사이역,Q2815904,unique_korean_label,Wikidata CC0
久根別,구네베쓰역,Q5361521,unique_korean_label,Wikidata CC0
久崎,구자키역,Q6449155,unique_korean_label,Wikidata CC0
久慈,구지역,Q6442347,unique_korean_label,Wikidata CC0
久手,구테역,Q8009740,unique_korean_label,Wikidata CC0
久寿川,구스가와역,Q6448204,unique_korean_label,Wikidata CC0
久住,구즈미역,Q6449307,unique_korean_label,Wikidata CC0
久世,구세역,Q6447828,unique_korean_label,Wikidata CC0
久代,구시로역,Q3969877,unique_korean_label,Wikidata CC0
久谷,구타니역,Q872083,unique_korean_label,Wikidata CC0
久地,구지역,Q5366826,unique_korean_label,Wikidata CC0
久津川,구쓰카와역,Q6448547,unique_korean_label,Wikidata CC0
久田野,구타노역,Q873174,unique_korean_label,Wikidata CC0
久那土,구나도역,Q6444138,unique_korean_label,Wikidata CC0
久米川,구메가와역,Q6443795,unique_korean_label,Wikidata CC0
久米田,구메다역,Q857003,unique_korean_label,Wikidata CC0
久保田,구보타역,Q852060,unique_korean_label,Wikidata CC0
久宝寺,규호지역,Q856114,unique_korean_label,Wikidata CC0
久宝寺口,규호지구치역,Q11369277,unique_korean_label,Wikidata CC0
久里浜,구리하마역,Q844268,unique_korean_label,Wikidata CC0
久留米,구루메역,Q1122628,unique_korean_label,Wikidata CC0
久留米高校前,구루메코코마에역,Q5359544,unique_korean_label,Wikidata CC0
久留米大学前,구루메다이가쿠마에역,Q4405128,unique_korean_label,Wikidata CC0
久留里,구루리역,Q6447492,unique_korean_label,Wikidata CC0
及位,노조키역,Q7067415,unique_korean_label,Wikidata CC0
宮ケ浜,미야가하마역,Q872805,unique_korean_label,Wikidata CC0
宮ノ越,미야노코시역,Q6884409,unique_korean_label,Wikidata CC0
宮ノ下,미야노시타역,Q997348,unique_korean_label,Wikidata CC0
宮の坂,미야노사카역,Q6884414,unique_korean_label,Wikidata CC0
宮の陣,미야노진역,Q6884381,unique_korean_label,Wikidata CC0
宮の沢,미야노사와역,Q3563711,unique_korean_label,Wikidata CC0
宮ノ平,미야노히라역,Q8013443,unique_korean_label,Wikidata CC0
宮原,미야하라역,Q845070,unique_korean_label,Wikidata CC0
宮古,미야코역,Q6884271,unique_korean_label,Wikidata CC0
宮崎,미야자키역,Q899703,unique_korean_label,Wikidata CC0
宮崎空港,미야자키쿠코 역,Q11454569,unique_korean_label,Wikidata CC0
宮崎神宮,미야자키진구역,Q5357473,unique_korean_label,Wikidata CC0
宮崎台,미야자키다이역,Q6884463,unique_korean_label,Wikidata CC0
宮山,미야야마역,Q265686,unique_korean_label,Wikidata CC0
宮守,미야모리역,Q3888989,unique_korean_label,Wikidata CC0
宮城野原,미야기노하라역,Q11454015,unique_korean_label,Wikidata CC0
宮城野通,미야기노도리역,Q11501901,unique_korean_label,Wikidata CC0
宮川,미야가와역,Q117381,unique_korean_label,Wikidata CC0
宮前,미야마에역,Q3455703,unique_korean_label,Wikidata CC0
宮前平,미야마에다이라역,Q6884310,unique_korean_label,Wikidata CC0
宮地,미야지역,Q6884211,unique_korean_label,Wikidata CC0
宮町,미야마치역,Q1710076,unique_korean_label,Wikidata CC0
宮田,미야다역,Q990102,unique_korean_label,Wikidata CC0
宮島口,미야지마구치역,Q875417,unique_korean_label,Wikidata CC0
宮内,미야우치역,Q6884429,unique_korean_label,Wikidata CC0
宮内串戸,미야우치쿠시도역,Q5358350,unique_korean_label,Wikidata CC0
宮之阪,미야노사카역,Q9303785,unique_korean_label,Wikidata CC0
宮木,미야키역,Q991664,unique_korean_label,Wikidata CC0
宮野,미야노역,Q6884378,unique_korean_label,Wikidata CC0
弓ケ浜,유미가하마역,Q4207618,unique_korean_label,Wikidata CC0
弓削,유게역,Q8060347,unique_korean_label,Wikidata CC0
朽網,구사미역,Q5360727,unique_korean_label,Wikidata CC0
求名,구묘역,Q5353413,unique_korean_label,Wikidata CC0
球泉洞,규센도역,Q6453150,unique_korean_label,Wikidata CC0
笈川,오이카와역,Q7081260,unique_korean_label,Wikidata CC0
旧居留地・大丸前,큐쿄류치다이마루마에역,Q6453137,unique_korean_label,Wikidata CC0
旧白滝,규시라타키역,Q6453117,unique_korean_label,Wikidata CC0
牛ケ原,우시가하라역,Q3611209,unique_korean_label,Wikidata CC0
牛ノ谷,우시노야역,Q5359834,unique_korean_label,Wikidata CC0
牛久,우시쿠역,Q5363775,unique_korean_label,Wikidata CC0
牛久保,우시쿠보역,Q772016,unique_korean_label,Wikidata CC0
牛込神楽坂,우시고메카구라자카역,Q246195,unique_korean_label,Wikidata CC0
牛込柳町,우시고메야나기초역,Q247099,unique_korean_label,Wikidata CC0
牛山,우시야마역,Q7467513,unique_korean_label,Wikidata CC0
牛津,우시즈역,Q5358773,unique_korean_label,Wikidata CC0
牛島,우시노시마역,Q11570130,unique_korean_label,Wikidata CC0
牛浜,우시하마역,Q7901942,unique_korean_label,Wikidata CC0
居組,이구미역,Q899443,unique_korean_label,Wikidata CC0
居能,이노역,Q6061694,unique_korean_label,Wikidata CC0
魚崎,우오자키역,Q7897889,unique_korean_label,Wikidata CC0
魚住,우오즈미역,Q1042649,unique_korean_label,Wikidata CC0
魚沼丘陵,우오누마큐료역,Q128916,unique_korean_label,Wikidata CC0
魚沼中条,우오누마나카조역,Q7897886,unique_korean_label,Wikidata CC0
魚津,우오즈역,Q5359637,unique_korean_label,Wikidata CC0
京ケ瀬,교가세역,Q6453024,unique_korean_label,Wikidata CC0
京王よみうりランド,게이오 요미우리 랜드역,Q4251055,unique_korean_label,Wikidata CC0
京王稲田堤,게이오 이나다즈쓰미역,Q4251057,unique_korean_label,Wikidata CC0
京王多摩川,게이오 다마가와역,Q4251058,unique_korean_label,Wikidata CC0
京王八王子,게이오 하치오지역,Q906143,unique_korean_label,Wikidata CC0
京王片倉,게이오 가타쿠라역,Q4251056,unique_korean_label,Wikidata CC0
京王堀之内,게이오 호리노우치역,Q269149,unique_korean_label,Wikidata CC0
京急蒲田,게이큐 가마타역,Q841552,unique_korean_label,Wikidata CC0
京急久里浜,게이큐 구리하마역,Q6383706,unique_korean_label,Wikidata CC0
京急新子安,게이큐 신코야스역,Q6383710,unique_korean_label,Wikidata CC0
京急川崎,게이큐 가와사키역,Q6383705,unique_korean_label,Wikidata CC0
京急大津,게이큐 오쓰역,Q5370884,unique_korean_label,Wikidata CC0
京急長沢,게이큐 나가사와역,Q6383708,unique_korean_label,Wikidata CC0
京急鶴見,게이큐 쓰루미역,Q5366409,unique_korean_label,Wikidata CC0
京急田浦,게이큐 다우라역,Q6383711,unique_korean_label,Wikidata CC0
京急東神奈川,게이큐 히가시카나가와역,Q6960205,unique_korean_label,Wikidata CC0
京急富岡,게이큐 도미오카역,Q12060974,unique_korean_label,Wikidata CC0
京橋,교바시역,Q1073400,unique_korean_label,Wikidata CC0
京口,교구치역,Q6453036,unique_korean_label,Wikidata CC0
京阪山科,게이한야마시나역,Q11375846,unique_korean_label,Wikidata CC0
京阪石山,게이한이시야마역,Q11375858,unique_korean_label,Wikidata CC0
京阪膳所,게이한제제역,Q11375864,unique_korean_label,Wikidata CC0
京阪大津京,오지야마 역,Q8081539,unique_korean_label,Wikidata CC0
京終,교바테역,Q3655910,unique_korean_label,Wikidata CC0
京成稲毛,게이세이이나게역,Q11374398,unique_korean_label,Wikidata CC0
京成臼井,게이세이우스이역,Q6383832,unique_korean_label,Wikidata CC0
京成曳舟,게이세이 히키후네역,Q5366562,unique_korean_label,Wikidata CC0
京成関屋,게이세이세키야역,Q6383849,unique_korean_label,Wikidata CC0
京成金町,게이세이카나마치역,Q6383841,unique_korean_label,Wikidata CC0
京成高砂,게이세이 다카사고역,Q4162460,unique_korean_label,Wikidata CC0
京成佐倉,게이세이사쿠라역,Q4502033,unique_korean_label,Wikidata CC0
京成酒々井,게이세이시스이역,Q6383847,unique_korean_label,Wikidata CC0
京成小岩,게이세이코이와역,Q6383844,unique_korean_label,Wikidata CC0
京成上野,게이세이우에노역,Q907059,unique_korean_label,Wikidata CC0
京成成田,게이세이나리타역,Q4502163,unique_korean_label,Wikidata CC0
京成西船,게이세이니시후나역,Q6383831,unique_korean_label,Wikidata CC0
京成千葉,게이세이 지바역,Q6383838,unique_korean_label,Wikidata CC0
京成船橋,게이세이후나바시역,Q841409,unique_korean_label,Wikidata CC0
京成大久保,게이세이오쿠보역,Q6383851,unique_korean_label,Wikidata CC0
京成大和田,게이세이오와다역,Q6383852,unique_korean_label,Wikidata CC0
京成中山,게이세이나카야마역,Q6383846,unique_korean_label,Wikidata CC0
京成津田沼,게이세이쓰다누마역,Q4389595,unique_korean_label,Wikidata CC0
京成八幡,게이세이야와타역,Q4502328,unique_korean_label,Wikidata CC0
京成幕張,게이세이마쿠하리역,Q6383845,unique_korean_label,Wikidata CC0
京成立石,게이세이 다테이시역,Q5366765,unique_korean_label,Wikidata CC0
京町温泉,교마치온센역,Q6453068,unique_korean_label,Wikidata CC0
京田辺,교타나베역,Q855813,unique_korean_label,Wikidata CC0
京都,교토역,Q801046,unique_korean_label,Wikidata CC0
京都河原町,가와라마치 역,Q2085248,unique_korean_label,Wikidata CC0
京都市役所前,교토시야쿠쇼마에역,Q2210666,unique_korean_label,Wikidata CC0
京都精華大前,교토세이카다이마에역,Q27298,unique_korean_label,Wikidata CC0
競馬場前,게이바조마에 역,Q6383560,unique_korean_label,Wikidata CC0
共和,교와역,Q871778,unique_korean_label,Wikidata CC0
境港,사카이미나토역,Q7402786,unique_korean_label,Wikidata CC0
境町,사카이마치역,Q258709,unique_korean_label,Wikidata CC0
強羅,고라역,Q997926,unique_korean_label,Wikidata CC0
教育大前,교이쿠다이마에역,Q5359543,unique_korean_label,Wikidata CC0
教会前,교카이마에역,Q6453053,unique_korean_label,Wikidata CC0
橋本,하시모토역,Q800895,unique_korean_label,Wikidata CC0
狭間,하자마역,Q4494570,unique_korean_label,Wikidata CC0
狭山,사야마역,Q7429106,unique_korean_label,Wikidata CC0
狭山ヶ丘,사야마가오카역,Q7429111,unique_korean_label,Wikidata CC0
狭山市,사야마시역,Q7429114,unique_korean_label,Wikidata CC0
興戸,고도역,Q6455096,unique_korean_label,Wikidata CC0
興津,오키쓰역,Q1046905,unique_korean_label,Wikidata CC0
郷原,고바라역,Q5627747,unique_korean_label,Wikidata CC0
郷戸,고도역,Q5627751,unique_korean_label,Wikidata CC0
郷沢,고사와역,Q5627759,unique_korean_label,Wikidata CC0
鏡石,가가미이시역,Q874040,unique_korean_label,Wikidata CC0
極楽橋,고쿠라쿠바시역,Q5578128,unique_korean_label,Wikidata CC0
極楽寺,고쿠라쿠지역,Q858997,unique_korean_label,Wikidata CC0
玉ノ井,다마노이역,Q7680699,unique_korean_label,Wikidata CC0
玉戸,다마도역,Q7680526,unique_korean_label,Wikidata CC0
玉江,다마에역,Q7680527,unique_korean_label,Wikidata CC0
玉手,다마데역,Q3611507,unique_korean_label,Wikidata CC0
玉出,다마데역,Q125822,unique_korean_label,Wikidata CC0
玉水,다마미즈역,Q1049014,unique_korean_label_catalog,Wikidata CC0
玉川,다마가와역,Q126069,unique_korean_label,Wikidata CC0
玉川学園前,다마가와가쿠엔마에역,Q7680544,unique_korean_label,Wikidata CC0
玉川上水,다마가와조스이역,Q842489,unique_korean_label,Wikidata CC0
玉川村,다마가와무라역,Q7680541,unique_korean_label,Wikidata CC0
玉造,다마쓰쿠리역,Q1131039,unique_korean_label,Wikidata CC0
玉造温泉,다마쓰쿠리온센역,Q3611066,unique_korean_label,Wikidata CC0
玉村,다마무라역,Q7680610,unique_korean_label,Wikidata CC0
玉之江,다마노에역,Q875851,unique_korean_label,Wikidata CC0
玉柏,다마가시역,Q7680532,unique_korean_label,Wikidata CC0
玉名,다마나역,Q872970,unique_korean_label,Wikidata CC0
玉野,다마노역,Q7680698,unique_korean_label,Wikidata CC0
玉淀,다마요도역,Q7680980,unique_korean_label,Wikidata CC0
玉来,다마라이역,Q7680877,unique_korean_label,Wikidata CC0
桐原,기리하라역,Q6415154,unique_korean_label,Wikidata CC0
桐生,기류역,Q6416343,unique_korean_label,Wikidata CC0
錦,니시키역,Q7040593,unique_korean_label,Wikidata CC0
錦岡,니시키오카역,Q7040602,unique_korean_label,Wikidata CC0
錦江,긴코역,Q5357318,unique_korean_label,Wikidata CC0
錦糸町,긴시초역,Q801017,unique_korean_label,Wikidata CC0
欽明路,긴메이지역,Q6410169,unique_korean_label,Wikidata CC0
琴似,고토니역,Q859789,unique_korean_label,Wikidata CC0
琴芝,고토시바역,Q6434203,unique_korean_label,Wikidata CC0
琴電屋島,고토덴야시마역,Q11573813,unique_korean_label,Wikidata CC0
琴電琴平,고토덴코토히라역,Q11573814,unique_korean_label,Wikidata CC0
琴電志度,고토덴시도역,Q11573812,unique_korean_label,Wikidata CC0
琴平,고토히라역,Q899906,unique_korean_label,Wikidata CC0
襟野々,에리노노역,Q5389283,unique_korean_label,Wikidata CC0
近永,지카나가역,Q4388236,unique_korean_label,Wikidata CC0
近江塩津,오미시오쓰역,Q3611081,unique_korean_label,Wikidata CC0
近江高島,오미타카시마역,Q5363194,unique_korean_label,Wikidata CC0
近江今津,오미이마즈역,Q1590429,unique_korean_label,Wikidata CC0
近江神宮前,오미진구마에역,Q8081616,unique_korean_label,Wikidata CC0
近江中庄,오미나카쇼역,Q5364773,unique_korean_label,Wikidata CC0
近江長岡,오미나가오카역,Q872483,unique_korean_label,Wikidata CC0
近江八幡,오미하치만역,Q1042782,unique_korean_label,Wikidata CC0
近江舞子,오미마이코역,Q5363235,unique_korean_label,Wikidata CC0
近川,지카가와역,Q5097352,unique_korean_label,Wikidata CC0
近津,지카쓰역,Q5097397,unique_korean_label,Wikidata CC0
近鉄下田,긴테쓰시모다역,Q6414373,unique_korean_label,Wikidata CC0
近鉄蟹江,긴테쓰카니에역,Q6414364,unique_korean_label,Wikidata CC0
近鉄宮津,긴테쓰미야즈역,Q257964,unique_korean_label,Wikidata CC0
近鉄郡山,긴테쓰코리야마역,Q6414349,unique_korean_label,Wikidata CC0
近鉄御所,긴테쓰고세역,Q11639107,unique_korean_label,Wikidata CC0
近鉄四日市,긴테쓰욧카이치역,Q6414379,unique_korean_label,Wikidata CC0
近鉄新庄,긴테쓰신조역,Q6414374,unique_korean_label,Wikidata CC0
近鉄丹波橋,긴테쓰탄바바시역,Q268864,unique_korean_label,Wikidata CC0
近鉄長島,긴테쓰나가시마역,Q6414367,unique_korean_label,Wikidata CC0
近鉄奈良,긴테쓰나라역,Q6414371,unique_korean_label,Wikidata CC0
近鉄日本橋,긴테쓰닛폰바시역,Q6414369,unique_korean_label,Wikidata CC0
近鉄八田,긴테쓰핫타역,Q6414362,unique_korean_label,Wikidata CC0
近鉄八尾,긴테쓰야오역,Q6414378,unique_korean_label,Wikidata CC0
近鉄富田,긴테쓰토미다역,Q2913531,unique_korean_label,Wikidata CC0
近鉄名古屋,긴테쓰나고야역,Q1109915,unique_korean_label,Wikidata CC0
近鉄弥富,긴테쓰야토미역,Q2913536,unique_korean_label,Wikidata CC0
近田,지카타역,Q5097393,unique_korean_label,Wikidata CC0
近文,지카부미역,Q876953,unique_korean_label,Wikidata CC0
金ケ崎,가네가사키역,Q899678,unique_korean_label,Wikidata CC0
金華,진화 역,Q6120290,unique_korean_label,Wikidata CC0
金丸,가네마루역,Q11646313,unique_korean_label,Wikidata CC0
金橋,가나하시역,Q5362037,unique_korean_label,Wikidata CC0
金光,곤코역,Q5358738,unique_korean_label,Wikidata CC0
金剛,곤고역,Q6429296,unique_korean_label,Wikidata CC0
金子,가네코역,Q844340,unique_korean_label,Wikidata CC0
金手,가넨테역,Q6362011,unique_korean_label,Wikidata CC0
金城ふ頭,긴조후토역,Q5368904,unique_korean_label,Wikidata CC0
金石原,가나이시하라역,Q6360326,unique_korean_label,Wikidata CC0
金蔵寺,곤조지역,Q900601,unique_korean_label,Wikidata CC0
金沢,가나자와역,Q1136378,unique_korean_label,Wikidata CC0
金沢八景,가나자와핫케이역,Q6360870,unique_korean_label,Wikidata CC0
金沢文庫,가나자와분코역,Q6360872,unique_korean_label,Wikidata CC0
金谷川,가나야가와역,Q874004,unique_korean_label,Wikidata CC0
金谷沢,가나야사와역,Q6360862,unique_korean_label,Wikidata CC0
金町,가나마치역,Q1952878,unique_korean_label,Wikidata CC0
金塚,가나즈카역,Q6360909,unique_korean_label,Wikidata CC0
金比羅前,곤피라마에역,Q8190757,unique_korean_label,Wikidata CC0
金浜,가네하마역,Q6543331,unique_korean_label,Wikidata CC0
銀座,긴자역,Q602372,unique_korean_label,Wikidata CC0
銀座一丁目,긴자 1초메 역,Q331185,unique_korean_label,Wikidata CC0
銀山,긴잔역,Q861896,unique_korean_label,Wikidata CC0
銀水,긴스이역,Q5359531,unique_korean_label,Wikidata CC0
九鬼,구키역,Q5357746,unique_korean_label,Wikidata CC0
九産大前,규산다이마에역,Q5359410,unique_korean_label,Wikidata CC0
九州工大前,규슈코다이마에역,Q5360085,unique_korean_label,Wikidata CC0
九重,고코노에역,Q553860,unique_korean_label,Wikidata CC0
九条,구조역,Q1132633,unique_korean_label,Wikidata CC0
九大学研都市,규다이갓켄토시역,Q5368909,unique_korean_label,Wikidata CC0
九段下,구단시타역,Q76899,unique_korean_label,Wikidata CC0
九度山,구도야마역,Q289187,unique_korean_label,Wikidata CC0
九頭竜湖,구즈류코역,Q3611337,unique_korean_label,Wikidata CC0
九品仏,구혼부쓰역,Q6442177,unique_korean_label,Wikidata CC0
九郎原,구로바루역,Q6447695,unique_korean_label,Wikidata CC0
倶知安,굿찬역,Q848139,unique_korean_label,Wikidata CC0
倶利伽羅,구리카라역,Q5360002,unique_korean_label,Wikidata CC0
区界,구자카이역,Q6449153,unique_korean_label,Wikidata CC0
玖珂,구가역,Q6441933,unique_korean_label,Wikidata CC0
玖村,구무라역,Q6444088,unique_korean_label,Wikidata CC0
玖波,구바역,Q5358433,unique_korean_label,Wikidata CC0
苦楽園口,쿠라쿠엔구치 역,Q6445543,unique_korean_label,Wikidata CC0
苦竹,니가타케역,Q7032190,unique_korean_label,Wikidata CC0
駒ヶ岳,고마가타케역,Q864617,unique_korean_label,Wikidata CC0
駒ケ根,고마가네역,Q989953,unique_korean_label,Wikidata CC0
駒ヶ谷,고마가타니역,Q6428062,unique_korean_label,Wikidata CC0
駒ヶ林,고마가바야시역,Q6428051,unique_korean_label,Wikidata CC0
駒ケ嶺,고마가미네역,Q6428053,unique_korean_label,Wikidata CC0
駒形,고마가타역,Q6428058,unique_korean_label,Wikidata CC0
駒込,고마고메역,Q801032,unique_korean_label,Wikidata CC0
駒場東大前,고마바토다이마에역,Q4229113,unique_korean_label,Wikidata CC0
駒川中野,고마가와나카노역,Q135198,unique_korean_label,Wikidata CC0
駒沢大学,고마자와 대학역,Q6428224,unique_korean_label,Wikidata CC0
駒鳴,고마나키역,Q6428109,unique_korean_label,Wikidata CC0
駒野,고마노역,Q6428125,unique_korean_label,Wikidata CC0
空港第2ビル,공항 제2빌딩역,Q841454,unique_korean_label,Wikidata CC0
空港通り,구코도리역,Q11597483,unique_korean_label,Wikidata CC0
隅田,스다역,Q3557713,unique_korean_label,Wikidata CC0
串,구시역,Q899182,unique_korean_label,Wikidata CC0
串間,구시마역,Q6447950,unique_korean_label,Wikidata CC0
串本,구시모토역,Q2682092,unique_korean_label,Wikidata CC0
串木野,구시키노역,Q5297573,unique_korean_label,Wikidata CC0
櫛ケ浜,구시가하마역,Q5357953,unique_korean_label,Wikidata CC0
櫛原,구시와라역,Q11544663,unique_korean_label,Wikidata CC0
櫛田,구시다역,Q1710084,unique_korean_label,Wikidata CC0
櫛田神社前,구시다진자마에역,Q107395376,unique_korean_label,Wikidata CC0
釧路,구시로역,Q1073704,unique_korean_label,Wikidata CC0
釧路湿原,구시로시쓰겐역,Q848124,unique_korean_label,Wikidata CC0
沓掛,구쓰카케역,Q1447283,unique_korean_label,Wikidata CC0
窪川,구보카와역,Q6441296,unique_korean_label,Wikidata CC0
熊ケ根,구마가네역,Q6443373,unique_korean_label,Wikidata CC0
熊崎,구마사키역,Q5358533,unique_korean_label,Wikidata CC0
熊山,구마야마역,Q5360774,unique_korean_label,Wikidata CC0
熊取,구마토리역,Q857013,unique_korean_label,Wikidata CC0
熊谷,구마가야역,Q735594,unique_korean_label,Wikidata CC0
熊本,구마모토역,Q969324,unique_korean_label,Wikidata CC0
熊野市,구마노시역,Q5357377,unique_korean_label,Wikidata CC0
熊野前,구마노마에역,Q6443453,unique_korean_label,Wikidata CC0
隈之城,구마노조역,Q5297757,unique_korean_label,Wikidata CC0
栗丘,구리오카역,Q6446065,unique_korean_label,Wikidata CC0
栗橋,구리하시역,Q846796,unique_korean_label,Wikidata CC0
栗熊,구리쿠마역,Q11536023,unique_korean_label,Wikidata CC0
栗山,구리야마역,Q6446103,unique_korean_label,Wikidata CC0
栗沢,구리사와역,Q6446072,unique_korean_label,Wikidata CC0
栗東,릿토역,Q1042673,unique_korean_label,Wikidata CC0
栗平,구리히라역,Q4248427,unique_korean_label,Wikidata CC0
栗野,구리노역,Q5375458,unique_korean_label,Wikidata CC0
栗林,리쓰린역,Q7336803,unique_korean_label,Wikidata CC0
栗林公園,리쓰린코엔역,Q11535990,unique_korean_label,Wikidata CC0
栗林公園北口,리쓰린코엔기타구치역,Q7336802,unique_korean_label,Wikidata CC0
桑園,소엔역,Q589441,unique_korean_label,Wikidata CC0
桑折,고오리역,Q873996,unique_korean_label,Wikidata CC0
桑川,구와가와역,Q6448806,unique_korean_label,Wikidata CC0
桑名,구와나역,Q5359101,unique_korean_label,Wikidata CC0
桑名川,구와나가와역,Q6449053,unique_korean_label,Wikidata CC0
桑野,구와노역,Q6449058,unique_korean_label,Wikidata CC0
君津,기미쓰역,Q575422,unique_korean_label,Wikidata CC0
群馬原町,군마하라마치역,Q5618867,unique_korean_label,Wikidata CC0
群馬総社,군마소자역,Q1705804,unique_korean_label,Wikidata CC0
群馬大津,군마오쓰역,Q5618868,unique_korean_label,Wikidata CC0
群馬藤岡,군마후지오카역,Q845730,unique_korean_label,Wikidata CC0
群馬八幡,군마야와타역,Q899937,unique_korean_label,Wikidata CC0
軍畑,이쿠사바타역,Q8013549,unique_korean_label,Wikidata CC0
郡家,고게역,Q6455118,unique_korean_label,Wikidata CC0
郡元,고리모토역,Q869329,unique_korean_label,Wikidata CC0
郡山,고리야마역,Q856526,unique_korean_label,Wikidata CC0
郡山富田,고리야마토미타역,Q20973651,unique_korean_label,Wikidata CC0
郡津,고즈역,Q6455350,unique_korean_label,Wikidata CC0
刑部,오사카베역,Q7105635,unique_korean_label,Wikidata CC0
兄畑,아니하타역,Q4764591,unique_korean_label,Wikidata CC0
形原,가타하라역,Q6375002,unique_korean_label,Wikidata CC0
恵み野,메구미노역,Q59340,unique_korean_label,Wikidata CC0
恵我ノ荘,에가노쇼역,Q5347687,unique_korean_label,Wikidata CC0
恵庭,에니와역,Q59452,unique_korean_label,Wikidata CC0
恵那,에나역,Q870596,unique_korean_label,Wikidata CC0
恵比寿,에비스역,Q800715,unique_korean_label,Wikidata CC0
恵比須,에비스역,Q5331870,unique_korean_label,Wikidata CC0
恵比島,에비시마역,Q5331866,unique_korean_label,Wikidata CC0
恵美須町,에비스초역,Q2066656,unique_korean_label,Wikidata CC0
恵良,에라역,Q5384789,unique_korean_label,Wikidata CC0
敬川,우야가와역,Q7904087,unique_korean_label,Wikidata CC0
桂,가쓰라역,Q944556,unique_korean_label,Wikidata CC0
桂根,가쓰라네역,Q6378186,unique_korean_label,Wikidata CC0
桂川,가쓰라가와역,Q1071814,unique_korean_label_catalog,Wikidata CC0
桂台,가쓰라다이역,Q6378181,unique_korean_label,Wikidata CC0
畦野,우네노역,Q7884223,unique_korean_label,Wikidata CC0
経塚,교즈카역,Q11606414,unique_korean_label,Wikidata CC0
経堂,교도역,Q4251372,unique_korean_label,Wikidata CC0
蛍池,호타루가이케역,Q3969799,unique_korean_label,Wikidata CC0
計算科学センター,게이산카가쿠센터역,Q11374187,unique_korean_label,Wikidata CC0
計石,하카리이시역,Q5640348,unique_korean_label,Wikidata CC0
軽井沢,가루이자와역,Q1064215,unique_korean_label,Wikidata CC0
芸大通,게이다이도리역,Q861781,unique_korean_label,Wikidata CC0
鯨波,구지라나미역,Q4348283,unique_korean_label,Wikidata CC0
穴山,아나야마역,Q4752462,unique_korean_label,Wikidata CC0
穴守稲荷,아나모리이나리역,Q4751212,unique_korean_label,Wikidata CC0
穴吹,아나부키역,Q4750609,unique_korean_label,Wikidata CC0
穴水,아나미즈역,Q4751203,unique_korean_label,Wikidata CC0
穴川,아나가와역,Q4750826,unique_korean_label,Wikidata CC0
穴太,아노역,Q4778548,unique_korean_label,Wikidata CC0
穴部,아나베역,Q4750577,unique_korean_label,Wikidata CC0
結崎,유자키역,Q8062793,unique_korean_label,Wikidata CC0
結城,유키역,Q8062742,unique_korean_label,Wikidata CC0
月ヶ岡,쓰키가오카역,Q7850058,unique_korean_label,Wikidata CC0
月ケ瀬口,쓰키가세구치역,Q7850061,unique_korean_label,Wikidata CC0
月岡,쓰키오카역,Q7850078,unique_korean_label,Wikidata CC0
月寒中央,쓰키사무추오역,Q3563606,unique_korean_label,Wikidata CC0
月見山,쓰키미야마역,Q7850075,unique_korean_label,Wikidata CC0
月江寺,겟코지역,Q5530322,unique_korean_label,Wikidata CC0
月田,쓰키다역,Q3611185,unique_korean_label,Wikidata CC0
月島,쓰키시마역,Q112337,unique_korean_label,Wikidata CC0
剣吉,겐요시역,Q5357122,unique_korean_label,Wikidata CC0
剣淵,겐부치역,Q901066,unique_korean_label,Wikidata CC0
堅下,가타시모역,Q6375272,unique_korean_label,Wikidata CC0
堅田,가타타역,Q5363573,unique_korean_label,Wikidata CC0
建部,다케베역,Q7677955,unique_korean_label,Wikidata CC0
検見川,게미가와역,Q6386953,unique_korean_label,Wikidata CC0
検見川浜,게미가와하마역,Q2493887,unique_korean_label,Wikidata CC0
権現前,곤겐마에역,Q5581741,unique_korean_label,Wikidata CC0
犬山,이누야마역,Q6059394,unique_korean_label,Wikidata CC0
犬山口,이누야마구치역,Q6059399,unique_korean_label,Wikidata CC0
犬山遊園,이누야마유엔역,Q6059388,unique_korean_label,Wikidata CC0
犬飼,이누카이역,Q6059273,unique_korean_label,Wikidata CC0
犬川,이누카와역,Q6059280,unique_korean_label,Wikidata CC0
犬塚,이누즈카역,Q11571193,unique_korean_label,Wikidata CC0
研究学園,겐큐가쿠엔 역,Q5366720,unique_korean_label,Wikidata CC0
絹延橋,기누노베바시역,Q6414428,unique_korean_label,Wikidata CC0
県,아가타역,Q4691472,unique_korean_label,Wikidata CC0
県総合運動場,겐소고운도조 역,Q6387205,unique_korean_label,Wikidata CC0
県立大学,겐리쓰다이가쿠역,Q6391354,unique_korean_label,Wikidata CC0
見沼代親水公園,미누마다이신스이코엔역,Q6869774,unique_korean_label,Wikidata CC0
見能林,미노바야시역,Q6868933,unique_korean_label,Wikidata CC0
見附,미쓰케역,Q6883273,unique_korean_label,Wikidata CC0
見老津,미로즈역,Q2748587,unique_korean_label,Wikidata CC0
賢島,가시코지마역,Q6374294,unique_korean_label,Wikidata CC0
元加治,모토카지역,Q6918030,unique_korean_label,Wikidata CC0
元山上口,모토산조구치역,Q6918516,unique_korean_label,Wikidata CC0
元住吉,모토스미요시역,Q7937375,unique_korean_label,Wikidata CC0
元善光寺,모토젠코지역,Q986402,unique_korean_label,Wikidata CC0
元町,모토마치역,Q59520,unique_korean_label,Wikidata CC0
元町・中華街,모토마치·주카가이역,Q995359,unique_korean_label,Wikidata CC0
元田中,모토타나카역,Q6918534,unique_korean_label,Wikidata CC0
原,하라역,Q1652802,unique_korean_label,Wikidata CC0
原ノ町,하라노마치역,Q5654173,unique_korean_label,Wikidata CC0
原向,하라무코역,Q5654104,unique_korean_label,Wikidata CC0
原市,하라이치역,Q11284211,unique_korean_label,Wikidata CC0
原宿,하라주쿠역,Q800894,unique_korean_label,Wikidata CC0
原水,하라미즈역,Q5654093,unique_korean_label,Wikidata CC0
原生花園,겐세이카엔역,Q5533564,unique_korean_label,Wikidata CC0
原町,하루마치역,Q5675782,unique_korean_label,Wikidata CC0
原当麻,하라타이마역,Q5654301,unique_korean_label,Wikidata CC0
原木,바라키역,Q4858278,unique_korean_label,Wikidata CC0
原木中山,바라키나카야마역,Q128808,unique_korean_label,Wikidata CC0
原野,하라노역,Q5359519,unique_korean_label,Wikidata CC0
厳木,규라기역,Q6453144,unique_korean_label,Wikidata CC0
源道寺,겐도지역,Q5356028,unique_korean_label,Wikidata CC0
玄武洞,겐부도역,Q871678,unique_korean_label,Wikidata CC0
現川,우쓰쓰가와역,Q5355514,unique_korean_label,Wikidata CC0
古井,고비역,Q5358523,unique_korean_label,Wikidata CC0
古河,고가역,Q861558,unique_korean_label,Wikidata CC0
古賀,고가역,Q5359651,unique_korean_label,Wikidata CC0
古賀茶屋,고간차야역,Q11411698,unique_korean_label,Wikidata CC0
古間,후루마역,Q5355756,unique_korean_label,Wikidata CC0
古館,후루다테역,Q899716,unique_korean_label,Wikidata CC0
古虎渓,고코케이역,Q5359303,unique_korean_label,Wikidata CC0
古口,후루쿠치역,Q5509803,unique_korean_label,Wikidata CC0
古高松,후루타카마쓰역,Q11411770,unique_korean_label,Wikidata CC0
古高松南,후루타카마쓰미나미역,Q5509828,unique_korean_label,Wikidata CC0
古国府,후루고역,Q5509791,unique_korean_label,Wikidata CC0
古座,고자역,Q2681936,unique_korean_label,Wikidata CC0
古山,후루산역,Q5509812,unique_korean_label,Wikidata CC0
古市,후루이치역,Q5509795,unique_korean_label,Wikidata CC0
古市橋,후루이치바시역,Q5509799,unique_korean_label,Wikidata CC0
古瀬,후루세역,Q899403,unique_korean_label,Wikidata CC0
古川,후루카와역,Q1136520,unique_korean_label,Wikidata CC0
古川橋,후루카와바시역,Q1027543,unique_korean_label,Wikidata CC0
古津,후루쓰역,Q5509827,unique_korean_label,Wikidata CC0
古島,후루지마역,Q7484332,unique_korean_label,Wikidata CC0
古淵,고부치역,Q844706,unique_korean_label,Wikidata CC0
古里,고리역,Q844141,unique_korean_label,Wikidata CC0
呼人,요비토역,Q8054236,unique_korean_label,Wikidata CC0
呼続,요비쓰기역,Q8054232,unique_korean_label,Wikidata CC0
呼野,요부노역,Q5360267,unique_korean_label,Wikidata CC0
戸越,도고시역,Q1040884,unique_korean_label,Wikidata CC0
戸越銀座,도고시긴자역,Q11496630,unique_korean_label,Wikidata CC0
戸越公園,도고시 공원역,Q999134,unique_korean_label,Wikidata CC0
戸坂,헤사카역,Q5745295,unique_korean_label,Wikidata CC0
戸手,도데역,Q7812762,unique_korean_label,Wikidata CC0
戸狩野沢温泉,도가리노자와온센역,Q7813041,unique_korean_label,Wikidata CC0
戸出,도이데역,Q7813344,unique_korean_label,Wikidata CC0
戸倉,도구라 역,Q11496243,unique_korean_label,Wikidata CC0
戸塚,도쓰카역,Q801522,unique_korean_label,Wikidata CC0
戸塚安行,도즈카안교역,Q5369332,unique_korean_label,Wikidata CC0
戸田公園,도다코엔역,Q844571,unique_korean_label,Wikidata CC0
戸田小浜,도다코하마역,Q7812125,unique_korean_label,Wikidata CC0
戸頭,도가시라역,Q7813045,unique_korean_label,Wikidata CC0
戸畑,도바타역,Q5360111,unique_korean_label,Wikidata CC0
戸部,도베역,Q7811562,unique_korean_label,Wikidata CC0
湖山,고야마역,Q899280,unique_korean_label,Wikidata CC0
湖北,고호쿠역,Q5366305,unique_korean_label,Wikidata CC0
胡麻,고마역,Q369597,unique_korean_label,Wikidata CC0
菰野,고모노역,Q3894746,unique_korean_label,Wikidata CC0
虎ノ門,도라노몬역,Q347972,unique_korean_label,Wikidata CC0
虎ノ門ヒルズ,도라노몬힐스역,Q59452622,unique_korean_label,Wikidata CC0
虎杖浜,고조하마역,Q6426517,unique_korean_label,Wikidata CC0
虎姫,도라히메역,Q8009862,unique_korean_label,Wikidata CC0
鼓ヶ浦,쓰즈미가우라역,Q7850405,unique_korean_label,Wikidata CC0
鼓滝,쓰즈미가타키역,Q7850404,unique_korean_label,Wikidata CC0
五ノ三,고노산역,Q5582090,unique_korean_label,Wikidata CC0
五位堂,고이도역,Q5577645,unique_korean_label,Wikidata CC0
五位野,고이노역,Q870525,unique_korean_label,Wikidata CC0
五井,고이역,Q573427,unique_korean_label,Wikidata CC0
五橋,이쓰쓰바시역,Q11372525,unique_korean_label,Wikidata CC0
五月台,사쓰키다이역,Q4409583,unique_korean_label,Wikidata CC0
五香,고코역,Q5578138,unique_korean_label,Wikidata CC0
五社,고샤역,Q5587229,unique_korean_label,Wikidata CC0
五十崎,이카자키역,Q899606,unique_korean_label,Wikidata CC0
五十市,이소이치역,Q5357584,unique_korean_label,Wikidata CC0
五十石,고짓코쿠역,Q5577970,unique_korean_label,Wikidata CC0
五十川,이라가와역,Q6066383,unique_korean_label,Wikidata CC0
五十島,이가시마역,Q5991525,unique_korean_label,Wikidata CC0
五十猛,이소타케역,Q5355692,unique_korean_label,Wikidata CC0
五十鈴ケ丘,이스즈가오카역,Q6089538,unique_korean_label,Wikidata CC0
五十鈴川,이스즈가와역,Q6089533,unique_korean_label,Wikidata CC0
五所川原,고쇼가와라역,Q5587319,unique_korean_label,Wikidata CC0
五条,고조역,Q2579995,unique_korean_label,Wikidata CC0
五泉,고센역,Q5587162,unique_korean_label,Wikidata CC0
五知,고치역,Q1447309,unique_korean_label,Wikidata CC0
五日市,이쓰카이치역,Q5358368,unique_korean_label,Wikidata CC0
五日町,이쓰카마치역,Q3660528,unique_korean_label,Wikidata CC0
五反田,고탄다역,Q736018,unique_korean_label,Wikidata CC0
五反野,고탄노역,Q5587720,unique_korean_label,Wikidata CC0
五百川,고햐쿠가와역,Q876966,unique_korean_label,Wikidata CC0
五百羅漢,고햐쿠라칸역,Q5577610,unique_korean_label,Wikidata CC0
五稜郭,고료카쿠역,Q1037967,unique_korean_label,Wikidata CC0
五郎,고로역,Q899112,unique_korean_label,Wikidata CC0
五郎丸,고로마루역,Q11372693,unique_korean_label,Wikidata CC0
呉,구레역,Q6445843,unique_korean_label,Wikidata CC0
呉ポートピア,구레 포트피어역,Q6445833,unique_korean_label,Wikidata CC0
呉羽,구레하역,Q5359643,unique_korean_label,Wikidata CC0
呉服町,고후쿠마치역,Q4357555,unique_korean_label,Wikidata CC0
吾桑,아소 역 (고치 현),Q4812260,unique_korean_label,Wikidata CC0
吾野,아가노역,Q4691200,unique_korean_label,Wikidata CC0
後楽園,고라쿠엔역,Q1156432,unique_korean_label,Wikidata CC0
後潟,우시로가타역,Q7901961,unique_korean_label,Wikidata CC0
後閑,고칸역,Q1770583,unique_korean_label,Wikidata CC0
後三年,고산넨역,Q5587140,unique_korean_label,Wikidata CC0
後台,고다이역,Q5576119,unique_korean_label,Wikidata CC0
後藤,고토역,Q4207591,unique_korean_label,Wikidata CC0
後免,고멘역,Q900981,unique_korean_label,Wikidata CC0
御井,미이역,Q4405132,unique_korean_label,Wikidata CC0
御影,미카게역,Q612734,unique_korean_label,Wikidata CC0
御花畑,오하나바타케역,Q7080615,unique_korean_label,Wikidata CC0
御岳堂,미타케도역,Q1305797,unique_korean_label,Wikidata CC0
御器所,고키소역,Q854726,unique_korean_label,Wikidata CC0
御幸辻,미유키쓰지역,Q6884576,unique_korean_label,Wikidata CC0
御崎,미사키역,Q6875090,unique_korean_label,Wikidata CC0
御崎公園,미사키코엔역,Q6875065,unique_korean_label,Wikidata CC0
御宿,온주쿠역,Q552783,unique_korean_label,Wikidata CC0
御所,고세역,Q3615334,unique_korean_label,Wikidata CC0
御厨,미쿠리야역,Q65267537,unique_korean_label,Wikidata CC0
御嵩,미타케역,Q11488956,unique_korean_label,Wikidata CC0
御嵩口,미타케구치역,Q6880747,unique_korean_label,Wikidata CC0
御成門,오나리몬역,Q1039085,unique_korean_label,Wikidata CC0
御代田,미요타역,Q11488783,unique_korean_label,Wikidata CC0
御茶ノ水,오차노미즈역,Q801289,unique_korean_label,Wikidata CC0
御着,고차쿠역,Q1042454,unique_korean_label,Wikidata CC0
御殿山,고텐야마역,Q1825091,unique_korean_label,Wikidata CC0
御殿場,고텐바역,Q899797,unique_korean_label,Wikidata CC0
御徒町,오카치마치역,Q801296,unique_korean_label,Wikidata CC0
御堂,미도역,Q6843506,unique_korean_label,Wikidata CC0
御幣島,미테지마역,Q1037111,unique_korean_label,Wikidata CC0
御坊,고보역,Q2897645,unique_korean_label,Wikidata CC0
御油,고유역,Q5590215,unique_korean_label,Wikidata CC0
御来屋,미쿠리야역,Q900618,unique_korean_label,Wikidata CC0
御陵,미사사기역,Q2470158,unique_korean_label,Wikidata CC0
御領,고료역,Q5587024,unique_korean_label,Wikidata CC0
御嶽,미타케 역 (도쿄 도),Q6880751,unique_korean_label,Wikidata CC0
御嶽山,온타케산역,Q7094574,unique_korean_label,Wikidata CC0
護国寺,고코쿠지역,Q331941,unique_korean_label,Wikidata CC0
鯉川,고이카와역,Q6426274,unique_korean_label,Wikidata CC0
交野市,가타노시역,Q6375107,unique_korean_label,Wikidata CC0
光,히카리역,Q5358076,unique_korean_label,Wikidata CC0
光が丘,히카리가오카역,Q1132210,unique_korean_label,Wikidata CC0
光の森,히카리노모리역,Q11388245,unique_korean_label,Wikidata CC0
光岡,데루오카역,Q7705341,unique_korean_label,Wikidata CC0
光珠内,고슈나이역,Q872961,unique_korean_label,Wikidata CC0
光善寺,고젠지역,Q1573336,unique_korean_label,Wikidata CC0
光風台,고후다이역,Q6455110,unique_korean_label,Wikidata CC0
光明池,고묘이케역,Q6455215,unique_korean_label,Wikidata CC0
光洋台,고요다이역,Q899000,unique_korean_label,Wikidata CC0
公園,고엔역,Q11391979,unique_korean_label,Wikidata CC0
公園西,고엔니시역,Q861766,unique_korean_label,Wikidata CC0
公園東口,코엔히가시구치역,Q3969881,unique_korean_label,Wikidata CC0
公津の杜,고즈노모리역,Q6455356,unique_korean_label,Wikidata CC0
公文明,구몬묘역,Q11392051,unique_korean_label,Wikidata CC0
勾金,마가리카네역,Q6729708,unique_korean_label,Wikidata CC0
勾当台公園,고토다이코엔역,Q11400640,unique_korean_label,Wikidata CC0
厚岸,앗케시역,Q900296,unique_korean_label,Wikidata CC0
厚狭,아사역,Q1136582,unique_korean_label,Wikidata CC0
厚床,앗토코역,Q900490,unique_korean_label,Wikidata CC0
厚東,고토역,Q5358095,unique_korean_label,Wikidata CC0
厚内,아쓰나이역,Q899270,unique_korean_label,Wikidata CC0
厚別,아쓰베쓰역,Q128528,unique_korean_label,Wikidata CC0
厚保,아쓰역,Q4817754,unique_korean_label,Wikidata CC0
厚木,아쓰기역,Q994477,unique_korean_label,Wikidata CC0
向ヶ丘遊園,무코가오카유엔역,Q801204,unique_korean_label,Wikidata CC0
向井原,무카이바라역,Q944990,unique_korean_label,Wikidata CC0
向河原,무카이가와라역,Q5366346,unique_korean_label,Wikidata CC0
向原,무카이하라역,Q6933382,unique_korean_label,Wikidata CC0
向山,무카이야마역,Q5357175,unique_korean_label,Wikidata CC0
向市場,무카이치바역,Q777155,unique_korean_label,Wikidata CC0
向瀬上,무카이세노우에역,Q11416019,unique_korean_label,Wikidata CC0
向島,무카이지마역,Q6933385,unique_korean_label,Wikidata CC0
向日町,무코마치역,Q1037060,unique_korean_label,Wikidata CC0
向之原,무카이노하루역,Q6933389,unique_korean_label,Wikidata CC0
向能代,무카이노시로역,Q6933381,unique_korean_label,Wikidata CC0
向洋,무카이나다역,Q5359178,unique_korean_label,Wikidata CC0
好摩,고마역,Q6455207,unique_korean_label,Wikidata CC0
幸浦,사치우라역,Q7396765,unique_korean_label,Wikidata CC0
幸崎,고자키역,Q5359308,unique_korean_label,Wikidata CC0
幸手,삿테역,Q7426528,unique_korean_label,Wikidata CC0
幸田,고다역,Q870921,unique_korean_label,Wikidata CC0
広,히로역,Q5769956,unique_korean_label,Wikidata CC0
広域公園前,고이키코엔마에역,Q6455152,unique_korean_label,Wikidata CC0
広丘,히로오카역,Q3797740,unique_korean_label,Wikidata CC0
広原,히로와라역,Q5771421,unique_korean_label,Wikidata CC0
広戸,히로토역,Q5771381,unique_korean_label,Wikidata CC0
広瀬通,히로세도리역,Q5770742,unique_korean_label,Wikidata CC0
広川ビーチ,히로카와비치역,Q3205763,unique_korean_label,Wikidata CC0
広田,히로타역,Q5771333,unique_korean_label,Wikidata CC0
広島,히로시마역,Q576459,unique_korean_label,Wikidata CC0
広畑,히로하타역,Q5770173,unique_korean_label,Wikidata CC0
広尾,히로오역,Q1156428,unique_korean_label,Wikidata CC0
広木,히로키역,Q5296556,unique_korean_label,Wikidata CC0
広野,히로노역,Q2496605,unique_korean_label,Wikidata CC0
広野ゴルフ場前,히로노고루후조마에역,Q5770635,unique_korean_label,Wikidata CC0
弘前,히로사키역,Q5770722,unique_korean_label,Wikidata CC0
杭瀬,구이세역,Q11523768,unique_korean_label,Wikidata CC0
江の浦,에노우라역,Q11550568,unique_korean_label,Wikidata CC0
江ノ島,에노시마역,Q846972,unique_korean_label,Wikidata CC0
江井ヶ島,에이가시마역,Q5348895,unique_korean_label,Wikidata CC0
江吉良,에기라역,Q5348038,unique_korean_label,Wikidata CC0
江見,에미역,Q553871,unique_korean_label,Wikidata CC0
江原,에바라역,Q871691,unique_korean_label,Wikidata CC0
江古田,에코다역,Q5350525,unique_korean_label,Wikidata CC0
江戸橋,에도바시역,Q5340168,unique_korean_label,Wikidata CC0
江戸川,에도가와역,Q5340176,unique_korean_label,Wikidata CC0
江戸川橋,에도가와바시역,Q331929,unique_korean_label,Wikidata CC0
江戸川台,에도가와다이역,Q5340181,unique_korean_label,Wikidata CC0
江差,에사시역,Q5396743,unique_korean_label,Wikidata CC0
江坂,에사카역,Q691770,unique_korean_label,Wikidata CC0
江崎,에사키역,Q5396697,unique_korean_label,Wikidata CC0
江住,에스미역,Q2748600,unique_korean_label,Wikidata CC0
江川崎,에카와사키역,Q5350363,unique_korean_label,Wikidata CC0
江曽島,에소지마역,Q5398613,unique_korean_label,Wikidata CC0
江津,고쓰역,Q3611257,unique_korean_label,Wikidata CC0
江釣子,에즈리코역,Q5423449,unique_korean_label,Wikidata CC0
江田,에다역,Q5335639,unique_korean_label,Wikidata CC0
江島,에지마역,Q772390,unique_korean_label,Wikidata CC0
江尾,에비역,Q5331850,unique_korean_label,Wikidata CC0
江部乙,에베오쓰역,Q875460,unique_korean_label,Wikidata CC0
江別,에베쓰역,Q872626,unique_korean_label,Wikidata CC0
江北,고호쿠역,Q872564,unique_korean_label,Wikidata CC0
港区役所,미나토쿠야쿠쇼역,Q6863252,unique_korean_label,Wikidata CC0
港町,미나토초역,Q6863265,unique_korean_label,Wikidata CC0
港南台,고난다이역,Q844457,unique_korean_label,Wikidata CC0
港南中央,고난추오역,Q573434,unique_korean_label,Wikidata CC0
港北,고호쿠역,Q10917750,unique_korean_label,Wikidata CC0
溝の口,미조노쿠치역,Q5366296,unique_korean_label,Wikidata CC0
溝口,미조구치역,Q6884677,unique_korean_label,Wikidata CC0
甲賀,고카역,Q5362404,unique_korean_label,Wikidata CC0
甲子園,고시엔역,Q6455288,unique_korean_label,Wikidata CC0
甲子園口,고시엔구치역,Q1073423,unique_korean_label,Wikidata CC0
甲州街道,고슈카이도역,Q6455297,unique_korean_label,Wikidata CC0
甲西,고세이역,Q5362028,unique_korean_label,Wikidata CC0
甲奴,고누역,Q6455250,unique_korean_label,Wikidata CC0
甲東園,고토엔역,Q6455321,unique_korean_label,Wikidata CC0
甲南,고난역,Q5362063,unique_korean_label,Wikidata CC0
甲南山手,고난야마테역,Q1042463,unique_korean_label,Wikidata CC0
甲斐岩間,가이이와마역,Q6347326,unique_korean_label,Wikidata CC0
甲斐住吉,가이스미요시역,Q11577858,unique_korean_label,Wikidata CC0
甲斐小泉,가이코이즈미역,Q3525778,unique_korean_label,Wikidata CC0
甲斐上野,가이우에노역,Q6347335,unique_korean_label,Wikidata CC0
甲斐常葉,가이토키와역,Q6347331,unique_korean_label,Wikidata CC0
甲斐大泉,가이오이즈미역,Q3558352,unique_korean_label,Wikidata CC0
甲斐大島,가이오시마역,Q5355357,unique_korean_label,Wikidata CC0
甲斐大和,가이야마토역,Q6347338,unique_korean_label,Wikidata CC0
甲府,고후역,Q1066072,unique_korean_label,Wikidata CC0
甲陽園,고요엔역,Q6455342,unique_korean_label,Wikidata CC0
甲立,고타치역,Q6455309,unique_korean_label,Wikidata CC0
糠沢,누카자와역,Q11604782,unique_korean_label,Wikidata CC0
糠南,누카난역,Q7068846,unique_korean_label,Wikidata CC0
綱島,쓰나시마역,Q7937387,unique_korean_label,Wikidata CC0
航空公園,고쿠코엔역,Q6455205,unique_korean_label,Wikidata CC0
荒井,아라이역,Q4783763,unique_korean_label,Wikidata CC0
荒屋新町,아라야신마치역,Q4784558,unique_korean_label,Wikidata CC0
荒子,아라코역,Q11618430,unique_korean_label,Wikidata CC0
荒子川公園,아라코가와코엔역,Q11618428,unique_korean_label,Wikidata CC0
荒川沖,아라카와오키역,Q4783823,unique_korean_label,Wikidata CC0
荒谷前,아라야마에역,Q3889764,unique_korean_label,Wikidata CC0
荒島,아라시마역,Q4784373,unique_korean_label,Wikidata CC0
荒畑,아라하타역,Q862961,unique_korean_label,Wikidata CC0
荒浜,아라하마역,Q4783750,unique_korean_label,Wikidata CC0
荒本,아라모토역,Q4784030,unique_korean_label,Wikidata CC0
荒木,아라키 역 (후쿠오카 현),Q4783838,unique_korean_label,Wikidata CC0
荒野台,고야다이역,Q6455333,unique_korean_label,Wikidata CC0
行橋,유쿠하시역,Q5360403,unique_korean_label,Wikidata CC0
行川アイランド,나메가와 아일랜드역,Q552818,unique_korean_label,Wikidata CC0
行田,교다역,Q845058,unique_korean_label,Wikidata CC0
行田市,교다시역,Q5625685,unique_korean_label,Wikidata CC0
行徳,교토쿠역,Q128806,unique_korean_label,Wikidata CC0
香久山,가구야마역,Q5361884,unique_korean_label,Wikidata CC0
香芝,가시바역,Q3655907,unique_korean_label,Wikidata CC0
香取,가토리역,Q6377809,unique_korean_label,Wikidata CC0
香住,가스미역,Q871756,unique_korean_label,Wikidata CC0
香春,가와라역,Q5360326,unique_korean_label,Wikidata CC0
香春口三萩野,가와라구치미하기노 역,Q6379680,unique_korean_label,Wikidata CC0
香西,고자이역,Q1704863,unique_korean_label,Wikidata CC0
香川,가가와역,Q6346410,unique_korean_label,Wikidata CC0
香椎,가시이 역,Q870605,unique_korean_label,Wikidata CC0
香椎花園前,가시이카엔마에역,Q6374289,unique_korean_label,Wikidata CC0
香椎宮前,가시이미야마에역,Q6374290,unique_korean_label,Wikidata CC0
香椎神宮,가시진구역,Q6374286,unique_korean_label,Wikidata CC0
香登,가가토역,Q6346384,unique_korean_label,Wikidata CC0
香櫨園,고로엔역,Q11667657,unique_korean_label,Wikidata CC0
香里園,고리엔역,Q1573207,unique_korean_label,Wikidata CC0
香呂,고로역,Q6455267,unique_korean_label,Wikidata CC0
高,다카역,Q7676973,unique_korean_label,Wikidata CC0
高の原,다카노하라역,Q7677191,unique_korean_label,Wikidata CC0
高安,다카야스역,Q3661638,unique_korean_label,Wikidata CC0
高安山,다카야스야마역,Q7677479,unique_korean_label,Wikidata CC0
高井戸,다카이도역,Q31309,unique_korean_label,Wikidata CC0
高井田,다카이다역,Q856508,unique_korean_label,Wikidata CC0
高井田中央,다카이다추오역,Q4385578,unique_korean_label,Wikidata CC0
高円寺,고엔지역,Q801056,unique_korean_label,Wikidata CC0
高遠原,다카토바라역,Q988988,unique_korean_label,Wikidata CC0
高横須賀,다카요코스카역,Q7677482,unique_korean_label,Wikidata CC0
高岡,다카오카역,Q871547,unique_korean_label,Wikidata CC0
高岡やぶなみ,다카오카야부나미역,Q28805225,unique_korean_label,Wikidata CC0
高屋,다카야역,Q7677459,unique_korean_label,Wikidata CC0
高角,다카쓰노역,Q4142974,unique_korean_label,Wikidata CC0
高岳,다카오카역,Q854707,unique_korean_label,Wikidata CC0
高岩,다카이와역,Q7677090,unique_korean_label,Wikidata CC0
高儀,다카기역,Q7677015,unique_korean_label,Wikidata CC0
高久,다카쿠역,Q872928,unique_korean_label,Wikidata CC0
高宮,다카미야역,Q7677150,unique_korean_label,Wikidata CC0
高橋,다카하시역,Q7677035,unique_korean_label,Wikidata CC0
高月,다카쓰키역,Q5365710,unique_korean_label,Wikidata CC0
高見ノ里,다카미노사토역,Q7677146,unique_korean_label,Wikidata CC0
高光,다카미쓰역,Q899560,unique_korean_label,Wikidata CC0
高根公団,다카네코단역,Q7677176,unique_korean_label,Wikidata CC0
高根木戸,다카네키도역,Q7677174,unique_korean_label,Wikidata CC0
高砂,다카사고역,Q872616,unique_korean_label,Wikidata CC0
高座渋谷,고자시부야역,Q4226172,unique_korean_label,Wikidata CC0
高坂,다카사카역,Q7677290,unique_korean_label,Wikidata CC0
高崎,다카사키역,Q801505,unique_korean_label,Wikidata CC0
高崎新田,다카사키신덴역,Q7677294,unique_korean_label,Wikidata CC0
高崎問屋町,다카사키톤야마치역,Q1652478,unique_korean_label,Wikidata CC0
高子,다카코역,Q11669124,unique_korean_label,Wikidata CC0
高師浜,다카시노하마역,Q7677402,unique_korean_label,Wikidata CC0
高取,다카도리역,Q7677429,unique_korean_label,Wikidata CC0
高松,다카마쓰역,Q860503,unique_korean_label,Wikidata CC0
高松築港,다카마쓰칫코역,Q11670492,unique_korean_label,Wikidata CC0
高松町,다카마쓰초역,Q4207615,unique_korean_label,Wikidata CC0
高城町,다카기마치역,Q7677017,unique_korean_label,Wikidata CC0
高水,다카미즈역,Q7677151,unique_korean_label,Wikidata CC0
高瀬,다카세역,Q5358752,unique_korean_label,Wikidata CC0
高石,다카이시역,Q7677086,unique_korean_label,Wikidata CC0
高蔵寺,고조지역,Q5359256,unique_korean_label,Wikidata CC0
高速神戸,고속 고베역,Q6455300,unique_korean_label,Wikidata CC0
高速長田,고속 나가타역,Q6455302,unique_korean_label,Wikidata CC0
高知,고치역,Q869293,unique_korean_label,Wikidata CC0
高知商業前,고치쇼교마에역,Q6455082,unique_korean_label,Wikidata CC0
高茶屋,다카차야역,Q5358114,unique_korean_label,Wikidata CC0
高津,다카쓰역,Q872015,unique_korean_label,Wikidata CC0
高塚,다카쓰카역,Q871086,unique_korean_label,Wikidata CC0
高槻,다카쓰키역,Q1071995,unique_korean_label,Wikidata CC0
高槻市,다카쓰키시역,Q3971073,unique_korean_label,Wikidata CC0
高田橋,다카다바시역,Q7676995,unique_korean_label,Wikidata CC0
高田市,다카다시역,Q7677000,unique_korean_label,Wikidata CC0
高田馬場,다카다노바바역,Q801506,unique_korean_label,Wikidata CC0
高田本山,다카다혼잔역,Q7676999,unique_korean_label,Wikidata CC0
高島,다카시마역,Q5360396,unique_korean_label,Wikidata CC0
高島町,다카시마초역,Q850673,unique_korean_label,Wikidata CC0
高島平,다카시마다이라역,Q1038971,unique_korean_label,Wikidata CC0
高鍋,다카나베역,Q5357588,unique_korean_label,Wikidata CC0
高萩,다카하기역,Q5353567,unique_korean_label,Wikidata CC0
高幡不動,다카하타후도역,Q1064614,unique_korean_label,Wikidata CC0
高畑,다카바타역,Q851002,unique_korean_label,Wikidata CC0
高畠,다카하타역,Q1137123,unique_korean_label,Wikidata CC0
高尾,다카오역,Q1065002,unique_korean_label,Wikidata CC0
高尾山口,다카오산구치역,Q4450115,unique_korean_label,Wikidata CC0
高浜,다카하마역,Q11671850,unique_korean_label,Wikidata CC0
高浜港,다카하마미나토역,Q7677018,unique_korean_label,Wikidata CC0
高木,다카기역,Q7677012,unique_korean_label,Wikidata CC0
高野下,고야시타역,Q6455338,unique_korean_label,Wikidata CC0
高野口,고야구치역,Q3525531,unique_korean_label,Wikidata CC0
高野川,고노카와역,Q898973,unique_korean_label,Wikidata CC0
高柳,다카야나기역,Q7677472,unique_korean_label,Wikidata CC0
高輪ゲートウェイ,다카나와 게이트웨이역,Q38278207,unique_korean_label,Wikidata CC0
高輪台,다카나와다이역,Q1040769,unique_korean_label,Wikidata CC0
高麗,고마 역 (사이타마 현),Q6428027,unique_korean_label,Wikidata CC0
高麗川,고마가와역,Q910599,unique_korean_label,Wikidata CC0
高鷲,다카와시역,Q7677455,unique_korean_label,Wikidata CC0
高擶,다카타마역,Q7677422,unique_korean_label,Wikidata CC0
鴻巣,고노스역,Q801054,unique_korean_label,Wikidata CC0
鴻池新田,고노이케신덴역,Q637397,unique_korean_label,Wikidata CC0
鴻野山,고노야마역,Q6455244,unique_korean_label,Wikidata CC0
剛志,고시역,Q5627764,unique_korean_label,Wikidata CC0
合戦場,갓센바역,Q6374725,unique_korean_label,Wikidata CC0
豪渓,고케이역,Q5627757,unique_korean_label,Wikidata CC0
豪徳寺,고토쿠지역,Q4147064,unique_korean_label,Wikidata CC0
麹町,고지마치역,Q331948,unique_korean_label,Wikidata CC0
国英,구니후사역,Q3610977,unique_korean_label,Wikidata CC0
国会議事堂前,곳카이기지도마에역,Q1192508,unique_korean_label,Wikidata CC0
国見,구니미역,Q6444706,unique_korean_label,Wikidata CC0
国際会館,고쿠사이카이칸역,Q919783,unique_korean_label,Wikidata CC0
国際展示場,고쿠사이텐지조역,Q841567,unique_korean_label,Wikidata CC0
国谷,구니야역,Q11421382,unique_korean_label,Wikidata CC0
国定,구니사다역,Q426096,unique_korean_label,Wikidata CC0
国道,고쿠도역,Q77872,unique_korean_label,Wikidata CC0
国府,고역,Q1067597,unique_korean_label_catalog,Wikidata CC0
国府宮,고노미야역,Q580707,unique_korean_label,Wikidata CC0
国府多賀城,고쿠후타가조역,Q898924,unique_korean_label,Wikidata CC0
国府台,고노다이역,Q6455240,unique_korean_label,Wikidata CC0
国府津,고즈역,Q865280,unique_korean_label,Wikidata CC0
国分,고쿠부역,Q5357374,unique_korean_label,Wikidata CC0
国分寺,고쿠분지역,Q251693,unique_korean_label,Wikidata CC0
国母,고쿠보역,Q6426880,unique_korean_label,Wikidata CC0
国縫,군누이역,Q864210,unique_korean_label,Wikidata CC0
国立,구니타치역,Q474512,unique_korean_label,Wikidata CC0
国立競技場,고쿠리쓰쿄기조역,Q275113,unique_korean_label,Wikidata CC0
国領,고쿠료역,Q4227494,unique_korean_label,Wikidata CC0
鵠沼,구게누마역,Q858839,unique_korean_label,Wikidata CC0
鵠沼海岸,구게누마카이간역,Q4244329,unique_korean_label,Wikidata CC0
黒井,구로이역,Q901138,unique_korean_label,Wikidata CC0
黒井村,구로이무라역,Q11678008,unique_korean_label,Wikidata CC0
黒磯,구로이소역,Q843174,unique_korean_label,Wikidata CC0
黒岩,구로이와역,Q864270,unique_korean_label,Wikidata CC0
黒江,구로에역,Q3455712,unique_korean_label,Wikidata CC0
黒坂,구로사카역,Q6446375,unique_korean_label,Wikidata CC0
黒崎,구로사키역,Q871645,unique_korean_label,Wikidata CC0
黒笹,구로자사역,Q6446455,unique_korean_label,Wikidata CC0
黒山,구로야마역,Q11678101,unique_korean_label,Wikidata CC0
黒子,구로고역,Q6446299,unique_korean_label,Wikidata CC0
黒松,구로마쓰역,Q6446346,unique_korean_label,Wikidata CC0
黒松内,구로마쓰나이역,Q864218,unique_korean_label,Wikidata CC0
黒川,구로카와역,Q4248710,unique_korean_label,Wikidata CC0
黒沢,구로사와역,Q8192361,unique_korean_label,Wikidata CC0
黒田,구로다역,Q11678723,unique_korean_label,Wikidata CC0
黒田原,구로다하라역,Q873269,unique_korean_label,Wikidata CC0
黒田庄,구로다쇼역,Q3096707,unique_korean_label,Wikidata CC0
黒姫,구로히메역,Q6446303,unique_korean_label,Wikidata CC0
黒部,구로베역,Q5359624,unique_korean_label,Wikidata CC0
黒部宇奈月温泉,구로베우나즈키온센역,Q7497114,unique_korean_label,Wikidata CC0
腰越,고시고에역,Q858923,unique_korean_label,Wikidata CC0
狛江,고마에역,Q4229429,unique_korean_label,Wikidata CC0
狛田,고마다역,Q6428039,unique_korean_label,Wikidata CC0
今伊勢,이마이세역,Q6002985,unique_korean_label,Wikidata CC0
今井,이마이역,Q5357138,unique_korean_label,Wikidata CC0
今井浜海岸,이마이하마카이간역,Q6002975,unique_korean_label,Wikidata CC0
今羽,곤바역,Q11377372,unique_korean_label,Wikidata CC0
今宮,이마미야역,Q1131355,unique_korean_label,Wikidata CC0
今宮戎,이마미야에비스역,Q6003186,unique_korean_label,Wikidata CC0
今橋,이마바시역,Q11377156,unique_korean_label,Wikidata CC0
今山,이마야마역,Q337862,unique_korean_label,Wikidata CC0
今市,이마이치역,Q8190599,unique_korean_label,Wikidata CC0
今治,이마바리역,Q875869,unique_korean_label,Wikidata CC0
今宿,이마주쿠역,Q5368227,unique_korean_label,Wikidata CC0
今出川,이마데가와역,Q2580129,unique_korean_label,Wikidata CC0
今庄,이마조역,Q5359962,unique_korean_label,Wikidata CC0
今川,이마가와역,Q6002049,unique_korean_label,Wikidata CC0
今泉,이마이즈미역,Q6002988,unique_korean_label,Wikidata CC0
今池,이마이케역,Q852173,unique_korean_label,Wikidata CC0
今津,이마즈역,Q5360300,unique_korean_label,Wikidata CC0
今福鶴見,이마후쿠쓰루미역,Q135348,unique_korean_label,Wikidata CC0
今別,이마베쓰역,Q6001932,unique_korean_label,Wikidata CC0
今里,이마자토역,Q949884,unique_korean_label,Wikidata CC0
昆布,곤부역,Q864378,unique_korean_label,Wikidata CC0
昆布盛,곤부모리역,Q900268,unique_korean_label,Wikidata CC0
根雨,네우역,Q7001376,unique_korean_label,Wikidata CC0
根岸,네기시역,Q801241,unique_korean_label,Wikidata CC0
根室,네무로역,Q848207,unique_korean_label,Wikidata CC0
根知,네치역,Q6985470,unique_korean_label,Wikidata CC0
根津,네즈역,Q390655,unique_korean_label,Wikidata CC0
根府川,네부카와역,Q865785,unique_korean_label,Wikidata CC0
根本,네모토역,Q6991333,unique_korean_label,Wikidata CC0
佐々木,사사키역,Q7424988,unique_korean_label,Wikidata CC0
佐屋,사야역,Q7429079,unique_korean_label,Wikidata CC0
佐賀,사가역,Q1042665,unique_korean_label,Wikidata CC0
佐貫,사누키역,Q865225,unique_korean_label,Wikidata CC0
佐貫町,사누키마치역,Q558870,unique_korean_label,Wikidata CC0
佐久,사쿠역,Q869335,unique_korean_label,Wikidata CC0
佐久海ノ口,사쿠우미노쿠치역,Q7403128,unique_korean_label,Wikidata CC0
佐久間,사쿠마역,Q776591,unique_korean_label,Wikidata CC0
佐久広瀬,사쿠히로세역,Q7403127,unique_korean_label,Wikidata CC0
佐久平,사쿠다이라역,Q1188565,unique_korean_label,Wikidata CC0
佐原,사와라역,Q5359841,unique_korean_label,Wikidata CC0
佐古,사코역,Q7403047,unique_korean_label,Wikidata CC0
佐古木,사코기역,Q7403042,unique_korean_label,Wikidata CC0
佐志生,사시우역,Q5359647,unique_korean_label,Wikidata CC0
佐世保,사세보역,Q848748,unique_korean_label,Wikidata CC0
佐倉,사쿠라 역 (지바 현),Q7403176,unique_korean_label,Wikidata CC0
佐津,사쓰역,Q871163,unique_korean_label,Wikidata CC0
佐土原,사도와라역,Q5360779,unique_korean_label,Wikidata CC0
佐奈,사나역,Q265438,unique_korean_label,Wikidata CC0
佐那具,사나구역,Q7415467,unique_korean_label,Wikidata CC0
佐伯,사이키역,Q5358770,unique_korean_label,Wikidata CC0
佐味田川,사미타가와역,Q7409577,unique_korean_label,Wikidata CC0
佐野,사노역,Q7418881,unique_korean_label,Wikidata CC0
佐野市,사노시역,Q7418896,unique_korean_label,Wikidata CC0
佐用,사요역,Q7429272,unique_korean_label,Wikidata CC0
佐里,사리역,Q2907403,unique_korean_label,Wikidata CC0
佐良山,사라야마역,Q7423458,unique_korean_label,Wikidata CC0
佐和,사와역,Q8011234,unique_korean_label,Wikidata CC0
嵯峨嵐山,사가아라시야마역,Q1044127,unique_korean_label,Wikidata CC0
左堰,히다리세키역,Q5751637,unique_korean_label,Wikidata CC0
左京山,사쿄야마역,Q7403238,unique_korean_label,Wikidata CC0
左沢,아테라자와역,Q4813118,unique_korean_label,Wikidata CC0
砂越,사고시역,Q7399356,unique_korean_label,Wikidata CC0
砂川,스나가와역,Q872776,unique_korean_label,Wikidata CC0
砂川七番,스나가와나나반역,Q7638759,unique_korean_label,Wikidata CC0
砂田橋,스나다바시역,Q903675,unique_korean_label,Wikidata CC0
座間,자마역,Q4160705,unique_korean_label,Wikidata CC0
最上,모가미역,Q2027908,unique_korean_label,Wikidata CC0
妻崎,쓰마자키역,Q7850124,unique_korean_label,Wikidata CC0
妻鹿,메가역,Q6808125,unique_korean_label,Wikidata CC0
彩都西,사이토니시역,Q3970757,unique_korean_label,Wikidata CC0
採銅所,사이도쇼역,Q5360276,unique_korean_label,Wikidata CC0
犀潟,사이가타역,Q901360,unique_korean_label,Wikidata CC0
斎宮,사이쿠역,Q7400129,unique_korean_label,Wikidata CC0
細岡,호소오카역,Q5908221,unique_korean_label,Wikidata CC0
細谷,호소야역,Q5908235,unique_korean_label,Wikidata CC0
細畑,호소바타역,Q5908176,unique_korean_label,Wikidata CC0
細野,호소노역,Q11606179,unique_korean_label,Wikidata CC0
細呂木,호소로기역,Q5359908,unique_korean_label,Wikidata CC0
菜畑,나바타역,Q11619979,unique_korean_label,Wikidata CC0
在良,아리요시역,Q11423991,unique_korean_label,Wikidata CC0
財光寺,자이코지역,Q898867,unique_korean_label,Wikidata CC0
財部,다카라베역,Q5357407,unique_korean_label,Wikidata CC0
坂,사카역,Q7402725,unique_korean_label,Wikidata CC0
坂ノ市,사카노이치역,Q5359526,unique_korean_label,Wikidata CC0
坂越,사코시역,Q4873356,unique_korean_label,Wikidata CC0
坂下,사카시타역,Q5359513,unique_korean_label,Wikidata CC0
坂元,사카모토역,Q7402807,unique_korean_label,Wikidata CC0
坂戸,사카도역,Q7402739,unique_korean_label,Wikidata CC0
坂根,사카네역,Q7402819,unique_korean_label,Wikidata CC0
坂祝,사카호기역,Q873142,unique_korean_label,Wikidata CC0
坂出,사카이데역,Q873215,unique_korean_label,Wikidata CC0
坂上,사카카미역,Q5357921,unique_korean_label,Wikidata CC0
坂城,사카키역,Q7402787,unique_korean_label,Wikidata CC0
坂町,사카마치역,Q7402797,unique_korean_label,Wikidata CC0
坂田,사카타역,Q1037076,unique_korean_label_catalog,Wikidata CC0
坂之上,사카노우에역,Q870838,unique_korean_label,Wikidata CC0
坂部,사카베역,Q7402735,unique_korean_label,Wikidata CC0
坂北,사카키타역,Q3883765,unique_korean_label,Wikidata CC0
坂本比叡山口,사카모토역,Q405082,unique_korean_label,Wikidata CC0
阪神国道,한신코쿠도역,Q5651101,unique_korean_label,Wikidata CC0
阪大病院前,한다이뵤인마에역,Q3969774,unique_korean_label,Wikidata CC0
阪東橋,반도바시역,Q852854,unique_korean_label,Wikidata CC0
堺,사카이역,Q7402765,unique_korean_label,Wikidata CC0
堺筋本町,사카이스지혼마치역,Q1074425,unique_korean_label,Wikidata CC0
堺市,사카이시역,Q615003,unique_korean_label,Wikidata CC0
堺田,사카이다역,Q1151505,unique_korean_label,Wikidata CC0
堺東,사카이히가시역,Q7402783,unique_korean_label,Wikidata CC0
榊原温泉口,사카키바라온센구치역,Q7402788,unique_korean_label,Wikidata CC0
咲花,사키하나역,Q11418295,unique_korean_label,Wikidata CC0
咲来,삿쿠루역,Q7403031,unique_korean_label,Wikidata CC0
崎守,사키모리역,Q7402984,unique_korean_label,Wikidata CC0
鷺ノ宮,사기노미야역,Q843170,unique_korean_label,Wikidata CC0
鷺沼,사기누마역,Q7399289,unique_korean_label,Wikidata CC0
作草部,사쿠사베역,Q7403224,unique_korean_label,Wikidata CC0
作並,사쿠나미역,Q7403152,unique_korean_label,Wikidata CC0
桜,사쿠라역,Q7403173,unique_korean_label,Wikidata CC0
桜ヶ丘,사쿠라가오카역,Q4405554,unique_korean_label,Wikidata CC0
桜ノ宮,사쿠라노미야역,Q1131330,unique_korean_label,Wikidata CC0
桜井,사쿠라이역,Q7403205,unique_korean_label,Wikidata CC0
桜岡,사쿠라오카역,Q8190663,unique_korean_label,Wikidata CC0
桜街道,사쿠라카이도역,Q7403154,unique_korean_label,Wikidata CC0
桜坂,사쿠라자카역,Q4357463,unique_korean_label,Wikidata CC0
桜山,사쿠라야마역,Q854684,unique_korean_label,Wikidata CC0
桜上水,사쿠라조스이역,Q842009,unique_korean_label,Wikidata CC0
桜新町,사쿠라신마치역,Q261870,unique_korean_label,Wikidata CC0
桜川,사쿠라가와역,Q126339,unique_korean_label,Wikidata CC0
桜台,사쿠라다이역,Q7403193,unique_korean_label,Wikidata CC0
桜沢,사쿠라자와역,Q3701568,unique_korean_label,Wikidata CC0
桜町,사쿠라마치역,Q985446,unique_korean_label,Wikidata CC0
桜町前,사쿠라마치마에역,Q7403215,unique_korean_label,Wikidata CC0
桜田門,사쿠라다몬역,Q277196,unique_korean_label,Wikidata CC0
桜島,사쿠라지마역,Q1042687,unique_korean_label,Wikidata CC0
桜本町,사쿠라혼마치역,Q858929,unique_korean_label,Wikidata CC0
桜木,사쿠라기역,Q7403200,unique_korean_label,Wikidata CC0
桜木町,사쿠라기초역,Q801396,unique_korean_label,Wikidata CC0
笹原,사사바루역,Q5359670,unique_korean_label,Wikidata CC0
笹原田,사사하라다역,Q7424980,unique_korean_label,Wikidata CC0
笹子,사사고역,Q7424971,unique_korean_label,Wikidata CC0
笹川,사사가와역,Q7424969,unique_korean_label,Wikidata CC0
笹津,사사즈역,Q7425014,unique_korean_label,Wikidata CC0
笹塚,사사즈카역,Q841861,unique_korean_label,Wikidata CC0
笹部,사사베역,Q7424961,unique_korean_label,Wikidata CC0
笹木野,사사키노역,Q7424994,unique_korean_label,Wikidata CC0
札苅,사쓰카리역,Q5360674,unique_korean_label,Wikidata CC0
札弦,삿쓰루역,Q7426547,unique_korean_label,Wikidata CC0
札的,삿테키역,Q7426525,unique_korean_label,Wikidata CC0
札内,사쓰나이역,Q899469,unique_korean_label,Wikidata CC0
札比内,삿피나이역,Q7421079,unique_korean_label,Wikidata CC0
札幌,삿포로역,Q801404,unique_korean_label,Wikidata CC0
薩摩塩屋,사쓰마시오야역,Q5374582,unique_korean_label,Wikidata CC0
薩摩今和泉,사쓰마이마이즈미역,Q873048,unique_korean_label,Wikidata CC0
薩摩松元,사쓰마마쓰모토역,Q5296625,unique_korean_label,Wikidata CC0
薩摩川尻,사쓰마카와시리역,Q7426498,unique_korean_label,Wikidata CC0
薩摩板敷,사쓰마이타시키역,Q5374483,unique_korean_label,Wikidata CC0
雑司が谷,조시가야역,Q128312,unique_korean_label,Wikidata CC0
雑色,조시키역,Q8076244,unique_korean_label,Wikidata CC0
雑餉隈,잣쇼노쿠마역,Q8067061,unique_korean_label,Wikidata CC0
鯖江,사바에역,Q5359863,unique_korean_label,Wikidata CC0
鯖瀬,사바세역,Q7395925,unique_korean_label,Wikidata CC0
鮫,사메역,Q6378987,unique_korean_label,Wikidata CC0
鮫洲,사메즈역,Q3019291,unique_korean_label,Wikidata CC0
三ケ根,산가네역,Q871473,unique_korean_label,Wikidata CC0
三ツ境,미쓰쿄역,Q11354006,unique_korean_label,Wikidata CC0
三ツ沢下町,미쓰자와시모초역,Q589920,unique_korean_label,Wikidata CC0
三ツ沢上町,미쓰자와카미초역,Q903553,unique_korean_label,Wikidata CC0
三つ峠,미쓰토게역,Q6883395,unique_korean_label,Wikidata CC0
三ノ輪,미노와역,Q1072979,unique_korean_label,Wikidata CC0
三井寺,미이데라역,Q6845413,unique_korean_label,Wikidata CC0
三井野原,미노하라역,Q6845439,unique_korean_label,Wikidata CC0
三厩,민마야역,Q6867880,unique_korean_label,Wikidata CC0
三浦,미우라역,Q6883687,unique_korean_label,Wikidata CC0
三浦海岸,미우라카이간역,Q5371356,unique_korean_label,Wikidata CC0
三雲,미쿠모역,Q5361729,unique_korean_label,Wikidata CC0
三越前,미쓰코시마에역,Q76898,unique_korean_label,Wikidata CC0
三岡,미쓰오카역,Q6883336,unique_korean_label,Wikidata CC0
三加茂,미카모역,Q6845701,unique_korean_label,Wikidata CC0
三河安城,미카와안조역,Q578691,unique_korean_label,Wikidata CC0
三河一宮,미카와이치노미야역,Q772219,unique_korean_label,Wikidata CC0
三河塩津,미카와시오쓰역,Q871647,unique_korean_label,Wikidata CC0
三河高浜,미카와타카하마역,Q6845751,unique_korean_label,Wikidata CC0
三河三谷,미카와미야역,Q871567,unique_korean_label,Wikidata CC0
三河鹿島,미카와카시마역,Q6845736,unique_korean_label,Wikidata CC0
三河上郷,미카와카미고역,Q6845737,unique_korean_label,Wikidata CC0
三河川合,미카와카와이역,Q774440,unique_korean_label,Wikidata CC0
三河大塚,미카와오쓰카역,Q872059,unique_korean_label,Wikidata CC0
三河大野,미카와오노역,Q773619,unique_korean_label,Wikidata CC0
三河知立,미카와치류역,Q6845742,unique_korean_label,Wikidata CC0
三河鳥羽,미카와토바역,Q6845738,unique_korean_label,Wikidata CC0
三河島,미카와시마역,Q865170,unique_korean_label,Wikidata CC0
三河東郷,미카와토고역,Q773025,unique_korean_label,Wikidata CC0
三河内,미카와치역,Q6845759,unique_korean_label,Wikidata CC0
三河八橋,미카와야쓰하시역,Q6845752,unique_korean_label,Wikidata CC0
三河豊田,미카와토요타역,Q6845739,unique_korean_label,Wikidata CC0
三河槙原,미카와마키하라역,Q774209,unique_korean_label,Wikidata CC0
三柿野,미카키노역,Q6845663,unique_korean_label,Wikidata CC0
三角,미스미역,Q8189975,unique_korean_label,Wikidata CC0
三間坂,미마사카역,Q5365283,unique_korean_label,Wikidata CC0
三関,미츠세키 역,Q6883371,unique_korean_label,Wikidata CC0
三宮・花時計前,산노미야하나도케이마에역,Q6542103,unique_korean_label,Wikidata CC0
三郷中央,미사토추오역,Q5368856,unique_korean_label,Wikidata CC0
三見,산미역,Q7409676,unique_korean_label,Wikidata CC0
三軒茶屋,산겐자야역,Q7417938,unique_korean_label,Wikidata CC0
三原,미하라역,Q1136514,unique_korean_label,Wikidata CC0
三戸,산노헤역,Q5357203,unique_korean_label,Wikidata CC0
三股,미마타역,Q5357483,unique_korean_label,Wikidata CC0
三好ケ丘,미요시가오카역,Q6884531,unique_korean_label,Wikidata CC0
三国,미쿠니역,Q866211,unique_korean_label,Wikidata CC0
三国が丘,미쿠니가오카역,Q11354716,unique_korean_label,Wikidata CC0
三国ヶ丘,미쿠니가오카역,Q1043732,unique_korean_label,Wikidata CC0
三妻,미쓰마역,Q6883297,unique_korean_label,Wikidata CC0
三才,산사이역,Q5356084,unique_korean_label,Wikidata CC0
三咲,미사키역,Q6875087,unique_korean_label,Wikidata CC0
三崎口,미사키구치역,Q846713,unique_korean_label,Wikidata CC0
三山木,미야마키역,Q6884315,unique_korean_label,Wikidata CC0
三次,미요시역,Q6884517,unique_korean_label,Wikidata CC0
三室戸,미무로도역,Q2339465,unique_korean_label,Wikidata CC0
三重町,미에마치역,Q11357714,unique_korean_label,Wikidata CC0
三春,미하루역,Q6845263,unique_korean_label,Wikidata CC0
三条京阪,산조케이한역,Q2645261,unique_korean_label,Wikidata CC0
三瀬,산제역,Q7420835,unique_korean_label,Wikidata CC0
三瀬谷,미세다니역,Q5357769,unique_korean_label,Wikidata CC0
三石,미쓰이시역,Q3611272,unique_korean_label,Wikidata CC0
三川,미카와역,Q6845746,unique_korean_label,Wikidata CC0
三鷹,미타카역,Q546655,unique_korean_label,Wikidata CC0
三鷹台,미타카다이역,Q4296577,unique_korean_label,Wikidata CC0
三滝,미타키역,Q11356618,unique_korean_label,Wikidata CC0
三宅八幡,미야케하치만역,Q10865749,unique_korean_label,Wikidata CC0
三津浜,미쓰하마역,Q899123,unique_korean_label,Wikidata CC0
三田本町,산다혼마치역,Q7415919,unique_korean_label,Wikidata CC0
三島,미시마역,Q375061,unique_korean_label,Wikidata CC0
三島広小路,미시마히로코지역,Q6875540,unique_korean_label,Wikidata CC0
三島田町,미시마타마치역,Q6875545,unique_korean_label,Wikidata CC0
三島二日町,미시마후쓰카마치역,Q11355227,unique_korean_label,Wikidata CC0
三苫,미토마역,Q11356991,unique_korean_label,Wikidata CC0
三縄,미나와역,Q901365,unique_korean_label,Wikidata CC0
三日月,미카즈키역,Q6845771,unique_korean_label,Wikidata CC0
三日市,밋카이치역,Q6849914,unique_korean_label,Wikidata CC0
三日市町,밋카이치초역,Q6849920,unique_korean_label,Wikidata CC0
三保三隅,미호미스미역,Q6845309,unique_korean_label,Wikidata CC0
三峰口,미쓰미네구치역,Q5969031,unique_korean_label,Wikidata CC0
三方,미카타역,Q6845725,unique_korean_label,Wikidata CC0
三本松,산본마쓰역,Q7409073,unique_korean_label,Wikidata CC0
三本松口,산본마쓰구치역,Q4208015,unique_korean_label,Wikidata CC0
三枚橋,산마이바시역,Q7409638,unique_korean_label,Wikidata CC0
三毛門,미케카도역,Q5360381,unique_korean_label,Wikidata CC0
三木,미키역,Q6849859,unique_korean_label,Wikidata CC0
三木上の丸,미키우에노마루역,Q6849869,unique_korean_label,Wikidata CC0
三木里,미키사토역,Q5357566,unique_korean_label,Wikidata CC0
三門,미카도역,Q564431,unique_korean_label,Wikidata CC0
三野瀬,미노세역,Q5357755,unique_korean_label,Wikidata CC0
三里木,산리기역,Q7418923,unique_korean_label,Wikidata CC0
三良坂,미라사카역,Q11356971,unique_korean_label,Wikidata CC0
三輪,미와역,Q5362082,unique_korean_label,Wikidata CC0
三輪崎,미와사키역,Q2584966,unique_korean_label,Wikidata CC0
三潴,미즈마역,Q6884863,unique_korean_label,Wikidata CC0
参宮橋,산구바시역,Q1010020,unique_korean_label,Wikidata CC0
山の街,야마노마치역,Q8047898,unique_korean_label,Wikidata CC0
山ノ内,야마노우치역,Q8047907,unique_korean_label,Wikidata CC0
山ノ目,야마노메역,Q899658,unique_korean_label,Wikidata CC0
山越,야마코시역,Q863029,unique_korean_label,Wikidata CC0
山王,산노역,Q7418867,unique_korean_label,Wikidata CC0
山下,야마시타역,Q8047946,unique_korean_label,Wikidata CC0
山家,야마가역,Q871068,unique_korean_label,Wikidata CC0
山科,야마시나역,Q1073287,unique_korean_label,Wikidata CC0
山河内,야마가와치역,Q8047629,unique_korean_label,Wikidata CC0
山岸,야마기시역,Q11467906,unique_korean_label,Wikidata CC0
山形,야마가타역,Q1135793,unique_korean_label,Wikidata CC0
山口,야마구치역,Q8047651,unique_korean_label,Wikidata CC0
山崎,야마자키역,Q1037335,unique_korean_label_catalog,Wikidata CC0
山寺,야마데라역,Q8047609,unique_korean_label,Wikidata CC0
山手,야마테역,Q801651,unique_korean_label,Wikidata CC0
山城青谷,야마시로아오다니역,Q1048994,unique_korean_label,Wikidata CC0
山城多賀,야마시로타가역,Q591754,unique_korean_label,Wikidata CC0
山吹,야마부키역,Q988643,unique_korean_label,Wikidata CC0
山瀬,야마세역,Q8047928,unique_korean_label,Wikidata CC0
山川,야마카와역,Q8047840,unique_korean_label,Wikidata CC0
山前,야마마에역,Q8047852,unique_korean_label,Wikidata CC0
山中渓,야마나카다니역,Q857428,unique_korean_label,Wikidata CC0
山田,야마다역,Q8047598,unique_korean_label,Wikidata CC0
山田上口,야마다카미구치역,Q93446,unique_korean_label,Wikidata CC0
山田西町,야마다니시마치역,Q901061,unique_korean_label,Wikidata CC0
山田川,야마다가와역,Q8047603,unique_korean_label,Wikidata CC0
山都,야마토역,Q13579106,unique_korean_label,Wikidata CC0
山之口,야마노쿠치역,Q5357273,unique_korean_label,Wikidata CC0
山部,야마베역,Q898849,unique_korean_label,Wikidata CC0
山方宿,야마가타주쿠역,Q8047626,unique_korean_label,Wikidata CC0
山北,야마키타역,Q5357538,unique_korean_label,Wikidata CC0
山陽塩屋,산요시오야역,Q7420814,unique_korean_label,Wikidata CC0
山陽魚住,산요우오즈미역,Q7420821,unique_korean_label,Wikidata CC0
山陽須磨,산요스마역,Q7420816,unique_korean_label,Wikidata CC0
山陽垂水,산요타루미역,Q7420819,unique_korean_label,Wikidata CC0
山陽曽根,산요소네역,Q7420815,unique_korean_label,Wikidata CC0
山陽天満,산요텐마역,Q7420796,unique_korean_label,Wikidata CC0
山陽姫路,산요히메지역,Q7420806,unique_korean_label,Wikidata CC0
山陽明石,산요아카시역,Q7420798,unique_korean_label,Wikidata CC0
山陽網干,산요아보시역,Q28812906,unique_korean_label,Wikidata CC0
山梨市,야마나시시역,Q8013369,unique_korean_label,Wikidata CC0
産業振興センター,산교신코센터역,Q7418197,unique_korean_label,Wikidata CC0
讃岐塩屋,사누키시오야역,Q5352754,unique_korean_label,Wikidata CC0
讃岐財田,사누키사이다역,Q900467,unique_korean_label,Wikidata CC0
讃岐相生,사누키아이오이역,Q7420740,unique_korean_label,Wikidata CC0
讃岐津田,사누키쓰다역,Q7420743,unique_korean_label,Wikidata CC0
讃岐白鳥,사누키시로토리역,Q7420742,unique_korean_label,Wikidata CC0
讃岐府中,사누키후추역,Q5115413,unique_korean_label,Wikidata CC0
讃岐牟礼,사누키무레역,Q7420741,unique_korean_label,Wikidata CC0
刺巻,사시마키역,Q7425133,unique_korean_label,Wikidata CC0
四ツ橋,요쓰바시역,Q291023,unique_korean_label,Wikidata CC0
四ツ小屋,요쓰고야역,Q8056427,unique_korean_label,Wikidata CC0
四ツ倉,요쓰쿠라역,Q2496668,unique_korean_label,Wikidata CC0
四ツ谷,요쓰야역,Q801654,unique_korean_label,Wikidata CC0
四ツ木,요쓰기역,Q8015357,unique_korean_label,Wikidata CC0
四街道,요쓰카이도역,Q8013017,unique_korean_label,Wikidata CC0
四宮,시노미야역,Q7497731,unique_korean_label,Wikidata CC0
四郷,시고역,Q3595062,unique_korean_label,Wikidata CC0
四条,시조역,Q2328455,unique_korean_label,Wikidata CC0
四条畷,시조나와테역,Q855755,unique_korean_label,Wikidata CC0
四谷三丁目,요쓰야 3초메역,Q1073207,unique_korean_label,Wikidata CC0
四辻,요쓰쓰지역,Q5358028,unique_korean_label,Wikidata CC0
四日市,욧카이치역,Q5358995,unique_korean_label,Wikidata CC0
四方津,시오쓰역,Q7497902,unique_korean_label,Wikidata CC0
四郎ケ原,시로가하라역,Q11420157,unique_korean_label,Wikidata CC0
士別,시베쓰역,Q900999,unique_korean_label,Wikidata CC0
姉ケ崎,아네가사키역,Q573432,unique_korean_label,Wikidata CC0
姉別,아네베쓰역,Q900646,unique_korean_label,Wikidata CC0
子安,고야스역,Q6435147,unique_korean_label,Wikidata CC0
子供の国,고도모노쿠니역,Q6425422,unique_korean_label,Wikidata CC0
市が尾,이치가오역,Q11479967,unique_korean_label,Wikidata CC0
市ケ谷,이치가야역,Q800947,unique_korean_label,Wikidata CC0
市ノ瀬,이치노세역,Q11479975,unique_korean_label,Wikidata CC0
市ノ川,이치노카와역,Q5986234,unique_korean_label,Wikidata CC0
市岡,이치오카역,Q5986277,unique_korean_label,Wikidata CC0
市原,이치하라역,Q5986135,unique_korean_label,Wikidata CC0
市城,이치시로역,Q5986324,unique_korean_label,Wikidata CC0
市場,이치바역,Q3095779,unique_korean_label,Wikidata CC0
市場前,시조마에역,Q859054,unique_korean_label,Wikidata CC0
市川,이치카와역,Q1067608,unique_korean_label,Wikidata CC0
市川塩浜,이치카와시오하마역,Q844441,unique_korean_label,Wikidata CC0
市川真間,이치카와마마역,Q5986159,unique_korean_label,Wikidata CC0
市川大門,이치카와다이몬역,Q5986151,unique_korean_label,Wikidata CC0
市川大野,이치카와오노역,Q2783576,unique_korean_label,Wikidata CC0
市川本町,이치카와혼마치역,Q11480328,unique_korean_label,Wikidata CC0
市大医学部,시다이이가쿠부역,Q7496125,unique_korean_label,Wikidata CC0
市棚,이치타나역,Q5357923,unique_korean_label,Wikidata CC0
市坪,이치쓰보역,Q899104,unique_korean_label,Wikidata CC0
市田,이치다역,Q987632,unique_korean_label,Wikidata CC0
市島,이치지마역,Q1043262,unique_korean_label,Wikidata CC0
市波,이치나미역,Q5986228,unique_korean_label,Wikidata CC0
市塙,이치하나역,Q5986130,unique_korean_label,Wikidata CC0
市尾,이치오역,Q5986275,unique_korean_label,Wikidata CC0
市布,이치누노역,Q5356149,unique_korean_label,Wikidata CC0
市民公園前,시민코엔마에역,Q7496864,unique_korean_label,Wikidata CC0
市民広場,시민히로바역,Q11480595,unique_korean_label,Wikidata CC0
市役所前,시야쿠쇼마에역,Q7499452,unique_korean_label,Wikidata CC0
市来,이치키역,Q5297389,unique_korean_label,Wikidata CC0
市立病院前,시립병원앞역,Q7571700,unique_korean_label,Wikidata CC0
志井公園,시이코엔역,Q5360370,unique_korean_label,Wikidata CC0
志賀,시가역,Q86873,unique_korean_label,Wikidata CC0
志賀本通,시가혼도리역,Q862276,unique_korean_label,Wikidata CC0
志紀,시키역,Q856440,unique_korean_label,Wikidata CC0
志久,시쿠역,Q11490824,unique_korean_label,Wikidata CC0
志染,시지미역,Q7496513,unique_korean_label,Wikidata CC0
志村坂上,시무라사카우에역,Q1039780,unique_korean_label,Wikidata CC0
志村三丁目,시무라 3초메 역,Q1039149,unique_korean_label,Wikidata CC0
志津,시즈역,Q7499472,unique_korean_label,Wikidata CC0
志都美,시즈미역,Q3655904,unique_korean_label,Wikidata CC0
志度,시도역,Q1441253,unique_korean_label,Wikidata CC0
志布志,시부시역,Q7496088,unique_korean_label,Wikidata CC0
志文,시분역,Q7496085,unique_korean_label,Wikidata CC0
志摩磯部,시마이소베역,Q7496801,unique_korean_label,Wikidata CC0
志摩横山,시마요코야마역,Q7496800,unique_korean_label,Wikidata CC0
志摩神明,시마신메이역,Q7496799,unique_korean_label,Wikidata CC0
志摩赤崎,시마아카사키역,Q1447107,unique_korean_label,Wikidata CC0
志茂,시모역,Q151416,unique_korean_label,Wikidata CC0
志木,시키역,Q5367643,unique_korean_label,Wikidata CC0
志和口,시와구치역,Q3611249,unique_korean_label,Wikidata CC0
志和地,시와치역,Q7499442,unique_korean_label,Wikidata CC0
思川,오모이가와역,Q7090612,unique_korean_label,Wikidata CC0
指宿,이부스키역,Q872956,unique_korean_label,Wikidata CC0
指扇,사시오기역,Q844454,unique_korean_label,Wikidata CC0
枝光,에다미쓰역,Q5335680,unique_korean_label,Wikidata CC0
止別,야무베쓰역,Q8048114,unique_korean_label,Wikidata CC0
氏家,우지이에역,Q872732,unique_korean_label,Wikidata CC0
私市,기사이치역,Q10858384,unique_korean_label,Wikidata CC0
糸井,이토이역,Q6094820,unique_korean_label,Wikidata CC0
糸貫,이토누키역,Q6094849,unique_korean_label,Wikidata CC0
糸魚川,이토이가와역,Q871596,unique_korean_label,Wikidata CC0
糸崎,이토자키역,Q5359011,unique_korean_label,Wikidata CC0
糸田,이토다역,Q11604855,unique_korean_label,Wikidata CC0
紫,무라사키역,Q6937369,unique_korean_label,Wikidata CC0
紫波中央,시와추오역,Q899721,unique_korean_label,Wikidata CC0
似内,니타나이역,Q4968676,unique_korean_label,Wikidata CC0
侍浜,사무라이하마역,Q6543142,unique_korean_label,Wikidata CC0
児玉,고다마역,Q845035,unique_korean_label,Wikidata CC0
児島,고지마역,Q4981057,unique_korean_label,Wikidata CC0
寺原,데라하라역,Q7701522,unique_korean_label,Wikidata CC0
寺庄,데라쇼역,Q5362939,unique_korean_label,Wikidata CC0
寺前,데라마에역,Q7701559,unique_korean_label,Wikidata CC0
寺田,데라다역,Q7701503,unique_korean_label,Wikidata CC0
寺田町,데라다초역,Q1131188,unique_korean_label,Wikidata CC0
寺内,데라우치역,Q7701643,unique_korean_label,Wikidata CC0
寺泊,데라도마리역,Q7701514,unique_korean_label,Wikidata CC0
寺尾,데라오역,Q7701583,unique_korean_label,Wikidata CC0
寺本,데라모토역,Q7701565,unique_korean_label,Wikidata CC0
慈眼寺,지겐지역,Q869268,unique_korean_label,Wikidata CC0
持田,모치다역,Q3701544,unique_korean_label,Wikidata CC0
時又,도키마타역,Q984977,unique_korean_label,Wikidata CC0
次郎丸,지로마루역,Q4357306,unique_korean_label,Wikidata CC0
滋賀里,시가사토역,Q7496309,unique_korean_label,Wikidata CC0
滋野,시게노역,Q7496352,unique_korean_label,Wikidata CC0
治良門橋,지로엔바시역,Q6203113,unique_korean_label,Wikidata CC0
耳成,미미나시역,Q6862256,unique_korean_label,Wikidata CC0
自衛隊前,지에이타이마에역,Q1305842,unique_korean_label,Wikidata CC0
自治医大,지치이다이역,Q873156,unique_korean_label,Wikidata CC0
自由が丘,지유가오카 역 (도쿄 도),Q800972,unique_korean_label,Wikidata CC0
自由ヶ丘,지유가오카역,Q841857,unique_korean_label,Wikidata CC0
蒔田,마이타역,Q579091,unique_korean_label,Wikidata CC0
汐ノ宮,시오노미야역,Q7497889,unique_korean_label,Wikidata CC0
汐見橋,시오미바시역,Q7497881,unique_korean_label,Wikidata CC0
汐入,시오이리역,Q7497872,unique_korean_label,Wikidata CC0
汐留,시오도메역,Q1063299,unique_korean_label,Wikidata CC0
鹿ノ谷,시카노타니역,Q7496539,unique_korean_label,Wikidata CC0
鹿家,시카카역,Q7496531,unique_korean_label,Wikidata CC0
鹿角花輪,가즈노하나와역,Q6381606,unique_korean_label,Wikidata CC0
鹿妻,가즈마역,Q6381548,unique_korean_label,Wikidata CC0
鹿児島,가고시마역,Q874167,unique_korean_label,Wikidata CC0
鹿児島中央,가고시마 중앙역,Q1316913,unique_korean_label,Wikidata CC0
鹿沼,가누마역,Q6365667,unique_korean_label,Wikidata CC0
鹿瀬,가노세역,Q6364290,unique_korean_label,Wikidata CC0
鹿渡,가도역,Q6345630,unique_korean_label,Wikidata CC0
鹿島,가시마역,Q6374317,unique_korean_label,Wikidata CC0
鹿島サッカースタジアム,가시마 사커 스타디움역,Q6374316,unique_korean_label,Wikidata CC0
鹿島旭,가시마아사히역,Q6374302,unique_korean_label,Wikidata CC0
鹿島神宮,가시마진구역,Q5359650,unique_korean_label,Wikidata CC0
鹿島台,가시마다이역,Q899018,unique_korean_label,Wikidata CC0
鹿島大野,가시마오노역,Q6374304,unique_korean_label,Wikidata CC0
鹿島田,가시마다역,Q5367917,unique_korean_label,Wikidata CC0
鹿島灘,가시마나다역,Q6374320,unique_korean_label,Wikidata CC0
鹿討,시카우치역,Q7496569,unique_korean_label,Wikidata CC0
鹿部,시카베역,Q898599,unique_korean_label,Wikidata CC0
鹿又,가노마타역,Q7936805,unique_korean_label,Wikidata CC0
鴫野,시기노역,Q180485,unique_korean_label,Wikidata CC0
宍戸,시시도역,Q7499075,unique_korean_label,Wikidata CC0
宍道,신지역,Q3611061,unique_korean_label,Wikidata CC0
雫石,시즈쿠이시역,Q1137479,unique_korean_label,Wikidata CC0
七井,나나이역,Q6962361,unique_korean_label,Wikidata CC0
七久保,나나쿠보역,Q989071,unique_korean_label,Wikidata CC0
七隈,나나쿠마역,Q4357056,unique_korean_label,Wikidata CC0
七軒茶屋,시치켄자야역,Q7496103,unique_korean_label,Wikidata CC0
七戸十和田,시치노헤토와다역,Q1136467,unique_korean_label,Wikidata CC0
七光台,나나코다이역,Q6962405,unique_korean_label,Wikidata CC0
七重浜,나나에하마역,Q5364820,unique_korean_label,Wikidata CC0
七条,시치조역,Q2153254,unique_korean_label,Wikidata CC0
七塚,나나쓰카역,Q6962441,unique_korean_label,Wikidata CC0
七道,시치도역,Q5567705,unique_korean_label,Wikidata CC0
七日町,나누카마치역,Q6964422,unique_korean_label,Wikidata CC0
七飯,나나에역,Q1049300,unique_korean_label,Wikidata CC0
七尾,나나오역,Q6962435,unique_korean_label,Wikidata CC0
七宝,싯포역,Q7498093,unique_korean_label,Wikidata CC0
七里,나나사토역,Q6962432,unique_korean_label,Wikidata CC0
七里ヶ浜,시치리가하마역,Q858960,unique_korean_label,Wikidata CC0
七和,나나와역,Q11353431,unique_korean_label,Wikidata CC0
室見,무로미역,Q4357442,unique_korean_label,Wikidata CC0
室生口大野,무로구치오노역,Q6939872,unique_korean_label,Wikidata CC0
室蘭,무로란역,Q6938861,unique_korean_label,Wikidata CC0
漆山,우루시야마역,Q7901562,unique_korean_label,Wikidata CC0
実籾,미모미역,Q6862305,unique_korean_label,Wikidata CC0
篠ノ井,시노노이역,Q5357193,unique_korean_label,Wikidata CC0
篠栗,사사구리역,Q7424975,unique_korean_label,Wikidata CC0
篠原,시노하라역,Q1042696,unique_korean_label_catalog,Wikidata CC0
篠崎,시노자키역,Q1043876,unique_korean_label,Wikidata CC0
篠山口,사사야마구치역,Q966175,unique_korean_label,Wikidata CC0
篠塚,시노즈카역,Q7497734,unique_korean_label,Wikidata CC0
篠目,시노메역,Q7497729,unique_korean_label,Wikidata CC0
篠路,시노로역,Q2491059,unique_korean_label,Wikidata CC0
柴橋,시바하시역,Q7496008,unique_korean_label,Wikidata CC0
柴崎,시바사키역,Q4418205,unique_korean_label,Wikidata CC0
柴崎体育館,시바사키타이이쿠칸역,Q7496025,unique_korean_label,Wikidata CC0
柴山,시바야마역,Q872074,unique_korean_label,Wikidata CC0
柴宿,시바주쿠역,Q7496014,unique_korean_label,Wikidata CC0
柴田,시바타역,Q7496028,unique_korean_label,Wikidata CC0
柴島,구니지마역,Q6444676,unique_korean_label,Wikidata CC0
柴平,시바히라역,Q7496012,unique_korean_label,Wikidata CC0
柴又,시바마타역,Q7496017,unique_korean_label,Wikidata CC0
芝浦ふ頭,시바우라후토역,Q858865,unique_korean_label,Wikidata CC0
芝公園,시바코엔역,Q905609,unique_korean_label,Wikidata CC0
芝山千代田,시바야마치요다역,Q846391,unique_korean_label,Wikidata CC0
芝川,시바카와역,Q5356141,unique_korean_label,Wikidata CC0
舎人,도네리역,Q7820886,unique_korean_label,Wikidata CC0
舎人公園,도네리코엔역,Q7820883,unique_korean_label,Wikidata CC0
社家,샤케역,Q7462638,unique_korean_label,Wikidata CC0
社台,샤다이역,Q7460232,unique_korean_label,Wikidata CC0
社町,야시로초역,Q3098102,unique_korean_label,Wikidata CC0
車道,구루마미치역,Q858916,unique_korean_label,Wikidata CC0
蛇田,헤비타역,Q5695790,unique_korean_label,Wikidata CC0
尺土,샤쿠도역,Q7487088,unique_korean_label,Wikidata CC0
若井,와카이역,Q7960771,unique_korean_label,Wikidata CC0
若宮,와카미야역,Q7960796,unique_korean_label,Wikidata CC0
若狭高浜,와카사타카하마역,Q7960833,unique_korean_label,Wikidata CC0
若狭本郷,와카사혼고역,Q7960831,unique_korean_label,Wikidata CC0
若狭有田,와카사아리타역,Q4982270,unique_korean_label,Wikidata CC0
若狭和田,와카사와다역,Q7960834,unique_korean_label,Wikidata CC0
若栗,와카구리역,Q7960765,unique_korean_label,Wikidata CC0
若江岩田,와카에이와타역,Q7960755,unique_korean_label,Wikidata CC0
若松,와카마쓰역,Q7960787,unique_korean_label,Wikidata CC0
若松河田,와카마쓰카와다역,Q246173,unique_korean_label,Wikidata CC0
若葉,와카바역,Q7960744,unique_korean_label,Wikidata CC0
若葉台,와카바다이역,Q4102591,unique_korean_label,Wikidata CC0
若林,와카바야시역,Q7960747,unique_korean_label,Wikidata CC0
取手,도리데역,Q847830,unique_korean_label,Wikidata CC0
守口,모리구치역,Q83608,unique_korean_label,Wikidata CC0
守口市,모리구치시역,Q888039,unique_korean_label,Wikidata CC0
守恒,모리쓰네 역,Q6912378,unique_korean_label,Wikidata CC0
守山,모리야마역,Q1042787,unique_korean_label,Wikidata CC0
守山自衛隊前,모리야마지에이타이마에역,Q6912440,unique_korean_label,Wikidata CC0
守谷,모리야역,Q5371869,unique_korean_label,Wikidata CC0
手ノ子,데노코역,Q7700549,unique_korean_label,Wikidata CC0
手稲,데이네역,Q1039025,unique_korean_label,Wikidata CC0
手原,데하라역,Q5362482,unique_korean_label,Wikidata CC0
手樽,데타루역,Q7706029,unique_korean_label,Wikidata CC0
手柄,데가라역,Q372107,unique_korean_label,Wikidata CC0
手柄山平和公園,데가라야마헤이와코엔역,Q135906413,unique_korean_label,Wikidata CC0
手力,데지카라역,Q7695230,unique_korean_label,Wikidata CC0
狩場沢,가리바사와역,Q6370477,unique_korean_label,Wikidata CC0
狩生,가리우역,Q5358631,unique_korean_label,Wikidata CC0
狩川,가리카와역,Q6370520,unique_korean_label,Wikidata CC0
狩留家,가루가역,Q6373606,unique_korean_label,Wikidata CC0
種差海岸,다네사시카이간역,Q6543173,unique_korean_label,Wikidata CC0
種市,다네이치역,Q6543151,unique_korean_label,Wikidata CC0
酒々井,시스이역,Q7499126,unique_korean_label,Wikidata CC0
酒折,사카오리역,Q7402824,unique_korean_label,Wikidata CC0
酒殿,사카도역,Q7402737,unique_korean_label,Wikidata CC0
酒田,사카타역,Q11315202,unique_korean_label,Wikidata CC0
首里,슈리역,Q841561,unique_korean_label,Wikidata CC0
寿,고토부키역,Q6434150,unique_korean_label,Wikidata CC0
周参見,스사미역,Q2748626,unique_korean_label,Wikidata CC0
周船寺,스센지역,Q5367396,unique_korean_label,Wikidata CC0
周布,스후역,Q3701458,unique_korean_label,Wikidata CC0
周防下郷,스오시모고역,Q7651565,unique_korean_label,Wikidata CC0
周防花岡,스오하나오카역,Q7651556,unique_korean_label,Wikidata CC0
周防久保,스오쿠보역,Q7651558,unique_korean_label,Wikidata CC0
周防高森,스오타카모리역,Q7651563,unique_korean_label,Wikidata CC0
周防佐山,스오사야마역,Q7651560,unique_korean_label,Wikidata CC0
宗吾参道,소고산도역,Q7667572,unique_korean_label,Wikidata CC0
宗太郎,소타로역,Q5358009,unique_korean_label,Wikidata CC0
宗道,소도역,Q7667565,unique_korean_label,Wikidata CC0
修学院,슈가쿠인역,Q7506264,unique_korean_label,Wikidata CC0
修善寺,슈젠지역,Q7505799,unique_korean_label,Wikidata CC0
洲先,스자키역,Q7650660,unique_korean_label,Wikidata CC0
秋山,아키야마역,Q858983,unique_korean_label,Wikidata CC0
秋川,아키가와역,Q4700907,unique_korean_label,Wikidata CC0
秋津,아키쓰역,Q842513,unique_korean_label,Wikidata CC0
秋田,아키타역,Q1316396,unique_korean_label,Wikidata CC0
秋葉原,아키하바라역,Q800374,unique_korean_label,Wikidata CC0
習志野,나라시노역,Q6965411,unique_korean_label,Wikidata CC0
舟形,후나가타역,Q5508714,unique_korean_label,Wikidata CC0
蹴上,게아게역,Q1004370,unique_korean_label,Wikidata CC0
住ノ江,스미노에역,Q7637134,unique_korean_label,Wikidata CC0
住吉,스미요시역,Q1131199,unique_korean_label,Wikidata CC0
住吉大社,스미요시타이샤역,Q7637174,unique_korean_label,Wikidata CC0
住吉町,스미요시초역,Q7637172,unique_korean_label,Wikidata CC0
住吉東,스미요시히가시역,Q7637175,unique_korean_label,Wikidata CC0
住道,스미노도역,Q855831,unique_korean_label,Wikidata CC0
住之江公園,스미노에코엔역,Q126046,unique_korean_label,Wikidata CC0
十王,주오역,Q5353561,unique_korean_label,Wikidata CC0
十九条,주쿠조역,Q11404786,unique_korean_label,Wikidata CC0
十三,주소역,Q866163,unique_korean_label,Wikidata CC0
十勝清水,도카치시미즈역,Q899142,unique_korean_label,Wikidata CC0
十村,도무라역,Q7820418,unique_korean_label,Wikidata CC0
十島,도시마역,Q7862731,unique_korean_label,Wikidata CC0
十二橋,주니쿄역,Q6322340,unique_korean_label,Wikidata CC0
十二兼,주니카네역,Q5359491,unique_korean_label,Wikidata CC0
十二湖,주니코역,Q6322342,unique_korean_label,Wikidata CC0
十二所,주니쇼역,Q11404801,unique_korean_label,Wikidata CC0
十日市場,도카이치바역,Q844640,unique_korean_label,Wikidata CC0
十日町,도카마치역,Q7862688,unique_korean_label,Wikidata CC0
十弗,도후쓰역,Q899642,unique_korean_label,Wikidata CC0
十文字,주몬지역,Q6322326,unique_korean_label,Wikidata CC0
十和田南,도와다미나미역,Q7829526,unique_korean_label,Wikidata CC0
渋川,시부카와역,Q864146,unique_korean_label,Wikidata CC0
渋沢,시부사와역,Q4418411,unique_korean_label,Wikidata CC0
渋谷,시부야역,Q428811,unique_korean_label,Wikidata CC0
渋木,시부키역,Q7496084,unique_korean_label,Wikidata CC0
重安,시게야스역,Q7496414,unique_korean_label,Wikidata CC0
重岡,시게오카역,Q5357673,unique_korean_label,Wikidata CC0
重原,시게하라역,Q7496319,unique_korean_label,Wikidata CC0
重富,시게토미역,Q5373899,unique_korean_label,Wikidata CC0
夙川,슈쿠가와역,Q7504863,unique_korean_label,Wikidata CC0
宿河原,슈쿠가와라역,Q5366653,unique_korean_label,Wikidata CC0
宿戸,슈쿠노헤역,Q6543349,unique_korean_label,Wikidata CC0
祝園,호소노역,Q855574,unique_korean_label,Wikidata CC0
出雲横田,이즈모요코타역,Q11395894,unique_korean_label,Wikidata CC0
出雲坂根,이즈모사카네역,Q6102403,unique_korean_label,Wikidata CC0
出雲崎,이즈모자키역,Q6102426,unique_korean_label,Wikidata CC0
出雲三成,이즈모미나리역,Q6102396,unique_korean_label,Wikidata CC0
出雲市,이즈모시역,Q860288,unique_korean_label,Wikidata CC0
出雲神西,이즈모진자이역,Q5356623,unique_korean_label,Wikidata CC0
出雲大東,이즈모다이토역,Q11395862,unique_korean_label,Wikidata CC0
出雲八代,이즈모야시로역,Q6102418,unique_korean_label,Wikidata CC0
出屋敷,데야시키역,Q5268529,unique_korean_label,Wikidata CC0
出戸,데토역,Q151413,unique_korean_label,Wikidata CC0
出戸浜,데토하마역,Q11395640,unique_korean_label,Wikidata CC0
出水,이즈미역,Q1136682,unique_korean_label,Wikidata CC0
出町柳,데마치야나기역,Q2256123,unique_korean_label,Wikidata CC0
出馬,이즌마역,Q774823,unique_korean_label,Wikidata CC0
出目,이즈메역,Q4388378,unique_korean_label,Wikidata CC0
出来島,데키지마역,Q2799364,unique_korean_label,Wikidata CC0
俊徳道,슌토쿠미치역,Q1928015,unique_korean_label,Wikidata CC0
春賀,하루카역,Q898949,unique_korean_label,Wikidata CC0
春江,하루에역,Q5359897,unique_korean_label,Wikidata CC0
春田,하루타역,Q5359282,unique_korean_label,Wikidata CC0
春日,가스가역,Q5359417,unique_korean_label,Wikidata CC0
春日井,가스가이역,Q5359327,unique_korean_label,Wikidata CC0
春日居町,가스가이초역,Q6374879,unique_korean_label,Wikidata CC0
春日原,가스가바루역,Q6374872,unique_korean_label,Wikidata CC0
春日山,가스가야마역,Q5356614,unique_korean_label,Wikidata CC0
春日川,가스가가와역,Q11513610,unique_korean_label,Wikidata CC0
春日部,가스카베역,Q842446,unique_korean_label,Wikidata CC0
春日野道,가스가노미치역,Q6374883,unique_korean_label,Wikidata CC0
春木,하루키역,Q5675723,unique_korean_label,Wikidata CC0
春木場,하루키바역,Q5675737,unique_korean_label,Wikidata CC0
駿河小山,스루가오야마역,Q5357361,unique_korean_label,Wikidata CC0
楯山,다테야마역,Q7688025,unique_korean_label,Wikidata CC0
初芝,하쓰시바역,Q5681906,unique_korean_label,Wikidata CC0
初狩,하쓰카리역,Q5681866,unique_korean_label,Wikidata CC0
初石,하쓰이시역,Q5681846,unique_korean_label,Wikidata CC0
初台,하쓰다이역,Q4496691,unique_korean_label,Wikidata CC0
初島,하쓰시마역,Q3381832,unique_korean_label,Wikidata CC0
初富,하쓰토미역,Q5367450,unique_korean_label,Wikidata CC0
初野,하쓰노역,Q8190282,unique_korean_label,Wikidata CC0
所沢,도코로자와역,Q842569,unique_korean_label,Wikidata CC0
曙橋,아케보노바시역,Q128308,unique_korean_label,Wikidata CC0
渚,나기사역,Q5358380,unique_korean_label,Wikidata CC0
庶路,쇼로역,Q899373,unique_korean_label,Wikidata CC0
緒川,오가와역,Q7079854,unique_korean_label,Wikidata CC0
緒方,오가타역,Q7079847,unique_korean_label,Wikidata CC0
諸寄,모로요세역,Q899634,unique_korean_label,Wikidata CC0
女子大,조시다이역,Q11446373,unique_korean_label,Wikidata CC0
女鹿,메가역,Q6808127,unique_korean_label,Wikidata CC0
女川,오나가와역,Q7091663,unique_korean_label,Wikidata CC0
女満別,메만베쓰역,Q6814192,unique_korean_label,Wikidata CC0
勝どき,가치도키역,Q246191,unique_korean_label,Wikidata CC0
勝浦,가쓰우라역,Q553034,unique_korean_label,Wikidata CC0
勝間,가쓰마역,Q6378126,unique_korean_label,Wikidata CC0
勝間田,가쓰마다역,Q3661626,unique_korean_label,Wikidata CC0
勝原,가도하라역,Q11400191,unique_korean_label,Wikidata CC0
勝沼ぶどう郷,가쓰누마부도쿄역,Q6378166,unique_korean_label,Wikidata CC0
勝瑞,쇼즈이역,Q8190586,unique_korean_label,Wikidata CC0
勝川,가치가와역,Q5359249,unique_korean_label,Wikidata CC0
勝田,가쓰타역,Q859695,unique_korean_label,Wikidata CC0
勝田台,가쓰타다이역,Q4502157,unique_korean_label,Wikidata CC0
勝幡,쇼바타역,Q7499776,unique_korean_label,Wikidata CC0
勝木,가쓰기역,Q5527499,unique_korean_label,Wikidata CC0
勝野,가쓰노역,Q6378150,unique_korean_label,Wikidata CC0
升形,마스카타역,Q6785676,unique_korean_label,Wikidata CC0
将軍山,쇼군잔역,Q7506124,unique_korean_label,Wikidata CC0
小井川,고이카와역,Q6426275,unique_korean_label,Wikidata CC0
小塩江,오시오에역,Q11459562,unique_korean_label,Wikidata CC0
小屋の畑,고야노하타역,Q6435143,unique_korean_label,Wikidata CC0
小屋浦,고야우라역,Q6435148,unique_korean_label,Wikidata CC0
小海,고우미역,Q6434616,unique_korean_label,Wikidata CC0
小垣江,오가키에역,Q7079799,unique_korean_label,Wikidata CC0
小岩,고이와역,Q1067969,unique_korean_label,Wikidata CC0
小岩井,고이와이역,Q6426387,unique_korean_label,Wikidata CC0
小岩川,고이와가와역,Q6426382,unique_korean_label,Wikidata CC0
小机,고즈쿠에역,Q909994,unique_korean_label,Wikidata CC0
小宮,고미야역,Q844334,unique_korean_label,Wikidata CC0
小牛田,고고타역,Q899134,unique_korean_label,Wikidata CC0
小金井,고가네이역,Q861505,unique_korean_label,Wikidata CC0
小串,고구시역,Q6425830,unique_korean_label,Wikidata CC0
小串郷,오구시고역,Q7080305,unique_korean_label,Wikidata CC0
小月,오즈키역,Q3611296,unique_korean_label,Wikidata CC0
小絹,고키누역,Q6426642,unique_korean_label,Wikidata CC0
小見川,오미가와역,Q7090185,unique_korean_label,Wikidata CC0
小原,오바라역,Q7074633,unique_korean_label,Wikidata CC0
小江,오에역,Q5355652,unique_korean_label,Wikidata CC0
小高,오다카역,Q7077237,unique_korean_label,Wikidata CC0
小国,오구니역,Q7080290,unique_korean_label,Wikidata CC0
小佐越,고사고에역,Q6432945,unique_korean_label,Wikidata CC0
小佐野,고사노역,Q3893007,unique_korean_label,Wikidata CC0
小砂川,고사가와역,Q6432944,unique_korean_label,Wikidata CC0
小坂井,고자카이역,Q771874,unique_korean_label,Wikidata CC0
小作,오자쿠역,Q7116441,unique_korean_label,Wikidata CC0
小山,오야마역,Q801312,unique_korean_label,Wikidata CC0
小山田,오야마다역,Q4968685,unique_korean_label,Wikidata CC0
小室,고무로역,Q6428666,unique_korean_label,Wikidata CC0
小手指,고테사시역,Q6433936,unique_korean_label,Wikidata CC0
小出,고이데역,Q3660515,unique_korean_label,Wikidata CC0
小諸,고모로역,Q6428516,unique_korean_label,Wikidata CC0
小松,고마쓰역,Q5359990,unique_korean_label,Wikidata CC0
小松川,고마쓰카와역,Q6428220,unique_korean_label,Wikidata CC0
小城,오기역,Q11459485,unique_korean_label,Wikidata CC0
小森江,고모리에역,Q5360818,unique_korean_label,Wikidata CC0
小針,고바리역,Q6424268,unique_korean_label,Wikidata CC0
小杉,고스기역,Q6433616,unique_korean_label,Wikidata CC0
小菅,고스게역,Q6433611,unique_korean_label,Wikidata CC0
小千谷,오지야역,Q3698840,unique_korean_label,Wikidata CC0
小川郷,오가와고역,Q7079855,unique_korean_label,Wikidata CC0
小川原,고가와라역,Q5357185,unique_korean_label,Wikidata CC0
小川町,오가와마치역,Q844858,unique_korean_label,Wikidata CC0
小泉,고이즈미역,Q6426396,unique_korean_label,Wikidata CC0
小泉町,고이즈미마치역,Q6426398,unique_korean_label,Wikidata CC0
小前田,오마에다역,Q7089376,unique_korean_label,Wikidata CC0
小倉台,오구라다이역,Q7080299,unique_korean_label,Wikidata CC0
小村井,오무라이역,Q7090805,unique_korean_label,Wikidata CC0
小村神社前,오무라진자마에역,Q7090804,unique_korean_label,Wikidata CC0
小滝,고타키역,Q6433853,unique_korean_label,Wikidata CC0
小沢,고자와역,Q864238,unique_korean_label,Wikidata CC0
小樽,오타루역,Q1152093,unique_korean_label,Wikidata CC0
小樽築港,오타루칫코역,Q1045805,unique_korean_label,Wikidata CC0
小竹,고타케역,Q6433850,unique_korean_label,Wikidata CC0
小竹向原,고타케무카이하라역,Q93684,unique_korean_label,Wikidata CC0
小中,고나카역,Q6428729,unique_korean_label,Wikidata CC0
小中野,고나카노역,Q6393603,unique_korean_label,Wikidata CC0
小町屋,고마치야역,Q989791,unique_korean_label,Wikidata CC0
小長井,고나가이역,Q6428718,unique_korean_label,Wikidata CC0
小鶴新田,고즈루신덴역,Q6435392,unique_korean_label,Wikidata CC0
小伝馬町,고덴마초역,Q1072970,unique_korean_label,Wikidata CC0
小田,오다역,Q5356502,unique_korean_label,Wikidata CC0
小田栄,오다사카에역,Q21020014,unique_korean_label,Wikidata CC0
小田急相模原,오다큐사가미하라역,Q4331335,unique_korean_label,Wikidata CC0
小田原,오다와라역,Q801290,unique_korean_label,Wikidata CC0
小田林,오타바야시역,Q7108331,unique_korean_label,Wikidata CC0
小田渕,오다부치역,Q7077218,unique_korean_label,Wikidata CC0
小奴可,오누카역,Q7095091,unique_korean_label,Wikidata CC0
小島,오시마역,Q7106623,unique_korean_label,Wikidata CC0
小島新田,고지마신덴역,Q6426486,unique_korean_label,Wikidata CC0
小島谷,오지마야역,Q7081632,unique_korean_label,Wikidata CC0
小内海,고치우미역,Q6434466,unique_korean_label,Wikidata CC0
小波瀬西工大前,오바세니시코다이마에역,Q5360737,unique_korean_label,Wikidata CC0
小波渡,고바토역,Q11462584,unique_korean_label,Wikidata CC0
小幡,오바타역,Q7074647,unique_korean_label,Wikidata CC0
小塙,고바나역,Q6424264,unique_korean_label,Wikidata CC0
小浜,오바마역,Q7074612,unique_korean_label,Wikidata CC0
小舞子,고마이코역,Q5359932,unique_korean_label,Wikidata CC0
小淵沢,고부치자와역,Q842899,unique_korean_label,Wikidata CC0
小平,고다이라역,Q6425085,unique_korean_label,Wikidata CC0
小歩危,고보케역,Q900985,unique_korean_label,Wikidata CC0
小牧,고마키역,Q6428074,unique_korean_label,Wikidata CC0
小牧原,고마키하라역,Q6428080,unique_korean_label,Wikidata CC0
小牧口,고마키구치역,Q6428078,unique_korean_label,Wikidata CC0
小幌,고보로역,Q5370732,unique_korean_label,Wikidata CC0
小本,고모토역,Q10959083,unique_korean_label,Wikidata CC0
小湊,고미나토역,Q5356761,unique_korean_label,Wikidata CC0
小木ノ城,오기노조역,Q7080070,unique_korean_label,Wikidata CC0
小木津,오기쓰역,Q5353557,unique_korean_label,Wikidata CC0
小野屋,오노야역,Q7094525,unique_korean_label,Wikidata CC0
小野上,오노가미역,Q7094460,unique_korean_label,Wikidata CC0
小野上温泉,오노가미온센역,Q7094463,unique_korean_label,Wikidata CC0
小野新町,오노니이마치역,Q7094498,unique_korean_label,Wikidata CC0
小野町,오노마치역,Q3095828,unique_korean_label,Wikidata CC0
小野田,오노다역,Q5358039,unique_korean_label,Wikidata CC0
小野田港,오노다코역,Q7094443,unique_korean_label,Wikidata CC0
小柳,고야나기역,Q6397627,unique_korean_label,Wikidata CC0
小涌谷,고와키다니역,Q994123,unique_korean_label,Wikidata CC0
小梨,고나시역,Q6428886,unique_korean_label,Wikidata CC0
小路,쇼지역,Q126040,unique_korean_label,Wikidata CC0
小禄,오로쿠역,Q7571742,unique_korean_label,Wikidata CC0
小和清水,고와쇼즈역,Q6435014,unique_korean_label,Wikidata CC0
小和田,고와다역,Q778687,unique_korean_label,Wikidata CC0
小櫃,오비쓰역,Q7074984,unique_korean_label,Wikidata CC0
少路,쇼지역,Q3970992,unique_korean_label,Wikidata CC0
庄内,쇼나이역,Q7506186,unique_korean_label,Wikidata CC0
庄内通,쇼나이도리역,Q863241,unique_korean_label,Wikidata CC0
庄内緑地公園,쇼나이료쿠치코엔역,Q862911,unique_korean_label,Wikidata CC0
床波,도코나미역,Q7813676,unique_korean_label,Wikidata CC0
昭島,아키시마역,Q844152,unique_korean_label,Wikidata CC0
昭和,쇼와역,Q1581652,unique_korean_label,Wikidata CC0
昭和町,쇼와초역,Q864198,unique_korean_label,Wikidata CC0
昭和島,쇼와지마역,Q5368842,unique_korean_label,Wikidata CC0
松が谷,마쓰가야역,Q6788096,unique_korean_label,Wikidata CC0
松ケ浦,마쓰가우라역,Q252322,unique_korean_label,Wikidata CC0
松ヶ崎,마쓰가사키역,Q2580153,unique_korean_label,Wikidata CC0
松ノ馬場,마쓰노반바역,Q6788168,unique_korean_label,Wikidata CC0
松ノ浜,마쓰노하마역,Q6788172,unique_korean_label,Wikidata CC0
松井山手,마쓰이야마테역,Q856041,unique_korean_label,Wikidata CC0
松井田,마쓰이다역,Q5357126,unique_korean_label,Wikidata CC0
松陰神社前,쇼인진자마에역,Q7506130,unique_korean_label,Wikidata CC0
松永,마쓰나가역,Q5359113,unique_korean_label,Wikidata CC0
松屋町,마쓰야마치역,Q126080,unique_korean_label,Wikidata CC0
松下,마쓰시타역,Q93433,unique_korean_label,Wikidata CC0
松丸,마쓰마루역,Q4388383,unique_korean_label,Wikidata CC0
松岸,마쓰기시역,Q5365309,unique_korean_label,Wikidata CC0
松久,마쓰히사역,Q845010,unique_korean_label,Wikidata CC0
松橋,마쓰바세역,Q5358556,unique_korean_label,Wikidata CC0
松原,마쓰바라역,Q6788015,unique_korean_label,Wikidata CC0
松原湖,마쓰바라코역,Q6788020,unique_korean_label,Wikidata CC0
松戸,마쓰도역,Q841460,unique_korean_label,Wikidata CC0
松戸新田,마쓰도신덴역,Q11530713,unique_korean_label,Wikidata CC0
松江,마쓰에역,Q1058652,unique_korean_label,Wikidata CC0
松阪,마쓰사카역,Q5357756,unique_korean_label,Wikidata CC0
松崎,마쓰자키역,Q899411,unique_korean_label,Wikidata CC0
松山,마쓰야마역,Q1058202,unique_korean_label_catalog,Wikidata CC0
松山町,마쓰야마마치역,Q899156,unique_korean_label,Wikidata CC0
松神,마쓰카미역,Q6788107,unique_korean_label,Wikidata CC0
松倉,마쓰쿠라역,Q3892966,unique_korean_label,Wikidata CC0
松草,마쓰쿠사역,Q6788120,unique_korean_label,Wikidata CC0
松塚,마쓰즈카역,Q6788248,unique_korean_label,Wikidata CC0
松島,마쓰시마역,Q898773,unique_korean_label,Wikidata CC0
松島海岸,마쓰시마카이간역,Q6788203,unique_korean_label,Wikidata CC0
松島二丁目,마쓰시마니초메역,Q11530108,unique_korean_label,Wikidata CC0
松任,맛토역,Q5359660,unique_korean_label,Wikidata CC0
松飛台,마쓰히다이역,Q6788097,unique_korean_label,Wikidata CC0
松尾,마쓰오역,Q5365257,unique_korean_label,Wikidata CC0
松尾寺,마쓰노오데라역,Q6788173,unique_korean_label,Wikidata CC0
松尾大社,마쓰오타이샤역,Q3610994,unique_korean_label,Wikidata CC0
松尾八幡平,마쓰오하치만타이역,Q6788180,unique_korean_label,Wikidata CC0
松本,마쓰모토역,Q843167,unique_korean_label,Wikidata CC0
樟葉,구즈하역,Q1825100,unique_korean_label,Wikidata CC0
沼ノ端,누마노하타역,Q3601228,unique_korean_label,Wikidata CC0
沼久保,누마쿠보역,Q7069039,unique_korean_label,Wikidata CC0
沼袋,누마부쿠로역,Q843370,unique_korean_label,Wikidata CC0
沼津,누마즈역,Q870594,unique_korean_label,Wikidata CC0
沼田,누마타역,Q1706459,unique_korean_label,Wikidata CC0
沼南,쇼난역,Q11554443,unique_korean_label,Wikidata CC0
沼部,누마베역,Q11554639,unique_korean_label,Wikidata CC0
湘南海岸公園,쇼난 해안공원역,Q858964,unique_korean_label,Wikidata CC0
湘南江の島,쇼난에노시마역,Q1058486,unique_korean_label,Wikidata CC0
湘南深沢,쇼난후카사와역,Q1094911,unique_korean_label,Wikidata CC0
湘南台,쇼난다이역,Q1036357,unique_korean_label,Wikidata CC0
湘南町屋,쇼난마치야역,Q1093346,unique_korean_label,Wikidata CC0
焼石,야케이시역,Q5358578,unique_korean_label,Wikidata CC0
焼津,야이즈역,Q871841,unique_korean_label,Wikidata CC0
菖蒲池,아야메이케역,Q4830902,unique_korean_label,Wikidata CC0
象潟,기사카타역,Q6416385,unique_korean_label,Wikidata CC0
上ゲ,아게역,Q4691851,unique_korean_label,Wikidata CC0
上ノ庄,가미노쇼역,Q6358213,unique_korean_label,Wikidata CC0
上ノ太子,가미노타이시역,Q6358219,unique_korean_label,Wikidata CC0
上の町,가미노초역,Q6799185,unique_korean_label,Wikidata CC0
上芦別,가미아시베쓰역,Q899040,unique_korean_label,Wikidata CC0
上安,가미야스역,Q6358636,unique_korean_label,Wikidata CC0
上伊集院,가미이주인역,Q5296432,unique_korean_label,Wikidata CC0
上伊万里,가미이마리역,Q6357137,unique_korean_label,Wikidata CC0
上井草,가미이구사역,Q5973346,unique_korean_label,Wikidata CC0
上磯,가미이소역,Q5360792,unique_korean_label,Wikidata CC0
上宇和,가미우와역,Q899575,unique_korean_label,Wikidata CC0
上臼杵,가미우스키역,Q6357203,unique_korean_label,Wikidata CC0
上浦,가미우라역,Q11359556,unique_korean_label,Wikidata CC0
上栄町,가미사카에마치역,Q11359423,unique_korean_label,Wikidata CC0
上永谷,가미나가야역,Q841420,unique_korean_label,Wikidata CC0
上越国際スキー場前,조에쓰코쿠사이스키조마에역,Q3660507,unique_korean_label,Wikidata CC0
上越妙高,조에쓰묘코역,Q15629351,unique_korean_label,Wikidata CC0
上横須賀,가미요코스카역,Q6357214,unique_korean_label,Wikidata CC0
上岡,가미오카역,Q5357786,unique_korean_label,Wikidata CC0
上下,조게역,Q6322190,unique_korean_label,Wikidata CC0
上下浜,조게하마역,Q6322194,unique_korean_label,Wikidata CC0
上嘉川,가미카가와역,Q6357150,unique_korean_label,Wikidata CC0
上丸渕,가미마루부치역,Q6357169,unique_korean_label,Wikidata CC0
上挙母,우와고로모역,Q7903775,unique_korean_label,Wikidata CC0
上境,가미사카이역,Q6358498,unique_korean_label,Wikidata CC0
上郷,가미고역,Q11360228,unique_korean_label,Wikidata CC0
上熊谷,가미쿠마가야역,Q6357161,unique_korean_label,Wikidata CC0
上熊本,가미쿠마모토역,Q872987,unique_korean_label,Wikidata CC0
上桑名川,가미쿠와나가와역,Q6357167,unique_korean_label,Wikidata CC0
上郡,가미고리역,Q869209,unique_korean_label,Wikidata CC0
上桂,가미카쓰라역,Q6357153,unique_korean_label,Wikidata CC0
上月,고즈키역,Q6455355,unique_korean_label,Wikidata CC0
上古沢,가미코사와역,Q11358653,unique_korean_label,Wikidata CC0
上戸,조코역,Q6322221,unique_korean_label,Wikidata CC0
上戸手,가미토데역,Q6358582,unique_korean_label,Wikidata CC0
上厚内,가미아쓰나이역,Q899361,unique_korean_label,Wikidata CC0
上溝,가미미조역,Q6358129,unique_korean_label,Wikidata CC0
上狛,가미코마역,Q1049010,unique_korean_label,Wikidata CC0
上今井,가미이마이역,Q6357799,unique_korean_label,Wikidata CC0
上今市,가미이마이치역,Q6357139,unique_korean_label,Wikidata CC0
上三緒,가미미오역,Q10957027,unique_korean_label,Wikidata CC0
上三田,가미미타역,Q11358390,unique_korean_label,Wikidata CC0
上山口,가미야마구치역,Q858463,unique_korean_label,Wikidata CC0
上市,가미이치역,Q6357793,unique_korean_label,Wikidata CC0
上市場,가미이치바역,Q775018,unique_korean_label,Wikidata CC0
上枝,호즈에역,Q5358338,unique_korean_label,Wikidata CC0
上社,가미야시로역,Q863234,unique_korean_label,Wikidata CC0
上所,가미토코로역,Q110268723,unique_korean_label,Wikidata CC0
上小川,가미오가와역,Q6357184,unique_korean_label,Wikidata CC0
上小田井,가미오타이역,Q1652826,unique_korean_label,Wikidata CC0
上松,아게마쓰역,Q871440,unique_korean_label,Wikidata CC0
上条,가미조역,Q6357835,unique_korean_label,Wikidata CC0
上新庄,가미신조역,Q3969848,unique_korean_label,Wikidata CC0
上深川,가미후카와역,Q6357755,unique_korean_label,Wikidata CC0
上神梅,가미칸바이역,Q6357152,unique_korean_label,Wikidata CC0
上諏訪,가미스와역,Q844049,unique_korean_label,Wikidata CC0
上菅,가미스게역,Q11360080,unique_korean_label,Wikidata CC0
上菅谷,가미스가야역,Q6357196,unique_korean_label,Wikidata CC0
上星川,가미호시카와역,Q11359095,unique_korean_label,Wikidata CC0
上盛岡,가미모리오카역,Q6357177,unique_korean_label,Wikidata CC0
上石見,가미이와미역,Q6357148,unique_korean_label,Wikidata CC0
上石神井,가미샤쿠지이역,Q842904,unique_korean_label,Wikidata CC0
上川,가미카와역,Q6357868,unique_korean_label,Wikidata CC0
上川口,가미카와구치역,Q871729,unique_korean_label,Wikidata CC0
上川立,가미카와다치역,Q11358961,unique_korean_label,Wikidata CC0
上前津,가미마에즈역,Q862270,unique_korean_label,Wikidata CC0
上総一ノ宮,가즈사이치노미야역,Q564483,unique_korean_label,Wikidata CC0
上総亀山,가즈사카메야마역,Q6381705,unique_korean_label,Wikidata CC0
上総興津,가즈사오키쓰역,Q553023,unique_korean_label,Wikidata CC0
上総松丘,가즈사마쓰오카역,Q6381711,unique_korean_label,Wikidata CC0
上総清川,가즈사키요카와역,Q11360046,unique_korean_label,Wikidata CC0
上総湊,가즈사미나토역,Q558554,unique_korean_label,Wikidata CC0
上大井,가미오이역,Q5357556,unique_korean_label,Wikidata CC0
上大岡,가미오오카역,Q865627,unique_korean_label,Wikidata CC0
上大月,가미오쓰키역,Q8139880,unique_korean_label,Wikidata CC0
上沢,가미사와역,Q5358508,unique_korean_label,Wikidata CC0
上中,가미나카역,Q11358411,unique_korean_label,Wikidata CC0
上中里,가미나카자토역,Q910858,unique_korean_label,Wikidata CC0
上町,가미마치역,Q6358110,unique_korean_label,Wikidata CC0
上長瀞,가미나가토로역,Q3701538,unique_korean_label,Wikidata CC0
上鳥羽口,가미토바구치역,Q6358584,unique_korean_label,Wikidata CC0
上田,우에다역,Q1071375,unique_korean_label,Wikidata CC0
上湯沢,가미유자와역,Q6357217,unique_korean_label,Wikidata CC0
上二田,가미후타다역,Q6357116,unique_korean_label,Wikidata CC0
上之郷,가미노고역,Q1447297,unique_korean_label,Wikidata CC0
上八木,가미야기역,Q6357209,unique_korean_label,Wikidata CC0
上板橋,가미이타바시역,Q6357144,unique_korean_label,Wikidata CC0
上飯田,가미이다역,Q6357803,unique_korean_label,Wikidata CC0
上飯島,가미이지마역,Q11360525,unique_korean_label,Wikidata CC0
上尾,아게오역,Q800360,unique_korean_label,Wikidata CC0
上尾幌,가미오보로역,Q900180,unique_korean_label,Wikidata CC0
上浜,가미하마역,Q6357778,unique_korean_label,Wikidata CC0
上富良野,가미후라노역,Q6357110,unique_korean_label,Wikidata CC0
上福岡,가미후쿠오카역,Q11360002,unique_korean_label,Wikidata CC0
上米内,가미요나이역,Q11360015,unique_korean_label,Wikidata CC0
上片桐,가미카타기리역,Q988745,unique_korean_label,Wikidata CC0
上保原,가미호바라역,Q11358471,unique_korean_label,Wikidata CC0
上穂波,가미호나미역,Q6357120,unique_korean_label,Wikidata CC0
上豊田,가미토요타역,Q11360132,unique_korean_label,Wikidata CC0
上北台,가미키타다이역,Q6357916,unique_korean_label,Wikidata CC0
上北沢,가미키타자와역,Q4211559,unique_korean_label,Wikidata CC0
上北町,가미키타초역,Q5357192,unique_korean_label,Wikidata CC0
上幌向,가미호로무이역,Q872837,unique_korean_label,Wikidata CC0
上本郷,가미혼고역,Q6357786,unique_korean_label,Wikidata CC0
上麻生,가미아소역,Q5359088,unique_korean_label,Wikidata CC0
上毛高原,조모코겐역,Q1138087,unique_korean_label,Wikidata CC0
上夜久野,가미야쿠노역,Q871797,unique_korean_label,Wikidata CC0
上野,우에노역,Q801551,unique_korean_label,Wikidata CC0
上野間,가미노마역,Q6358203,unique_korean_label,Wikidata CC0
上野原,우에노하라역,Q7877464,unique_korean_label,Wikidata CC0
上野御徒町,우에노오카치마치역,Q80555,unique_korean_label,Wikidata CC0
上野広小路,우에노히로코지역,Q1156446,unique_korean_label,Wikidata CC0
上野芝,우에노시바역,Q856750,unique_korean_label,Wikidata CC0
上野尻,가미노지리역,Q6357180,unique_korean_label,Wikidata CC0
上野幌,가미놋포로역,Q3969847,unique_korean_label,Wikidata CC0
上野毛,가미노게역,Q6357226,unique_korean_label,Wikidata CC0
上野目,가미노메역,Q642242,unique_korean_label,Wikidata CC0
上有住,가미아리스역,Q3893013,unique_korean_label,Wikidata CC0
上有田,가미아리타역,Q6357099,unique_korean_label,Wikidata CC0
上涌谷,가미와쿠야역,Q8192019,unique_korean_label,Wikidata CC0
上呂,조로역,Q5358767,unique_korean_label,Wikidata CC0
城ヶ崎海岸,조가사키카이간역,Q11425939,unique_korean_label,Wikidata CC0
城戸南蔵院前,기도난조인마에역,Q6404839,unique_korean_label,Wikidata CC0
城崎温泉,기노사키온센역,Q1055689,unique_korean_label,Wikidata CC0
城西,시로니시역,Q776937,unique_korean_label,Wikidata CC0
城端,조하나역,Q6322201,unique_korean_label,Wikidata CC0
城北,조호쿠역,Q6322207,unique_korean_label,Wikidata CC0
城北公園通,시로키타코엔도리역,Q56346891,unique_korean_label,Wikidata CC0
城陽,조요역,Q1049427,unique_korean_label,Wikidata CC0
常永,조에이역,Q6322172,unique_korean_label,Wikidata CC0
常滑,도코나메역,Q7813672,unique_korean_label,Wikidata CC0
常山,쓰네야마역,Q7850217,unique_korean_label,Wikidata CC0
常澄,쓰네즈미역,Q7850224,unique_korean_label,Wikidata CC0
常盤,도키와역,Q7813625,unique_korean_label,Wikidata CC0
常盤平,도키와다이라역,Q7813628,unique_korean_label,Wikidata CC0
常陸鴻巣,히타치코노스역,Q5871600,unique_korean_label,Wikidata CC0
常陸青柳,히타치아오야기역,Q5871587,unique_korean_label,Wikidata CC0
常陸多賀,히타치타가역,Q40081,unique_korean_label,Wikidata CC0
常陸太田,히타치오타역,Q1305575,unique_korean_label,Wikidata CC0
常陸大宮,히타치오미야역,Q5871607,unique_korean_label,Wikidata CC0
常陸大子,히타치다이고역,Q11481693,unique_korean_label,Wikidata CC0
常陸津田,히타치쓰다역,Q5871609,unique_korean_label,Wikidata CC0
浄心,조신역,Q862921,unique_korean_label,Wikidata CC0
浄水,조스이역,Q6322259,unique_korean_label,Wikidata CC0
埴生,하부역,Q5636995,unique_korean_label,Wikidata CC0
飾磨,시카마역,Q7496537,unique_korean_label,Wikidata CC0
植松,우에마쓰역,Q7877451,unique_korean_label,Wikidata CC0
植村,우에무라역,Q5375531,unique_korean_label,Wikidata CC0
植大,우에다이역,Q7877424,unique_korean_label,Wikidata CC0
植田,우에다역,Q5353493,unique_korean_label,Wikidata CC0
植苗,우에나에역,Q3601205,unique_korean_label,Wikidata CC0
植木,우에키역,Q5358543,unique_korean_label,Wikidata CC0
織部,오리베역,Q7102220,unique_korean_label,Wikidata CC0
尻手,싯테역,Q5367537,unique_korean_label,Wikidata CC0
信貴山下,시기산시타역,Q7496434,unique_korean_label,Wikidata CC0
信貴山口,시기산구치역,Q7496433,unique_korean_label,Wikidata CC0
信太山,시노다야마역,Q856945,unique_korean_label,Wikidata CC0
信濃境,시나노사카이역,Q7497268,unique_korean_label,Wikidata CC0
信濃国分寺,시나노코쿠분지역,Q7497258,unique_korean_label,Wikidata CC0
信濃松川,시나노마쓰카와역,Q7497260,unique_korean_label,Wikidata CC0
信濃常盤,시나노토키와역,Q7497267,unique_korean_label,Wikidata CC0
信濃森上,시나노모리우에역,Q7497261,unique_korean_label,Wikidata CC0
信濃川上,시나노카와카미역,Q7497257,unique_korean_label,Wikidata CC0
信濃川島,시나노카와시마역,Q7497262,unique_korean_label,Wikidata CC0
信濃浅野,시나노아사노역,Q7497255,unique_korean_label,Wikidata CC0
信濃大町,시나노오마치역,Q7497271,unique_korean_label,Wikidata CC0
信濃町,시나노마치역,Q335677,unique_korean_label,Wikidata CC0
信濃追分,시나노오이와케역,Q7497263,unique_korean_label,Wikidata CC0
信濃白鳥,시나노시라토리역,Q7497265,unique_korean_label,Wikidata CC0
信濃平,시나노타이라역,Q7497266,unique_korean_label,Wikidata CC0
信濃木崎,시나노키자키역,Q7497259,unique_korean_label,Wikidata CC0
寝屋川公園,히가시네야가와 역,Q855863,unique_korean_label,Wikidata CC0
寝屋川市,네야가와시역,Q1185840,unique_korean_label,Wikidata CC0
心斎橋,신사이바시역,Q1074440,unique_korean_label,Wikidata CC0
新さっぽろ,신삿포로 역,Q3563818,unique_korean_label,Wikidata CC0
新ノ口,니노쿠치역,Q7039072,unique_korean_label,Wikidata CC0
新旭,신아사히역,Q5364336,unique_korean_label,Wikidata CC0
新旭川,신아사히카와역,Q873131,unique_korean_label,Wikidata CC0
新安城,신안조역,Q7497079,unique_korean_label,Wikidata CC0
新伊勢崎,신이세사키역,Q7497100,unique_korean_label,Wikidata CC0
新伊丹,신이타미역,Q7497098,unique_korean_label,Wikidata CC0
新井口,신이노구치역,Q5358598,unique_korean_label,Wikidata CC0
新井宿,아라이주쿠역,Q3701488,unique_korean_label,Wikidata CC0
新井薬師前,아라이야쿠시마에역,Q843454,unique_korean_label,Wikidata CC0
新羽,닛파역,Q841479,unique_korean_label,Wikidata CC0
新羽島,신하시마역,Q7497090,unique_korean_label,Wikidata CC0
新鵜沼,신우누마역,Q7497143,unique_korean_label,Wikidata CC0
新浦安,신우라야스역,Q844256,unique_korean_label,Wikidata CC0
新栄町,신사카에마치역,Q7497124,unique_korean_label,Wikidata CC0
新越谷,신코시가야역,Q280550,unique_korean_label,Wikidata CC0
新横浜,신요코하마역,Q801437,unique_korean_label,Wikidata CC0
新屋,아라야역,Q3701512,unique_korean_label,Wikidata CC0
新下関,신시모노세키역,Q1074353,unique_korean_label,Wikidata CC0
新加納,신카노역,Q7497104,unique_korean_label,Wikidata CC0
新加美,신카미역,Q855847,unique_korean_label,Wikidata CC0
新可児,신카니역,Q7497102,unique_korean_label,Wikidata CC0
新家,신게역,Q857033,unique_korean_label,Wikidata CC0
新河岸,신가시역,Q7497441,unique_korean_label,Wikidata CC0
新花巻,신하나마키역,Q1187840,unique_korean_label,Wikidata CC0
新改,신가이역,Q901037,unique_korean_label,Wikidata CC0
新開地,신카이치역,Q7497640,unique_korean_label,Wikidata CC0
新潟,니가타역,Q701753,unique_korean_label,Wikidata CC0
新潟大学前,니가타다이가쿠마에역,Q801256,unique_korean_label,Wikidata CC0
新蒲原,신칸바라역,Q871526,unique_korean_label,Wikidata CC0
新鎌ヶ谷,신카마가야역,Q842992,unique_korean_label,Wikidata CC0
新関,신세키역,Q7497755,unique_korean_label,Wikidata CC0
新丸子,신마루코역,Q7497117,unique_korean_label,Wikidata CC0
新岩国,신이와쿠니역,Q767197,unique_korean_label,Wikidata CC0
新吉野,신요시노역,Q899315,unique_korean_label,Wikidata CC0
新宮中央,신구추오역,Q5359535,unique_korean_label,Wikidata CC0
新居町,아라이마치역,Q871856,unique_korean_label,Wikidata CC0
新居浜,니이하마역,Q873300,unique_korean_label,Wikidata CC0
新狭山,신사야마역,Q7497127,unique_korean_label,Wikidata CC0
新桐生,신키류역,Q7497107,unique_korean_label,Wikidata CC0
新琴似,신코토니역,Q128201,unique_korean_label,Wikidata CC0
新金岡,신카나오카역,Q2083894,unique_korean_label,Wikidata CC0
新検見川,신케미가와역,Q908760,unique_korean_label,Wikidata CC0
新見,니미역,Q844674,unique_korean_label,Wikidata CC0
新原,신바루역,Q7497276,unique_korean_label,Wikidata CC0
新古河,신코가역,Q7497111,unique_korean_label,Wikidata CC0
新御茶ノ水,신오차노미즈역,Q80433,unique_korean_label,Wikidata CC0
新御徒町,신오카치마치역,Q80540,unique_korean_label,Wikidata CC0
新広,신히로역,Q7497092,unique_korean_label,Wikidata CC0
新江古田,신에고타역,Q275527,unique_korean_label,Wikidata CC0
新綱島,신쓰나시마역,Q72526734,unique_korean_label,Wikidata CC0
新高円寺,신코엔지역,Q1078400,unique_korean_label,Wikidata CC0
新高岡,신타카오카역,Q7497129,unique_korean_label,Wikidata CC0
新高島,신타카시마역,Q854231,unique_korean_label,Wikidata CC0
新高島平,신타카시마다이라역,Q1039572,unique_korean_label,Wikidata CC0
新高徳,신타카토쿠역,Q7497134,unique_korean_label,Wikidata CC0
新今宮,신이마미야역,Q59349,unique_korean_label,Wikidata CC0
新座,니자역,Q7034510,unique_korean_label,Wikidata CC0
新在家,신자이케역,Q7497846,unique_korean_label,Wikidata CC0
新崎,니자키역,Q7034508,unique_korean_label,Wikidata CC0
新桜台,신사쿠라다이역,Q7497126,unique_korean_label,Wikidata CC0
新札幌,신삿포로역,Q17217417,unique_korean_label,Wikidata CC0
新三河島,신미카와시마역,Q5367894,unique_korean_label,Wikidata CC0
新三郷,신미사토역,Q6139591,unique_korean_label,Wikidata CC0
新三田,신산다역,Q856477,unique_korean_label,Wikidata CC0
新山口,신야마구치역,Q1136574,unique_korean_label,Wikidata CC0
新子安,신코야스역,Q128314,unique_korean_label,Wikidata CC0
新治,니하리역,Q7034411,unique_korean_label,Wikidata CC0
新鹿,아타시카역,Q899432,unique_korean_label,Wikidata CC0
新鹿沼,신카누마역,Q7497103,unique_korean_label,Wikidata CC0
新柴又,신시바마타역,Q5370898,unique_korean_label,Wikidata CC0
新芝浦,신시바우라역,Q1581516,unique_korean_label,Wikidata CC0
新取手,신토리데역,Q7497136,unique_korean_label,Wikidata CC0
新守山,신모리야마역,Q871183,unique_korean_label,Wikidata CC0
新守谷,신모리야역,Q7497120,unique_korean_label,Wikidata CC0
新秋津,신아키쓰역,Q7497083,unique_korean_label,Wikidata CC0
新習志野,신나라시노역,Q2370433,unique_korean_label,Wikidata CC0
新十津川,신토쓰카와역,Q7497138,unique_korean_label,Wikidata CC0
新宿,신주쿠역,Q801447,unique_korean_label,Wikidata CC0
新宿御苑前,신주쿠교엔마에역,Q1132610,unique_korean_label,Wikidata CC0
新宿三丁目,신주쿠 3초메 역,Q1147009,unique_korean_label,Wikidata CC0
新宿西口,신주쿠니시구치역,Q246198,unique_korean_label,Wikidata CC0
新祝園,신호소노역,Q7497094,unique_korean_label,Wikidata CC0
新所原,신조하라역,Q872044,unique_korean_label,Wikidata CC0
新所沢,신토코로자와역,Q7497140,unique_korean_label,Wikidata CC0
新小岩,신코이와역,Q1063750,unique_korean_label,Wikidata CC0
新小金井,신코가네이역,Q5368666,unique_korean_label,Wikidata CC0
新小平,신코다이라역,Q7497112,unique_korean_label,Wikidata CC0
新庄,신조역,Q1188523,unique_korean_label,Wikidata CC0
新松戸,신마쓰도역,Q6799406,unique_korean_label,Wikidata CC0
新松田,신마쓰다역,Q4419978,unique_korean_label,Wikidata CC0
新上挙母,신우와고로모역,Q7497144,unique_korean_label,Wikidata CC0
新森古市,신모리후루이치역,Q180443,unique_korean_label,Wikidata CC0
新深江,신후카에역,Q126056,unique_korean_label,Wikidata CC0
新神戸,신코베역,Q801435,unique_korean_label,Wikidata CC0
新水前寺,신스이젠지역,Q7497128,unique_korean_label,Wikidata CC0
新水俣,신미나마타역,Q1136460,unique_korean_label,Wikidata CC0
新瑞橋,아라타마바시역,Q854687,unique_korean_label,Wikidata CC0
新杉田,신스기타역,Q844465,unique_korean_label,Wikidata CC0
新瀬戸,신세토역,Q7497131,unique_korean_label,Wikidata CC0
新整備場,신세이비조역,Q5362517,unique_korean_label,Wikidata CC0
新正,신쇼역,Q7497762,unique_korean_label,Wikidata CC0
新清洲,신키요스역,Q7497109,unique_korean_label,Wikidata CC0
新清水,신시미즈역,Q7497132,unique_korean_label,Wikidata CC0
新西脇,신니시와키역,Q3097735,unique_korean_label,Wikidata CC0
新青森,신아오모리역,Q1187835,unique_korean_label,Wikidata CC0
新石切,신이시키리역,Q7497096,unique_korean_label,Wikidata CC0
新千歳空港,신치토세쿠코 역,Q872759,unique_korean_label,Wikidata CC0
新千葉,신치바역,Q7497084,unique_korean_label,Wikidata CC0
新川橋,신카와바시역,Q7497646,unique_korean_label,Wikidata CC0
新川崎,신카와사키역,Q801434,unique_korean_label,Wikidata CC0
新川町,신카와마치역,Q7497647,unique_korean_label,Wikidata CC0
新船橋,신후나바시역,Q7497087,unique_korean_label,Wikidata CC0
新前橋,신마에바시역,Q1652844,unique_korean_label,Wikidata CC0
新倉敷,신쿠라시키역,Q1067908,unique_korean_label,Wikidata CC0
新村,신촌역,Q495627,unique_korean_label,Wikidata CC0
新代田,신다이타역,Q263289,unique_korean_label,Wikidata CC0
新大楽毛,신오타노시케역,Q899382,unique_korean_label,Wikidata CC0
新大久保,신오쿠보역,Q589599,unique_korean_label,Wikidata CC0
新大宮,신오미야역,Q7497154,unique_korean_label,Wikidata CC0
新大阪,신오사카역,Q801438,unique_korean_label,Wikidata CC0
新大津,신오쓰역,Q5370229,unique_korean_label,Wikidata CC0
新大塚,신오쓰카역,Q1078382,unique_korean_label,Wikidata CC0
新大平下,신오히라시타역,Q7497153,unique_korean_label,Wikidata CC0
新地,신치역,Q374566,unique_korean_label,Wikidata CC0
新中野,신나카노역,Q1073232,unique_korean_label,Wikidata CC0
新町,신마치역,Q845085,unique_korean_label,Wikidata CC0
新長田,신나가타역,Q1066558,unique_korean_label,Wikidata CC0
新鳥栖,신토스역,Q1136568,unique_korean_label,Wikidata CC0
新津,니쓰역,Q7034489,unique_korean_label,Wikidata CC0
新津田沼,신쓰다누마역,Q285362,unique_korean_label,Wikidata CC0
新鶴,니쓰루역,Q7034494,unique_korean_label,Wikidata CC0
新田原,신덴바루역,Q5360079,unique_korean_label,Wikidata CC0
新田辺,신타나베역,Q7497135,unique_korean_label,Wikidata CC0
新島々,신시마시마역,Q11502026,unique_korean_label,Wikidata CC0
新藤原,신후지와라역,Q7497085,unique_korean_label,Wikidata CC0
新道東,신도히가시역,Q3563612,unique_korean_label,Wikidata CC0
新得,신토쿠역,Q899093,unique_korean_label,Wikidata CC0
新栃木,신토치기역,Q7497137,unique_korean_label,Wikidata CC0
新那加,신나카역,Q7497122,unique_korean_label,Wikidata CC0
新南陽,신난요역,Q5357664,unique_korean_label,Wikidata CC0
新日鉄前,신닛테쓰마에역,Q7497686,unique_korean_label,Wikidata CC0
新日本橋,신니혼바시역,Q844148,unique_korean_label,Wikidata CC0
新入,신뉴역,Q7497693,unique_korean_label,Wikidata CC0
新馬場,신반바역,Q863236,unique_korean_label,Wikidata CC0
新柏,신카시와역,Q7497105,unique_korean_label,Wikidata CC0
新白岡,신시라오카역,Q874047,unique_korean_label,Wikidata CC0
新白河,신시라카와역,Q1136381,unique_korean_label,Wikidata CC0
新白島,신하쿠시마역,Q11579666,unique_korean_label,Wikidata CC0
新函館北斗,신하코다테호쿠토역,Q1039122,unique_korean_label,Wikidata CC0
新八代,신야쓰시로역,Q1187743,unique_korean_label,Wikidata CC0
新八柱,신야하시라역,Q3525564,unique_korean_label,Wikidata CC0
新発田,시바타역,Q7496029,unique_korean_label,Wikidata CC0
新板橋,신이타바시역,Q1039904,unique_korean_label,Wikidata CC0
新飯塚,신이즈카역,Q7497097,unique_korean_label,Wikidata CC0
新尾道,신오노미치역,Q1136506,unique_korean_label,Wikidata CC0
新疋田,신히키다역,Q5364073,unique_korean_label,Wikidata CC0
新百合ヶ丘,신유리가오카역,Q1061373,unique_korean_label,Wikidata CC0
新富山口,신토야마구치역,Q105545827,unique_korean_label,Wikidata CC0
新富士,신후지역,Q1136475,unique_korean_label,Wikidata CC0
新富町,신토미초역,Q332002,unique_korean_label,Wikidata CC0
新府,신푸역,Q7497041,unique_korean_label,Wikidata CC0
新舞子,신마이코역,Q7497116,unique_korean_label,Wikidata CC0
新福島,신후쿠시마역,Q1073002,unique_korean_label,Wikidata CC0
新平野,신히라노역,Q7497091,unique_korean_label,Wikidata CC0
新豊洲,신토요스역,Q766348,unique_korean_label,Wikidata CC0
新豊田,신토요타역,Q3970987,unique_korean_label,Wikidata CC0
新鉾田,신호코타역,Q7497093,unique_korean_label,Wikidata CC0
新茂原,신모바라역,Q564465,unique_korean_label,Wikidata CC0
新木,아라키 역 (지바 현),Q4783839,unique_korean_label,Wikidata CC0
新木場,신키바역,Q1376066,unique_korean_label,Wikidata CC0
新木曽川,신키소가와역,Q7497108,unique_korean_label,Wikidata CC0
新夕張,신유바리역,Q7497148,unique_korean_label,Wikidata CC0
新利府,신리후역,Q899730,unique_korean_label,Wikidata CC0
森,모리역,Q864405,unique_korean_label,Wikidata CC0
森ノ宮,모리노미야역,Q1131146,unique_korean_label,Wikidata CC0
森下,모리시타역,Q11539232,unique_korean_label,Wikidata CC0
森岳,모리타케역,Q11539557,unique_korean_label,Wikidata CC0
森宮野原,모리미야노하라역,Q6912094,unique_korean_label,Wikidata CC0
森小路,모리쇼지역,Q2430458,unique_korean_label,Wikidata CC0
森上,모리카미역,Q6912218,unique_korean_label,Wikidata CC0
森田,모리타역,Q5359882,unique_korean_label,Wikidata CC0
森本,모리모토역,Q5359635,unique_korean_label,Wikidata CC0
森林公園,신린코엔역,Q128527,unique_korean_label,Wikidata CC0
榛原,하이바라역,Q5638969,unique_korean_label,Wikidata CC0
深井,후카이역,Q5507572,unique_korean_label,Wikidata CC0
深浦,후카우라역,Q5507586,unique_korean_label,Wikidata CC0
深江,후카에역,Q5507563,unique_korean_label,Wikidata CC0
深江橋,후카에바시역,Q126032,unique_korean_label,Wikidata CC0
深溝,후카미조역,Q5507576,unique_korean_label,Wikidata CC0
深川,후카가와역,Q1057370,unique_korean_label_catalog,Wikidata CC0
深谷,후카야역,Q844895,unique_korean_label,Wikidata CC0
深田,후카타역,Q4388210,unique_korean_label,Wikidata CC0
深日港,후케코역,Q5507596,unique_korean_label,Wikidata CC0
深日町,후케초역,Q5507595,unique_korean_label,Wikidata CC0
真岡,모카역,Q6907305,unique_korean_label,Wikidata CC0
真駒内,마코마나이역,Q3563878,unique_korean_label,Wikidata CC0
真室川,마무로가와역,Q6746035,unique_korean_label,Wikidata CC0
真菅,마스가역,Q6785665,unique_korean_label,Wikidata CC0
真倉,마구라역,Q6732545,unique_korean_label,Wikidata CC0
真滝,마타키역,Q6786016,unique_korean_label,Wikidata CC0
真鶴,마나즈루역,Q865802,unique_korean_label,Wikidata CC0
真土,마쓰치역,Q4388373,unique_korean_label,Wikidata CC0
真布,맛푸역,Q6754195,unique_korean_label,Wikidata CC0
神楽岡,가구라오카역,Q864424,unique_korean_label,Wikidata CC0
神楽坂,가구라자카역,Q80573,unique_korean_label,Wikidata CC0
神宮丸太町,진구마루타마치역,Q2244767,unique_korean_label,Wikidata CC0
神宮寺,진구지역,Q6202485,unique_korean_label,Wikidata CC0
神宮前,진구마에역,Q6202481,unique_korean_label,Wikidata CC0
神戸空港,고베 공항역,Q17219235,unique_korean_label,Wikidata CC0
神戸三宮,산노미야역,Q377926,unique_korean_label,Wikidata CC0
神崎川,간자키가와역,Q3969851,unique_korean_label,Wikidata CC0
神埼,간자키역,Q5358654,unique_korean_label,Wikidata CC0
神山,가미야마역,Q6358632,unique_korean_label,Wikidata CC0
神志山,고시야마역,Q5357390,unique_korean_label,Wikidata CC0
神城,가미시로역,Q6358531,unique_korean_label,Wikidata CC0
神杉,가미스기역,Q11590345,unique_korean_label,Wikidata CC0
神泉,신센역,Q4389637,unique_korean_label,Wikidata CC0
神前,간자키역,Q6365934,unique_korean_label,Wikidata CC0
神村学園前,가미무라가쿠엔마에역,Q5297473,unique_korean_label,Wikidata CC0
神沢,가미사와역,Q866647,unique_korean_label,Wikidata CC0
神谷町,가미야초역,Q1072953,unique_korean_label,Wikidata CC0
神町,진마치역,Q6199297,unique_korean_label,Wikidata CC0
神鉄道場,신테쓰도조역,Q7497793,unique_korean_label,Wikidata CC0
神鉄六甲,신테쓰롯코역,Q7497795,unique_korean_label,Wikidata CC0
神田,간다역,Q800989,unique_korean_label,Wikidata CC0
神奈川,가나가와역,Q5362069,unique_korean_label,Wikidata CC0
神奈川新町,가나가와신마치역,Q5368901,unique_korean_label,Wikidata CC0
神武寺,진무지역,Q6199430,unique_korean_label,Wikidata CC0
神辺,간나베역,Q6363862,unique_korean_label,Wikidata CC0
神保原,진보하라역,Q845133,unique_korean_label,Wikidata CC0
神保町,진보초역,Q76805,unique_korean_label,Wikidata CC0
神俣,간마타역,Q429178,unique_korean_label,Wikidata CC0
神目,고우메역,Q6455209,unique_korean_label,Wikidata CC0
神野,간노역,Q3096678,unique_korean_label,Wikidata CC0
神立,간다쓰역,Q5363063,unique_korean_label,Wikidata CC0
神領,진료역,Q5359246,unique_korean_label,Wikidata CC0
秦野,하다노역,Q4494514,unique_korean_label,Wikidata CC0
親鼻,오야하나역,Q7116209,unique_korean_label,Wikidata CC0
身延,미노부역,Q5356755,unique_korean_label,Wikidata CC0
針中野,하리나카노역,Q5657576,unique_korean_label,Wikidata CC0
人丸,히토마루역,Q11375901,unique_korean_label,Wikidata CC0
人丸前,히토마루마에역,Q11375900,unique_korean_label,Wikidata CC0
人吉,히토요시역,Q8190132,unique_korean_label,Wikidata CC0
人形町,닌교초역,Q1147003,unique_korean_label,Wikidata CC0
仁賀保,니카호역,Q7034710,unique_korean_label,Wikidata CC0
仁山,니야마역,Q766391,unique_korean_label,Wikidata CC0
仁保,니호역,Q7034269,unique_korean_label,Wikidata CC0
仁保津,니호즈역,Q11376321,unique_korean_label,Wikidata CC0
仁方,니가타역,Q7032188,unique_korean_label,Wikidata CC0
仁豊野,니부노역,Q7024243,unique_korean_label,Wikidata CC0
仁万,니마역,Q5355961,unique_korean_label,Wikidata CC0
仁木,니키역,Q861460,unique_korean_label,Wikidata CC0
壬生,미부역,Q6827788,unique_korean_label,Wikidata CC0
壬生川,뉴가와역,Q875515,unique_korean_label,Wikidata CC0
甚目寺,지모쿠지역,Q6201690,unique_korean_label,Wikidata CC0
陣原,진노하루역,Q5359466,unique_korean_label,Wikidata CC0
陣場,진바역,Q6199149,unique_korean_label,Wikidata CC0
諏訪,스와역,Q7650541,unique_korean_label,Wikidata CC0
諏訪ノ森,스와노모리역,Q3022451,unique_korean_label,Wikidata CC0
諏訪ノ平,스와노타이라역,Q5357110,unique_korean_label,Wikidata CC0
諏訪町,스와초역,Q7650548,unique_korean_label,Wikidata CC0
須賀,스카역,Q7635706,unique_korean_label,Wikidata CC0
須賀川,스카가와역,Q876991,unique_korean_label,Wikidata CC0
須恵,스에역,Q5361722,unique_korean_label,Wikidata CC0
須恵中央,스에추오역,Q7633991,unique_korean_label,Wikidata CC0
須原,스하라역,Q5359482,unique_korean_label,Wikidata CC0
須佐,스사역,Q278876,unique_korean_label,Wikidata CC0
須崎,스사키역,Q7647477,unique_korean_label,Wikidata CC0
須波,스나미역,Q11664604,unique_korean_label,Wikidata CC0
須磨,스마역,Q1038106,unique_korean_label,Wikidata CC0
須磨浦公園,스마우라코엔역,Q7637023,unique_korean_label,Wikidata CC0
須磨海浜公園,스마카이힌코엔역,Q1042500,unique_korean_label,Wikidata CC0
須磨寺,스마데라역,Q11664681,unique_korean_label,Wikidata CC0
逗子,즈시역,Q844325,unique_korean_label,Wikidata CC0
逗子・葉山,즈시·하야마역,Q3266545,unique_korean_label,Wikidata CC0
吹浦,후쿠라역,Q5507708,unique_korean_label,Wikidata CC0
吹越,훗코시역,Q5507606,unique_korean_label,Wikidata CC0
吹上,후키아게역,Q845096,unique_korean_label,Wikidata CC0
吹田,스이타역,Q59351,unique_korean_label,Wikidata CC0
垂井,다루이역,Q771019,unique_korean_label,Wikidata CC0
垂水,다루미역,Q774385,unique_korean_label,Wikidata CC0
水海道,미쓰카이도역,Q6883271,unique_korean_label,Wikidata CC0
水巻,미즈마키역,Q5359533,unique_korean_label,Wikidata CC0
水橋,미즈하시역,Q5359616,unique_korean_label,Wikidata CC0
水郷,스이고역,Q7635422,unique_korean_label,Wikidata CC0
水窪,미사쿠보역,Q777378,unique_korean_label,Wikidata CC0
水戸,미토역,Q909499,unique_korean_label,Wikidata CC0
水沼,미즈누마역,Q6884893,unique_korean_label,Wikidata CC0
水尻,미즈시리역,Q6884904,unique_korean_label,Wikidata CC0
水成川,미즈나리카와역,Q6884868,unique_korean_label,Wikidata CC0
水前寺,스이젠지역,Q7635605,unique_korean_label,Wikidata CC0
水沢,미즈사와역,Q899669,unique_korean_label,Wikidata CC0
水沢江刺,미즈사와에사시역,Q1136658,unique_korean_label,Wikidata CC0
水天宮前,스이텐구마에역,Q80546,unique_korean_label,Wikidata CC0
水田,미즈타역,Q11549025,unique_korean_label,Wikidata CC0
水道橋,스이도바시역,Q801496,unique_korean_label,Wikidata CC0
水無瀬,미나세역,Q3970142,unique_korean_label,Wikidata CC0
水野,미즈노역,Q6884885,unique_korean_label,Wikidata CC0
瑞光四丁目,즈이코 4초메역,Q180497,unique_korean_label,Wikidata CC0
瑞江,미즈에역,Q1040898,unique_korean_label,Wikidata CC0
瑞穂運動場西,미즈호운도조니시역,Q858909,unique_korean_label,Wikidata CC0
瑞穂運動場東,미즈호운도조히가시역,Q861828,unique_korean_label,Wikidata CC0
瑞穂区役所,미즈호쿠야쿠쇼역,Q859156,unique_korean_label,Wikidata CC0
瑞浪,미즈나미역,Q5359472,unique_korean_label,Wikidata CC0
崇城大学前,소조다이가쿠마에역,Q5358620,unique_korean_label,Wikidata CC0
崇禅寺,소젠지역,Q3971070,unique_korean_label,Wikidata CC0
杉河内,스기카와치역,Q7635117,unique_korean_label,Wikidata CC0
杉原,스기하라역,Q5358130,unique_korean_label,Wikidata CC0
杉戸高野台,스기토타카노다이역,Q7635130,unique_korean_label,Wikidata CC0
杉崎,스기사키역,Q7635122,unique_korean_label,Wikidata CC0
杉田,스기타역,Q873973,unique_korean_label,Wikidata CC0
杉本町,스기모토초역,Q857446,unique_korean_label,Wikidata CC0
菅谷,스가야역,Q7635083,unique_korean_label,Wikidata CC0
菅尾,스가오역,Q7634716,unique_korean_label,Wikidata CC0
菅野,스가노역,Q7634712,unique_korean_label,Wikidata CC0
雀宮,스즈메노미야역,Q872950,unique_korean_label,Wikidata CC0
雀田,스즈메다역,Q7651388,unique_korean_label,Wikidata CC0
裾野,스소노역,Q5357490,unique_korean_label,Wikidata CC0
澄川,스미카와역,Q3563679,unique_korean_label,Wikidata CC0
摺沢,스리사와역,Q7646374,unique_korean_label,Wikidata CC0
世田谷,세타가야역,Q7456328,unique_korean_label,Wikidata CC0
世田谷代田,세타가야다이타역,Q4448445,unique_korean_label,Wikidata CC0
世良田,세라다역,Q7452609,unique_korean_label,Wikidata CC0
瀬々串,세세쿠시역,Q870563,unique_korean_label,Wikidata CC0
瀬見温泉,세미온센역,Q2095056,unique_korean_label,Wikidata CC0
瀬戸,세토역,Q844625,unique_korean_label,Wikidata CC0
瀬戸口,세토구치역,Q7456757,unique_korean_label,Wikidata CC0
瀬戸市,세토시역,Q7456825,unique_korean_label,Wikidata CC0
瀬戸市役所前,세토시야쿠쇼마에역,Q3738152,unique_korean_label,Wikidata CC0
瀬戸瀬,세토세역,Q7456827,unique_korean_label,Wikidata CC0
瀬高,세타카역,Q5359332,unique_korean_label,Wikidata CC0
瀬上,세노우에역,Q11566373,unique_korean_label,Wikidata CC0
瀬谷,세야역,Q7458919,unique_korean_label,Wikidata CC0
瀬田,세타역,Q1042966,unique_korean_label,Wikidata CC0
瀬辺地,세헤지역,Q7446505,unique_korean_label,Wikidata CC0
瀬峰,세미네역,Q899164,unique_korean_label,Wikidata CC0
瀬野,세노역,Q5358731,unique_korean_label,Wikidata CC0
畝傍,우네비역,Q5362428,unique_korean_label,Wikidata CC0
畝傍御陵前,우네비고료마에역,Q7884163,unique_korean_label,Wikidata CC0
是政,고레마사역,Q5367981,unique_korean_label,Wikidata CC0
勢浜,세이하마역,Q7446696,unique_korean_label,Wikidata CC0
勢野北口,세야키타구치역,Q7458918,unique_korean_label,Wikidata CC0
成岩,나라와역,Q6965456,unique_korean_label,Wikidata CC0
成城学園前,세이조가쿠엔마에역,Q4448389,unique_korean_label,Wikidata CC0
成瀬,나루세역,Q844689,unique_korean_label,Wikidata CC0
成増,나리마스역,Q6965958,unique_korean_label,Wikidata CC0
成田,나리타역,Q845243,unique_korean_label,Wikidata CC0
成田空港,나리타 공항역,Q906732,unique_korean_label,Wikidata CC0
成田湯川,나리타유카와역,Q859802,unique_korean_label,Wikidata CC0
成島,나루시마역,Q6966471,unique_korean_label,Wikidata CC0
成東,나루토 역 (지바 현),Q6966490,unique_korean_label,Wikidata CC0
整備場,세이비조역,Q7446588,unique_korean_label,Wikidata CC0
星ヶ丘,호시가오카역,Q863225,unique_korean_label,Wikidata CC0
星川,호시카와역,Q5908047,unique_korean_label,Wikidata CC0
星置,호시오키역,Q1045506,unique_korean_label,Wikidata CC0
星田,호시다역,Q856066,unique_korean_label,Wikidata CC0
晴山,하루야마역,Q3888002,unique_korean_label,Wikidata CC0
正丸,쇼마루역,Q8017361,unique_korean_label,Wikidata CC0
正雀,쇼자쿠역,Q3970991,unique_korean_label,Wikidata CC0
清音,기요네역,Q4445051,unique_korean_label,Wikidata CC0
清荒神,기요시코진역,Q736981,unique_korean_label,Wikidata CC0
清洲,기요스역,Q871009,unique_korean_label,Wikidata CC0
清水原,시미즈하라역,Q899250,unique_korean_label,Wikidata CC0
清水五条,기요미즈고조역,Q1111248,unique_korean_label,Wikidata CC0
清水公園,시미즈코엔역,Q7496870,unique_korean_label,Wikidata CC0
清水川,시미즈가와역,Q5357156,unique_korean_label,Wikidata CC0
清澄白河,기요스미시라카와역,Q80542,unique_korean_label,Wikidata CC0
清瀬,기요세역,Q6419078,unique_korean_label,Wikidata CC0
清川,기요카와역,Q6419011,unique_korean_label,Wikidata CC0
清川口,기요카와구치역,Q5360714,unique_korean_label,Wikidata CC0
清武,기요타케역,Q5357380,unique_korean_label,Wikidata CC0
清里,기요사토역,Q6419072,unique_korean_label,Wikidata CC0
清里町,기요사토초역,Q6419076,unique_korean_label,Wikidata CC0
生駒,이코마역,Q5996117,unique_korean_label,Wikidata CC0
生駒山上,이코마산조역,Q5996101,unique_korean_label,Wikidata CC0
生見,누쿠미역,Q872607,unique_korean_label,Wikidata CC0
生山,쇼야마역,Q7506251,unique_korean_label,Wikidata CC0
生瀬,나마제역,Q856558,unique_korean_label,Wikidata CC0
生地,이쿠지역,Q5359690,unique_korean_label,Wikidata CC0
生田原,이쿠타하라역,Q5996420,unique_korean_label,Wikidata CC0
生麦,나마무기역,Q6961267,unique_korean_label,Wikidata CC0
生野,이쿠노역,Q5996339,unique_korean_label,Wikidata CC0
生野屋,이쿠노야역,Q5996344,unique_korean_label,Wikidata CC0
盛,사카리역,Q8190872,unique_korean_label,Wikidata CC0
盛岡,모리오카역,Q785390,unique_korean_label,Wikidata CC0
聖マリア病院前,시켄조마에역,Q11631360,unique_korean_label,Wikidata CC0
聖高原,히지리코겐역,Q3883270,unique_korean_label,Wikidata CC0
聖蹟桜ヶ丘,세이세키사쿠라가오카역,Q1064646,unique_korean_label,Wikidata CC0
西11丁目,니시 11초메역,Q3563700,unique_korean_label,Wikidata CC0
西18丁目,니시 18초메역,Q6130389,unique_korean_label,Wikidata CC0
西28丁目,니시 28초메역,Q3563683,unique_korean_label,Wikidata CC0
西ケ原,니시가하라역,Q151561,unique_korean_label,Wikidata CC0
西ケ方,니시가호역,Q303925,unique_korean_label,Wikidata CC0
西ノ京,니시노쿄역,Q11627071,unique_korean_label,Wikidata CC0
西ノ口,니시노쿠치역,Q7040667,unique_korean_label,Wikidata CC0
西ノ庄,니시노쇼역,Q11627075,unique_korean_label,Wikidata CC0
西阿知,니시아치역,Q7040502,unique_korean_label,Wikidata CC0
西一宮,니시이치노미야역,Q7040349,unique_korean_label,Wikidata CC0
西院,사이인역,Q3970754,unique_korean_label,Wikidata CC0
西羽生,니시하뉴역,Q7040342,unique_korean_label,Wikidata CC0
西浦上,니시우라카미역,Q5356633,unique_korean_label,Wikidata CC0
西浦和,니시우라와역,Q7040446,unique_korean_label,Wikidata CC0
西永福,니시에이후쿠역,Q31589,unique_korean_label,Wikidata CC0
西頴娃,니시에이역,Q7040328,unique_korean_label,Wikidata CC0
西燕,니시쓰바메역,Q7040435,unique_korean_label,Wikidata CC0
西塩釜,니시시오가마역,Q11627532,unique_korean_label,Wikidata CC0
西横浜,니시요코하마역,Q11628832,unique_korean_label,Wikidata CC0
西岡崎,니시오카자키역,Q871748,unique_korean_label,Wikidata CC0
西荻窪,니시오기쿠보역,Q801263,unique_korean_label,Wikidata CC0
西屋敷,니시야시키역,Q5360362,unique_korean_label,Wikidata CC0
西可児,니시카니역,Q7040484,unique_korean_label,Wikidata CC0
西笠松,니시카사마쓰역,Q7040360,unique_korean_label,Wikidata CC0
西笠田,니시카세다역,Q3431859,unique_korean_label,Wikidata CC0
西葛西,니시카사이역,Q126768,unique_korean_label,Wikidata CC0
西鎌倉,니시카마쿠라역,Q1094928,unique_korean_label,Wikidata CC0
西寒河江,니시사가에역,Q11627685,unique_korean_label,Wikidata CC0
西岸,니시기시역,Q8189152,unique_korean_label,Wikidata CC0
西岩国,니시이와쿠니역,Q7040351,unique_korean_label,Wikidata CC0
西岐阜,니시기후역,Q1056585,unique_korean_label,Wikidata CC0
西宮,니시노미야역,Q1038072,unique_korean_label_catalog,Wikidata CC0
西宮北口,니시노미야키타구치역,Q7040671,unique_korean_label,Wikidata CC0
西宮名塩,니시노미야나지오역,Q856588,unique_korean_label,Wikidata CC0
西京極,니시쿄고쿠역,Q3970298,unique_korean_label,Wikidata CC0
西金,사이가네역,Q7400054,unique_korean_label,Wikidata CC0
西金沢,니시카나자와역,Q5359940,unique_korean_label,Wikidata CC0
西九条,니시쿠조역,Q1130919,unique_korean_label,Wikidata CC0
西熊本,니시쿠마모토역,Q20762689,unique_korean_label,Wikidata CC0
西栗栖,니시쿠리스역,Q7040370,unique_korean_label,Wikidata CC0
西桑名,니시쿠와나역,Q8191179,unique_korean_label,Wikidata CC0
西元町,니시모토마치역,Q7040379,unique_korean_label,Wikidata CC0
西古川,니시후루카와역,Q7040334,unique_korean_label,Wikidata CC0
西戸崎,사이토자키역,Q7402558,unique_korean_label,Wikidata CC0
西吾野,니시아가노역,Q7040305,unique_korean_label,Wikidata CC0
西御坊,니시고보역,Q7040336,unique_korean_label,Wikidata CC0
西御料,니시고료역,Q7040338,unique_korean_label,Wikidata CC0
西向日,니시무코역,Q3970300,unique_korean_label,Wikidata CC0
西広島,니시히로시마역,Q5358388,unique_korean_label,Wikidata CC0
西江井ヶ島,니시에이가시마역,Q7040324,unique_korean_label,Wikidata CC0
西高岡,니시타카오카역,Q5359705,unique_korean_label,Wikidata CC0
西高屋,니시타카야역,Q5358545,unique_korean_label,Wikidata CC0
西高蔵,니시타카쿠라역,Q903624,unique_korean_label,Wikidata CC0
西高島平,니시타카시마다이라역,Q1039288,unique_korean_label,Wikidata CC0
西国分寺,니시코쿠분지역,Q801259,unique_korean_label,Wikidata CC0
西国立,니시쿠니타치역,Q5366355,unique_korean_label,Wikidata CC0
西佐川,니시사카와역,Q7040397,unique_korean_label,Wikidata CC0
西三次,니시미요시역,Q7040376,unique_korean_label,Wikidata CC0
西三荘,니시산소역,Q1027383,unique_korean_label,Wikidata CC0
西山,니시야마역,Q11627916,unique_korean_label,Wikidata CC0
西山天王山,니시야마텐노잔역,Q650349,unique_korean_label,Wikidata CC0
西若松,니시와카마쓰역,Q7040449,unique_korean_label,Wikidata CC0
西取手,니시토리데역,Q11627383,unique_korean_label,Wikidata CC0
西出雲,니시이즈모역,Q861518,unique_korean_label,Wikidata CC0
西春,니시하루역,Q11628445,unique_korean_label,Wikidata CC0
西所沢,니시토코로자와역,Q7040433,unique_korean_label,Wikidata CC0
西庶路,니시쇼로역,Q899385,unique_korean_label,Wikidata CC0
西女満別,니시메만베쓰역,Q7040377,unique_korean_label,Wikidata CC0
西勝間田,니시카쓰마다역,Q3661731,unique_korean_label,Wikidata CC0
西小坂井,니시코자카이역,Q871834,unique_korean_label,Wikidata CC0
西小山,니시코야마역,Q5370722,unique_korean_label,Wikidata CC0
西小泉,니시코이즈미역,Q11627702,unique_korean_label,Wikidata CC0
西小倉,니시코쿠라역,Q5360805,unique_korean_label,Wikidata CC0
西小林,니시코바야시역,Q8189751,unique_korean_label,Wikidata CC0
西松井田,니시마쓰이다역,Q5356946,unique_korean_label,Wikidata CC0
西焼津,니시야이즈역,Q870627,unique_korean_label,Wikidata CC0
西上田,니시우에다역,Q7040439,unique_korean_label,Wikidata CC0
西飾磨,니시시카마역,Q7040401,unique_korean_label,Wikidata CC0
西新,니시진역,Q4357476,unique_korean_label,Wikidata CC0
西新井,니시아라이역,Q841838,unique_korean_label,Wikidata CC0
西新井大師西,니시아라이다이시니시역,Q11628298,unique_korean_label,Wikidata CC0
西新宿,니시신주쿠역,Q138555,unique_korean_label,Wikidata CC0
西新宿五丁目,니시신주쿠 5초메역,Q275541,unique_korean_label,Wikidata CC0
西新町,니시신마치역,Q7040403,unique_korean_label,Wikidata CC0
西新発田,니시시바타역,Q7040400,unique_korean_label,Wikidata CC0
西神楽,니시카구라역,Q8191113,unique_korean_label,Wikidata CC0
西神中央,세이신추오역,Q7446939,unique_korean_label,Wikidata CC0
西神南,세이신미나미역,Q5358522,unique_korean_label,Wikidata CC0
西瑞穂,니시미즈호역,Q7040380,unique_korean_label,Wikidata CC0
西聖和,니시세이와역,Q7040398,unique_korean_label,Wikidata CC0
西青山,니시아오야마역,Q7040307,unique_korean_label,Wikidata CC0
西千葉,니시치바역,Q1067240,unique_korean_label,Wikidata CC0
西川越,니시카와고에역,Q844431,unique_korean_label,Wikidata CC0
西川原,니시가와라역,Q6148910,unique_korean_label,Wikidata CC0
西川口,니시카와구치역,Q801258,unique_korean_label,Wikidata CC0
西川田,니시카와다역,Q11628148,unique_korean_label,Wikidata CC0
西船橋,니시후나바시역,Q128803,unique_korean_label,Wikidata CC0
西前田,니시마에다역,Q11627289,unique_korean_label,Wikidata CC0
西早稲田,니시와세다역,Q128305,unique_korean_label,Wikidata CC0
西巣鴨,니시스가모역,Q1039887,unique_korean_label,Wikidata CC0
西相生,니시아이오이역,Q5366842,unique_korean_label,Wikidata CC0
西相知,니시오치역,Q7040462,unique_korean_label,Wikidata CC0
西太子堂,니시타이시도역,Q7040419,unique_korean_label,Wikidata CC0
西帯広,니시오비히로역,Q898826,unique_korean_label,Wikidata CC0
西袋,니시부쿠로역,Q7040516,unique_korean_label,Wikidata CC0
西代,니시다이역,Q7040529,unique_korean_label,Wikidata CC0
西台,니시다이역,Q1039896,unique_korean_label,Wikidata CC0
西大井,니시오이역,Q844193,unique_korean_label,Wikidata CC0
西大家,니시오야역,Q7040477,unique_korean_label,Wikidata CC0
西大垣,니시오가키역,Q7040465,unique_korean_label,Wikidata CC0
西大宮,니시오미야역,Q849342,unique_korean_label,Wikidata CC0
西大橋,니시오하시역,Q112719,unique_korean_label,Wikidata CC0
西大崎,니시오사키역,Q247570,unique_korean_label,Wikidata CC0
西大山,니시오야마역,Q801260,unique_korean_label,Wikidata CC0
西大寺,사이다이지역,Q3661905,unique_korean_label,Wikidata CC0
西大洲,니시오즈역,Q899566,unique_korean_label,Wikidata CC0
西大滝,니시오타키역,Q7040475,unique_korean_label,Wikidata CC0
西大島,니시오지마역,Q1044267,unique_korean_label,Wikidata CC0
西大分,니시오이타역,Q5359608,unique_korean_label,Wikidata CC0
西大路,니시오지역,Q1071821,unique_korean_label,Wikidata CC0
西大路御池,니시오지오이케역,Q2679380,unique_korean_label,Wikidata CC0
西谷,니시야역,Q7040756,unique_korean_label,Wikidata CC0
西中,니시나카역,Q7040640,unique_korean_label,Wikidata CC0
西中通,니시나카도리역,Q7040382,unique_korean_label,Wikidata CC0
西中島南方,니시나카지마미나미가타역,Q1136738,unique_korean_label,Wikidata CC0
西長堀,니시나가호리역,Q304193,unique_korean_label,Wikidata CC0
西鉄久留米,니시테쓰쿠루메역,Q7040736,unique_korean_label,Wikidata CC0
西鉄銀水,니시테쓰긴스이역,Q11629920,unique_korean_label,Wikidata CC0
西鉄五条,니시테쓰고조역,Q7040728,unique_korean_label,Wikidata CC0
西鉄香椎,니시테쓰카시이역,Q7040733,unique_korean_label,Wikidata CC0
西鉄小郡,니시테쓰오고리역,Q7040738,unique_korean_label,Wikidata CC0
西鉄新宮,니시테쓰신구역,Q11629904,unique_korean_label,Wikidata CC0
西鉄中島,니시테쓰나카시마역,Q11629891,unique_korean_label,Wikidata CC0
西鉄渡瀬,니시테쓰와타제역,Q11629906,unique_korean_label,Wikidata CC0
西鉄二日市,니시테쓰후쓰카이치역,Q7040729,unique_korean_label,Wikidata CC0
西鉄平尾,니시테쓰히라오역,Q7040732,unique_korean_label,Wikidata CC0
西鉄柳川,니시테쓰야나가와역,Q11629907,unique_korean_label,Wikidata CC0
西天下茶屋,니시텐가차야역,Q7040427,unique_korean_label,Wikidata CC0
西添田,니시소에다역,Q5359072,unique_korean_label,Wikidata CC0
西田井,니시다이역,Q337972,unique_korean_label,Wikidata CC0
西田原本,니시타와라모토역,Q7040425,unique_korean_label,Wikidata CC0
西田辺,니시타나베역,Q2084578,unique_korean_label,Wikidata CC0
西登戸,니시노부토역,Q7040665,unique_korean_label,Wikidata CC0
西都城,니시미야코노조역,Q5357443,unique_korean_label,Wikidata CC0
西唐津,니시카라쓰역,Q5367579,unique_korean_label,Wikidata CC0
西敦賀,니시쓰루가역,Q7040437,unique_korean_label,Wikidata CC0
西那須野,니시나스노역,Q872877,unique_korean_label,Wikidata CC0
西灘,니시나다역,Q7040635,unique_korean_label,Wikidata CC0
西二見,니시후타미역,Q7040333,unique_korean_label,Wikidata CC0
西日暮里,니시닛포리역,Q636845,unique_korean_label,Wikidata CC0
西日野,니시히노역,Q7040560,unique_korean_label,Wikidata CC0
西入善,니시뉴젠역,Q5359656,unique_korean_label,Wikidata CC0
西馬込,니시마고메역,Q1038919,unique_korean_label,Wikidata CC0
西梅田,니시우메다역,Q126023,unique_korean_label,Wikidata CC0
西白井,니시시로이역,Q5367967,unique_korean_label,Wikidata CC0
西幡豆,니시하즈역,Q7040346,unique_korean_label,Wikidata CC0
西八王子,니시하치오지역,Q500790,unique_korean_label,Wikidata CC0
西尾,니시오역,Q7040685,unique_korean_label,Wikidata CC0
西尾口,니시오구치역,Q7040701,unique_korean_label,Wikidata CC0
西枇杷島,니시비와지마역,Q7040314,unique_korean_label,Wikidata CC0
西浜田,니시하마다역,Q7040341,unique_korean_label,Wikidata CC0
西富山,니시토야마역,Q11627677,unique_korean_label,Wikidata CC0
西富士宮,니시후지노미야역,Q7040330,unique_korean_label,Wikidata CC0
西府,니시후역,Q5366323,unique_korean_label,Wikidata CC0
西武園,세이부엔역,Q7446611,unique_korean_label,Wikidata CC0
西武園ゆうえんち,유엔치니시역,Q8014583,unique_korean_label,Wikidata CC0
西武球場前,세이부큐조마에역,Q7446591,unique_korean_label,Wikidata CC0
西武新宿,세이부신주쿠역,Q167299,unique_korean_label,Wikidata CC0
西武秩父,세이부 지치부역,Q7446590,unique_korean_label,Wikidata CC0
西武柳沢,세이부 야기사와역,Q8014478,unique_korean_label,Wikidata CC0
西武立川,세이부 다치카와역,Q8014513,unique_korean_label,Wikidata CC0
西舞子,니시마이코역,Q11629438,unique_korean_label,Wikidata CC0
西舞鶴,니시마이즈루역,Q8192400,unique_korean_label,Wikidata CC0
西平内,니시히라나이역,Q6402261,unique_korean_label,Wikidata CC0
西米沢,니시요네자와역,Q11629372,unique_korean_label,Wikidata CC0
西別所,니시벳쇼역,Q11627288,unique_korean_label,Wikidata CC0
西片上,니시카타카미역,Q7040361,unique_korean_label,Wikidata CC0
西北見,니시키타미역,Q7040368,unique_korean_label,Wikidata CC0
西麻植,니시오에역,Q7040387,unique_korean_label,Wikidata CC0
西牟田,니시무타역,Q5359321,unique_korean_label,Wikidata CC0
西明石,니시아카시역,Q590272,unique_korean_label,Wikidata CC0
西木津,니시키즈역,Q855603,unique_korean_label,Wikidata CC0
西目,니시메역,Q7040617,unique_korean_label,Wikidata CC0
西様似,니시사마니역,Q7040395,unique_korean_label,Wikidata CC0
西里,니시사토역,Q5358723,unique_korean_label,Wikidata CC0
西立川,니시타치카와역,Q7040422,unique_korean_label,Wikidata CC0
西留辺蘂,니시루베시베역,Q8190231,unique_korean_label,Wikidata CC0
西鈴蘭台,니시스즈란다이역,Q7040415,unique_korean_label,Wikidata CC0
西和田,니시와다역,Q900485,unique_korean_label,Wikidata CC0
西脇市,니시와키시역,Q3097213,unique_korean_label,Wikidata CC0
西諫早,니시이사하야역,Q1066111,unique_korean_label,Wikidata CC0
醒ケ井,사메가이역,Q870959,unique_korean_label,Wikidata CC0
青井,아오이역,Q850623,unique_korean_label,Wikidata CC0
青井岳,아오이다케역,Q899300,unique_korean_label,Wikidata CC0
青海,아오미역,Q1042051,unique_korean_label,Wikidata CC0
青海川,오미가와역,Q4347815,unique_korean_label,Wikidata CC0
青郷,아오노고역,Q4778709,unique_korean_label,Wikidata CC0
青原,아오하라역,Q4778611,unique_korean_label,Wikidata CC0
青笹,아오자사역,Q1112611,unique_korean_label,Wikidata CC0
青山一丁目,아오야마 1초메 역,Q602410,unique_korean_label,Wikidata CC0
青山町,아오야마초역,Q4778841,unique_korean_label,Wikidata CC0
青沼,아오누마역,Q4778718,unique_korean_label,Wikidata CC0
青森,아오모리역,Q59516,unique_korean_label,Wikidata CC0
青倉,아오쿠라역,Q4778658,unique_korean_label,Wikidata CC0
青谷,아오야역,Q899423,unique_korean_label,Wikidata CC0
青塚,아오쓰카역,Q4778809,unique_korean_label,Wikidata CC0
青砥,아오토역,Q4132960,unique_korean_label,Wikidata CC0
青梅,오메역,Q843019,unique_korean_label,Wikidata CC0
青梅街道,오메카이도역,Q8014548,unique_korean_label,Wikidata CC0
青物横丁,아오모노요코초역,Q852188,unique_korean_label,Wikidata CC0
青堀,아오호리역,Q558935,unique_korean_label,Wikidata CC0
青木,오기역,Q8081472,unique_korean_label,Wikidata CC0
青野ケ原,아오노가하라역,Q3095654,unique_korean_label,Wikidata CC0
青野山,아오노야마역,Q4778712,unique_korean_label,Wikidata CC0
青柳,아오야기역,Q844053,unique_korean_label,Wikidata CC0
青葉,아오바역,Q4778571,unique_korean_label,Wikidata CC0
青葉山,아오바야마역,Q11662741,unique_korean_label,Wikidata CC0
青葉台,아오바다이역,Q857586,unique_korean_label,Wikidata CC0
青葉通一番町,아오바도리이치반초역,Q11352995,unique_korean_label,Wikidata CC0
静,시즈역,Q7499473,unique_korean_label,Wikidata CC0
静岡,시즈오카역,Q801440,unique_korean_label,Wikidata CC0
静間,시즈마역,Q5356765,unique_korean_label,Wikidata CC0
静狩,시즈카리역,Q7499486,unique_korean_label,Wikidata CC0
静和,시즈와역,Q7499516,unique_korean_label,Wikidata CC0
石井,이시이역,Q6080210,unique_korean_label,Wikidata CC0
石越,이시코시역,Q1058083,unique_korean_label,Wikidata CC0
石岡,이시오카역,Q5363819,unique_korean_label,Wikidata CC0
石屋川,이시야가와역,Q6080422,unique_korean_label,Wikidata CC0
石下,이시게역,Q6080189,unique_korean_label,Wikidata CC0
石蟹,이시가역,Q3661620,unique_korean_label,Wikidata CC0
石垣,이시카키역,Q8192092,unique_korean_label,Wikidata CC0
石巻,이시노마키역,Q11586500,unique_korean_label,Wikidata CC0
石巻あゆみ野,이시노마키아유미노역,Q18990335,unique_korean_label,Wikidata CC0
石橋阪大前,이시바시 역,Q866078,unique_korean_label,Wikidata CC0
石見,이와미역,Q6100492,unique_korean_label,Wikidata CC0
石見横田,이와미요코타역,Q6100474,unique_korean_label,Wikidata CC0
石見津田,이와미쓰다역,Q6100471,unique_korean_label,Wikidata CC0
石見福光,이와미후쿠미쓰역,Q5355394,unique_korean_label,Wikidata CC0
石原,이사역,Q871655,unique_korean_label,Wikidata CC0
石原町,이시하라마치역,Q5360226,unique_korean_label,Wikidata CC0
石山,이시야마역,Q740087,unique_korean_label,Wikidata CC0
石山寺,이시야마데라역,Q11585529,unique_korean_label,Wikidata CC0
石狩金沢,이시카리카나자와역,Q5362915,unique_korean_label,Wikidata CC0
石狩月形,이시카리쓰키가타역,Q11586870,unique_korean_label,Wikidata CC0
石狩沼田,이시카리누마타역,Q6080238,unique_korean_label,Wikidata CC0
石上,이시가미역,Q859782,unique_korean_label,Wikidata CC0
石場,이시바역,Q6080121,unique_korean_label,Wikidata CC0
石神井公園,샤쿠지이코엔역,Q8016003,unique_korean_label,Wikidata CC0
石神前,이시가미마에역,Q8013316,unique_korean_label,Wikidata CC0
石清水八幡宮,야와타시 역,Q1977185,unique_korean_label,Wikidata CC0
石生,이소역,Q780639,unique_korean_label,Wikidata CC0
石切,이시키리역,Q6080325,unique_korean_label,Wikidata CC0
石川,이시카와역,Q6080301,unique_korean_label,Wikidata CC0
石川台,이시카와다이역,Q6080316,unique_korean_label,Wikidata CC0
石川町,이시카와초역,Q800960,unique_korean_label,Wikidata CC0
石倉,이시쿠라역,Q864253,unique_korean_label,Wikidata CC0
石打,이시우치역,Q3660496,unique_korean_label,Wikidata CC0
石打ダム,이시우치다무역,Q6080416,unique_korean_label,Wikidata CC0
石地,이시지역,Q11585339,unique_korean_label,Wikidata CC0
石鳥谷,이시도리야역,Q899768,unique_korean_label,Wikidata CC0
石津,이시즈 역 (기후현),Q6080440,unique_korean_label,Wikidata CC0
石津川,이시즈가와역,Q6080457,unique_korean_label,Wikidata CC0
石鎚山,이시즈치야마역,Q872807,unique_korean_label,Wikidata CC0
石田,이시다역,Q774204,unique_korean_label,Wikidata CC0
石刀,이와토역,Q11585186,unique_korean_label,Wikidata CC0
石動,이스루기역,Q5359671,unique_korean_label,Wikidata CC0
石浜,이시하마역,Q6080197,unique_korean_label,Wikidata CC0
石部,이시베역,Q5362466,unique_korean_label,Wikidata CC0
石嶺,이시미네역,Q11585621,unique_korean_label,Wikidata CC0
石和温泉,이사와온센역,Q8013159,unique_korean_label,Wikidata CC0
赤井,아카이역,Q4700176,unique_korean_label,Wikidata CC0
赤井川,아카이가와역,Q1049269,unique_korean_label,Wikidata CC0
赤羽,아카바네역,Q800369,unique_korean_label,Wikidata CC0
赤羽岩淵,아카바네이와부치역,Q151409,unique_korean_label,Wikidata CC0
赤羽橋,아카바네바시역,Q246176,unique_korean_label,Wikidata CC0
赤間,아카마역,Q871575,unique_korean_label,Wikidata CC0
赤坂,아카사카역,Q1042002,unique_korean_label_catalog,Wikidata CC0
赤坂見附,아카사카미쓰케역,Q602384,unique_korean_label,Wikidata CC0
赤坂田,아카사카타역,Q4700320,unique_korean_label,Wikidata CC0
赤碕,아카사키역,Q899752,unique_korean_label,Wikidata CC0
赤城,아카기역,Q4700146,unique_korean_label,Wikidata CC0
赤水,아카미즈역,Q4700240,unique_korean_label,Wikidata CC0
赤瀬,아카세역,Q4700327,unique_korean_label,Wikidata CC0
赤星,아카보시역,Q1056031,unique_korean_label,Wikidata CC0
赤川,아카가와역,Q4700139,unique_korean_label,Wikidata CC0
赤倉温泉,아카쿠라온센역,Q1756866,unique_korean_label,Wikidata CC0
赤塚,아카쓰카역,Q865269,unique_korean_label,Wikidata CC0
赤土小学校前,아카도쇼갓코마에역,Q4700094,unique_korean_label,Wikidata CC0
赤湯,아카유역,Q1137103,unique_korean_label,Wikidata CC0
赤平,아카비라역,Q899024,unique_korean_label,Wikidata CC0
赤堀,아카호리역,Q4700157,unique_korean_label,Wikidata CC0
赤木,아카기역,Q990164,unique_korean_label,Wikidata CC0
赤目口,아카메구치역,Q4700236,unique_korean_label,Wikidata CC0
赤嶺,아카미네역,Q7571684,unique_korean_label,Wikidata CC0
赤渕,아카부치역,Q4700066,unique_korean_label,Wikidata CC0
切石,기리이시역,Q985307,unique_korean_label,Wikidata CC0
切通,기리도시역,Q6415144,unique_korean_label,Wikidata CC0
切目,기리메역,Q2898692,unique_korean_label,Wikidata CC0
摂津,셋쓰역,Q3970967,unique_korean_label,Wikidata CC0
摂津市,셋쓰시역,Q3970969,unique_korean_label,Wikidata CC0
摂津富田,셋쓰톤다역,Q59513,unique_korean_label,Wikidata CC0
摂津本山,셋쓰모토야마역,Q1042797,unique_korean_label,Wikidata CC0
折居,오리이역,Q7102659,unique_korean_label,Wikidata CC0
折原,오리하라역,Q845030,unique_korean_label,Wikidata CC0
折生迫,오류자코역,Q7105336,unique_korean_label,Wikidata CC0
折渡,오리와타리역,Q7102890,unique_korean_label,Wikidata CC0
折尾,오리오역,Q871048,unique_korean_label,Wikidata CC0
折壁,오리카베역,Q7102664,unique_korean_label,Wikidata CC0
折本,오리모토역,Q7102680,unique_korean_label,Wikidata CC0
雪が谷大塚,유키가야오쓰카역,Q8060692,unique_korean_label,Wikidata CC0
舌山,시타야마역,Q7499147,unique_korean_label,Wikidata CC0
仙巌園,센간엔역,Q49854035,unique_korean_label,Wikidata CC0
仙崎,센자키역,Q7451433,unique_korean_label,Wikidata CC0
仙川,센가와역,Q906121,unique_korean_label,Wikidata CC0
仙台,센다이 역 (미야기 현),Q801429,unique_korean_label,Wikidata CC0
仙台空港,센다이 공항역,Q841596,unique_korean_label,Wikidata CC0
仙北町,센보쿠초역,Q900140,unique_korean_label,Wikidata CC0
千厩,센마야역,Q8189420,unique_korean_label,Wikidata CC0
千曳,지비키역,Q5095344,unique_korean_label,Wikidata CC0
千曲,지쿠마역,Q5097502,unique_korean_label,Wikidata CC0
千国,지쿠니역,Q5097507,unique_korean_label,Wikidata CC0
千歳,지토세역,Q553875,unique_korean_label,Wikidata CC0
千歳烏山,지토세카라스야마역,Q841868,unique_korean_label,Wikidata CC0
千歳船橋,지토세후나바시역,Q4458343,unique_korean_label,Wikidata CC0
千種,지쿠사역,Q863068,unique_korean_label,Wikidata CC0
千住大橋,센주오하시역,Q388969,unique_korean_label,Wikidata CC0
千丈,센조역,Q899525,unique_korean_label,Wikidata CC0
千城台,지시로다이역,Q5102080,unique_korean_label,Wikidata CC0
千城台北,지시로다이키타역,Q5102077,unique_korean_label,Wikidata CC0
千畳敷,센조지키역,Q11405761,unique_korean_label,Wikidata CC0
千石,센고쿠역,Q1039142,unique_korean_label,Wikidata CC0
千川,센카와역,Q128304,unique_korean_label,Wikidata CC0
千船,지부네역,Q5095355,unique_korean_label,Wikidata CC0
千倉,지쿠라역,Q553855,unique_korean_label,Wikidata CC0
千早,지하야역,Q871739,unique_korean_label,Wikidata CC0
千早口,지하야구치역,Q5097284,unique_korean_label,Wikidata CC0
千駄ケ谷,센다가야역,Q801428,unique_korean_label,Wikidata CC0
千駄木,센다기역,Q390662,unique_korean_label,Wikidata CC0
千代,지요역,Q906058,unique_korean_label,Wikidata CC0
千代ヶ岡,지요가오카역,Q5102629,unique_korean_label,Wikidata CC0
千代県庁口,지요켄초구치역,Q4357546,unique_korean_label,Wikidata CC0
千代崎,지요자키역,Q2815899,unique_korean_label,Wikidata CC0
千代川,지요카와역,Q1043705,unique_korean_label,Wikidata CC0
千代田,지요다역,Q5102628,unique_korean_label,Wikidata CC0
千旦,센다역,Q2646894,unique_korean_label,Wikidata CC0
千丁,센초역,Q5358139,unique_korean_label,Wikidata CC0
千鳥,지도리역,Q5096630,unique_korean_label,Wikidata CC0
千鳥橋,지도리바시역,Q2700642,unique_korean_label,Wikidata CC0
千鳥町,지도리초역,Q5096628,unique_korean_label,Wikidata CC0
千徳,센토쿠역,Q7451363,unique_korean_label,Wikidata CC0
千本,센본역,Q11405604,unique_korean_label,Wikidata CC0
千綿,지와타역,Q5102598,unique_korean_label,Wikidata CC0
千葉,지바역,Q800625,unique_korean_label,Wikidata CC0
千葉ニュータウン中央,지바뉴타운추오역,Q855466,unique_korean_label,Wikidata CC0
千葉みなと,지바미나토역,Q2648818,unique_korean_label,Wikidata CC0
千葉公園,지바코엔역,Q5095295,unique_korean_label,Wikidata CC0
千葉寺,지바데라역,Q11405986,unique_korean_label,Wikidata CC0
千葉中央,지바추오역,Q5095292,unique_korean_label,Wikidata CC0
千里,지사토역,Q5102057,unique_korean_label,Wikidata CC0
千里丘,센리오카역,Q59511,unique_korean_label,Wikidata CC0
千里山,센리야마역,Q7450929,unique_korean_label,Wikidata CC0
千里中央,센리주오 역,Q2056658,unique_korean_label,Wikidata CC0
千林,센바야시역,Q857384,unique_korean_label,Wikidata CC0
千林大宮,센바야시오미야역,Q83605,unique_korean_label,Wikidata CC0
千路,지지역,Q5097324,unique_korean_label,Wikidata CC0
占冠,시무캇푸역,Q7497051,unique_korean_label,Wikidata CC0
川井,가와이 역 (도쿄 도),Q6379533,unique_korean_label,Wikidata CC0
川越,가와고에역,Q800995,unique_korean_label,Wikidata CC0
川越市,가와고에시역,Q4702993,unique_korean_label,Wikidata CC0
川越富洲原,가와고에토미스하라역,Q7732769,unique_korean_label,Wikidata CC0
川角,가와카도역,Q6379557,unique_korean_label,Wikidata CC0
川間,가와마역,Q6379600,unique_korean_label,Wikidata CC0
川岸,가와기시역,Q843948,unique_korean_label,Wikidata CC0
川桁,가와게타역,Q6379491,unique_korean_label,Wikidata CC0
川原石,가와라이시역,Q6379682,unique_korean_label,Wikidata CC0
川原町,가와라마치역,Q6379686,unique_korean_label,Wikidata CC0
川原湯温泉,가와라유온센역,Q6379693,unique_korean_label,Wikidata CC0
川口,가와구치역,Q735498,unique_korean_label,Wikidata CC0
川口元郷,가와구치모토고역,Q3701469,unique_korean_label,Wikidata CC0
川合高岡,가와이타카오카역,Q6379519,unique_korean_label,Wikidata CC0
川崎,가와사키역,Q80562,unique_korean_label,Wikidata CC0
川崎新町,가와사키신마치역,Q6379722,unique_korean_label,Wikidata CC0
川崎大師,가와사키다이시역,Q6379720,unique_korean_label,Wikidata CC0
川尻,가와시리역,Q875954,unique_korean_label,Wikidata CC0
川西,가와니시역,Q6379664,unique_korean_label,Wikidata CC0
川西池田,가와니시이케다역,Q855900,unique_korean_label,Wikidata CC0
川西能勢口,가와니시노세구치역,Q3969857,unique_korean_label,Wikidata CC0
川前,가와마에역,Q6379603,unique_korean_label,Wikidata CC0
川棚,가와타나역,Q6379885,unique_korean_label,Wikidata CC0
川棚温泉,가와타나온센역,Q3661666,unique_korean_label,Wikidata CC0
川端,가와바타역,Q6379418,unique_korean_label,Wikidata CC0
川中島,가와나카지마역,Q5357074,unique_korean_label,Wikidata CC0
川添,가와조에역,Q5358018,unique_korean_label,Wikidata CC0
川田,가와타역,Q430650,unique_korean_label,Wikidata CC0
川渡温泉,가와타비온센역,Q642583,unique_korean_label,Wikidata CC0
川島,가와시마역,Q6379871,unique_korean_label,Wikidata CC0
川東,가와히가시역,Q11478848,unique_korean_label,Wikidata CC0
川湯温泉,가와유온센역,Q6379906,unique_korean_label,Wikidata CC0
川奈,가와나역,Q11478155,unique_korean_label,Wikidata CC0
川南,가와미나미역,Q5357937,unique_korean_label,Wikidata CC0
川之江,가와노에역,Q873285,unique_korean_label,Wikidata CC0
川部,가와베역,Q6379432,unique_korean_label,Wikidata CC0
川辺沖,가와베오키역,Q6379436,unique_korean_label,Wikidata CC0
川俣,가와마타역,Q6379607,unique_korean_label,Wikidata CC0
川名,가와나역,Q863622,unique_korean_label,Wikidata CC0
川路,가와지역,Q984933,unique_korean_label,Wikidata CC0
川和町,가와와초역,Q6379900,unique_korean_label,Wikidata CC0
扇大橋,오기오하시역,Q8081475,unique_korean_label,Wikidata CC0
扇町,오기마치역,Q843811,unique_korean_label,Wikidata CC0
扇田,오기타역,Q8081473,unique_korean_label,Wikidata CC0
泉,이즈미역,Q5353527,unique_korean_label,Wikidata CC0
泉ケ丘,이즈미가오카역,Q6102358,unique_korean_label,Wikidata CC0
泉外旭川,이즈미소토아사히카와역,Q85663702,unique_korean_label,Wikidata CC0
泉岳寺,센가쿠지역,Q905742,unique_korean_label,Wikidata CC0
泉郷,이즈미고역,Q11554944,unique_korean_label,Wikidata CC0
泉佐野,이즈미사노역,Q6102374,unique_korean_label,Wikidata CC0
泉崎,이즈미자키역,Q873238,unique_korean_label,Wikidata CC0
泉体育館,이즈미타이이쿠칸역,Q6102266,unique_korean_label,Wikidata CC0
泉大津,이즈미오쓰역,Q6102379,unique_korean_label,Wikidata CC0
泉沢,이즈미사와역,Q5360692,unique_korean_label,Wikidata CC0
泉中央,이즈미추오역,Q6102259,unique_korean_label,Wikidata CC0
泉田,이즈미타역,Q6102377,unique_korean_label,Wikidata CC0
浅海,아사나미역,Q1057690,unique_korean_label,Wikidata CC0
浅海井,아자무이역,Q873068,unique_korean_label,Wikidata CC0
浅間町,센겐초역,Q863210,unique_korean_label,Wikidata CC0
浅香,아사카역,Q1043687,unique_korean_label,Wikidata CC0
浅香山,아사카야마역,Q4803423,unique_korean_label,Wikidata CC0
浅川,아사카와역,Q4803422,unique_korean_label,Wikidata CC0
浅草,아사쿠사역,Q800405,unique_korean_label,Wikidata CC0
浅草橋,아사쿠사바시역,Q800404,unique_korean_label,Wikidata CC0
浅虫温泉,아사무시온센역,Q650851,unique_korean_label,Wikidata CC0
浅野,아사노역,Q4803534,unique_korean_label,Wikidata CC0
浅利,아사리역,Q4803613,unique_korean_label,Wikidata CC0
洗足,센조쿠역,Q7451439,unique_korean_label,Wikidata CC0
洗足池,센조쿠이케역,Q7451436,unique_korean_label,Wikidata CC0
船引,후네히키역,Q5509093,unique_korean_label,Wikidata CC0
船越,후나코시역,Q5508727,unique_korean_label,Wikidata CC0
船岡,후나오카역,Q871669,unique_korean_label,Wikidata CC0
船橋,후나바시역,Q800795,unique_korean_label,Wikidata CC0
船橋競馬場,후나바시케이바조역,Q5508710,unique_korean_label,Wikidata CC0
船橋日大前,후나바시니치다이마에역,Q5366251,unique_korean_label,Wikidata CC0
船橋法典,후나바시호텐역,Q2743695,unique_korean_label,Wikidata CC0
船戸,후나토역,Q2646859,unique_korean_label,Wikidata CC0
船佐,후나사역,Q3661633,unique_korean_label,Wikidata CC0
船町,후나마치역,Q771600,unique_korean_label,Wikidata CC0
船町口,후나마치구치역,Q3096506,unique_korean_label,Wikidata CC0
船尾,후나오역,Q5508733,unique_korean_label,Wikidata CC0
船平山,후나히라야마역,Q5508716,unique_korean_label,Wikidata CC0
船堀,후나보리역,Q1041252,unique_korean_label,Wikidata CC0
銭函,제니바코역,Q1044908,unique_korean_label,Wikidata CC0
前橋,마에바시역,Q1062416,unique_korean_label,Wikidata CC0
前橋大島,마에바시오시마역,Q6729071,unique_korean_label,Wikidata CC0
前空,마에조라역,Q5358411,unique_korean_label,Wikidata CC0
前原,마에바라역,Q11397077,unique_korean_label,Wikidata CC0
前後,젠고역,Q8069079,unique_korean_label,Wikidata CC0
前栽,센자이역,Q7451432,unique_korean_label,Wikidata CC0
前山,마에야마역,Q6729412,unique_korean_label,Wikidata CC0
前川,마에카와역,Q11397211,unique_korean_label,Wikidata CC0
前沢,마에사와역,Q899648,unique_korean_label,Wikidata CC0
前谷地,마에야치역,Q6729414,unique_korean_label,Wikidata CC0
前之浜,마에노하마역,Q872681,unique_korean_label,Wikidata CC0
善光寺,젠코지역,Q8069148,unique_korean_label,Wikidata CC0
善行,젠교역,Q4160904,unique_korean_label,Wikidata CC0
善師野,젠지노역,Q11418926,unique_korean_label,Wikidata CC0
善通寺,젠쓰지역,Q899921,unique_korean_label,Wikidata CC0
然別,시카리베쓰역,Q861440,unique_korean_label,Wikidata CC0
禅昌寺,젠쇼지역,Q11270854,unique_korean_label,Wikidata CC0
膳所,제제역,Q1042692,unique_korean_label,Wikidata CC0
膳所本町,제제혼마치역,Q8069983,unique_korean_label,Wikidata CC0
曽根,소네역,Q610943,unique_korean_label,Wikidata CC0
曽山寺,소산지역,Q7563827,unique_korean_label,Wikidata CC0
曽波神,소바노카미역,Q7549897,unique_korean_label,Wikidata CC0
楚原,소하라역,Q11541143,unique_korean_label,Wikidata CC0
祖師ヶ谷大蔵,소시가야오쿠라역,Q4429457,unique_korean_label,Wikidata CC0
祖谷口,이야구치역,Q901383,unique_korean_label,Wikidata CC0
祖母島,우바시마역,Q7876424,unique_korean_label,Wikidata CC0
蘇我,소가역,Q844422,unique_korean_label,Wikidata CC0
蘇原,소하라역,Q873312,unique_korean_label,Wikidata CC0
鼠ケ関,네즈가세키역,Q7021636,unique_korean_label,Wikidata CC0
双葉,후타바역,Q5510442,unique_korean_label,Wikidata CC0
倉永,구라나가역,Q11386832,unique_korean_label,Wikidata CC0
倉賀野,구라가노역,Q910582,unique_korean_label,Wikidata CC0
倉吉,구라요시역,Q899254,unique_korean_label,Wikidata CC0
倉橋,구라하시역,Q5364298,unique_korean_label,Wikidata CC0
倉見,구라미역,Q6445569,unique_korean_label,Wikidata CC0
倉敷,구라시키역,Q844677,unique_korean_label,Wikidata CC0
倉本,구라모토역,Q5359488,unique_korean_label,Wikidata CC0
挿頭丘,가자시가오카역,Q11498108,unique_korean_label,Wikidata CC0
早稲田,와세다역,Q1078459,unique_korean_label,Wikidata CC0
早岐,하이키역,Q5639131,unique_korean_label,Wikidata CC0
早戸,하야토역,Q5686168,unique_korean_label,Wikidata CC0
早口,하야구치역,Q5685960,unique_korean_label,Wikidata CC0
早瀬,하야세역,Q775420,unique_korean_label,Wikidata CC0
早川,하야카와역,Q865781,unique_korean_label,Wikidata CC0
早通,하야도리역,Q5685949,unique_korean_label,Wikidata CC0
早島,하야시마역,Q11511252,unique_korean_label,Wikidata CC0
早来,하야키타역,Q5685978,unique_korean_label,Wikidata CC0
巣鴨,스가모역,Q801500,unique_korean_label,Wikidata CC0
漕代,고이시로역,Q6426352,unique_korean_label,Wikidata CC0
相可,오카역,Q8011227,unique_korean_label,Wikidata CC0
相賀,아이가역,Q4696816,unique_korean_label,Wikidata CC0
相月,아이즈키역,Q776777,unique_korean_label,Wikidata CC0
相見,아이미역,Q900229,unique_korean_label,Wikidata CC0
相原,아이하라역,Q844635,unique_korean_label,Wikidata CC0
相生,아이오이역,Q4697555,unique_korean_label,Wikidata CC0
相生山,아이오이야마역,Q866681,unique_korean_label,Wikidata CC0
相川,아이카와역,Q377279,unique_korean_label,Wikidata CC0
相知,오치역,Q8081434,unique_korean_label,Wikidata CC0
相内,아이노나이역,Q4697471,unique_korean_label,Wikidata CC0
相馬,소마역,Q7667604,unique_korean_label,Wikidata CC0
相武台下,소부다이시타역,Q7667566,unique_korean_label,Wikidata CC0
相武台前,소부다이마에역,Q4426128,unique_korean_label,Wikidata CC0
相模金子,사가미카네코역,Q5357284,unique_korean_label,Wikidata CC0
相模原,사가미하라역,Q844696,unique_korean_label,Wikidata CC0
相模湖,사가미코역,Q7398971,unique_korean_label,Wikidata CC0
相模沼田,사가미누마타역,Q7398953,unique_korean_label,Wikidata CC0
相模大塚,사가미오쓰카역,Q7398954,unique_korean_label,Wikidata CC0
相模大野,사가미오노역,Q1054659,unique_korean_label,Wikidata CC0
相野,아이노역,Q1043180,unique_korean_label,Wikidata CC0
相野々,아이노노역,Q4697472,unique_korean_label,Wikidata CC0
相老,아이오이역,Q4697556,unique_korean_label,Wikidata CC0
総合リハビリセンター,소고리하비리센터역,Q841943,unique_korean_label,Wikidata CC0
総合運動公園,소고운도코엔역,Q5358496,unique_korean_label,Wikidata CC0
総持寺,소지지역,Q666784,unique_korean_label,Wikidata CC0
総社,소자역,Q844657,unique_korean_label,Wikidata CC0
草加,소카역,Q842450,unique_korean_label,Wikidata CC0
草江,구사에역,Q6447740,unique_korean_label,Wikidata CC0
草津,구사쓰역,Q775813,unique_korean_label,Wikidata CC0
草薙,구사나기역,Q871079,unique_korean_label,Wikidata CC0
草野,구사노역,Q856525,unique_korean_label,Wikidata CC0
荘原,쇼바라역,Q5355723,unique_korean_label,Wikidata CC0
藻琴,모코토역,Q6895402,unique_korean_label,Wikidata CC0
増尾,마스오 역 (지바 현),Q6785712,unique_korean_label,Wikidata CC0
増毛,마시케역,Q6783152,unique_korean_label,Wikidata CC0
蔵王,자오역,Q8067684,unique_korean_label,Wikidata CC0
蔵前,구라마에역,Q112348,unique_korean_label,Wikidata CC0
蔵本,구라모토역,Q6445576,unique_korean_label,Wikidata CC0
造田,조다역,Q81401,unique_korean_label,Wikidata CC0
足ケ瀬,아시가세역,Q3890814,unique_korean_label,Wikidata CC0
足羽,아스와역,Q4811964,unique_korean_label,Wikidata CC0
足守,아시모리역,Q4805094,unique_korean_label,Wikidata CC0
足滝,아시다키역,Q4805058,unique_korean_label,Wikidata CC0
足尾,아시오역,Q4805122,unique_korean_label,Wikidata CC0
足柄,아시가라역,Q1108294,unique_korean_label,Wikidata CC0
足利,아시카가역,Q1004362,unique_korean_label,Wikidata CC0
足利市,아시카가시역,Q1000572,unique_korean_label,Wikidata CC0
足立,아시다치역,Q3661687,unique_korean_label,Wikidata CC0
足立小台,아다치오다이역,Q4678340,unique_korean_label,Wikidata CC0
速星,하야호시역,Q5685963,unique_korean_label,Wikidata CC0
袖ケ浦,소데가우라역,Q573413,unique_korean_label,Wikidata CC0
袖崎,소데사키역,Q7553256,unique_korean_label,Wikidata CC0
村井,무라이역,Q3797730,unique_korean_label,Wikidata CC0
村崎野,무라사키노역,Q899287,unique_korean_label,Wikidata CC0
村山,무라야마역,Q1053166,unique_korean_label,Wikidata CC0
村上,무라카미역,Q6937257,unique_korean_label,Wikidata CC0
村野,무라노역,Q6937332,unique_korean_label,Wikidata CC0
多々良,다타라역,Q7687888,unique_korean_label,Wikidata CC0
多ノ郷,오노고역,Q8081667,unique_korean_label,Wikidata CC0
多屋,다야역,Q7689741,unique_korean_label,Wikidata CC0
多賀城,다가조역,Q7675127,unique_korean_label,Wikidata CC0
多喜浜,다키하마역,Q872785,unique_korean_label,Wikidata CC0
多寄,다요로역,Q901451,unique_korean_label,Wikidata CC0
多気,다키역,Q5357971,unique_korean_label,Wikidata CC0
多久,다쿠역,Q5363258,unique_korean_label,Wikidata CC0
多治見,다지미역,Q7676871,unique_korean_label,Wikidata CC0
多田,다다역,Q7674268,unique_korean_label,Wikidata CC0
多田羅,다타라역,Q7687886,unique_korean_label,Wikidata CC0
多度,다도역,Q7674658,unique_korean_label,Wikidata CC0
多度津,다도쓰역,Q864436,unique_korean_label,Wikidata CC0
多奈川,다나가와역,Q7682211,unique_korean_label,Wikidata CC0
多摩センター,다마 센터역,Q988468,unique_korean_label,Wikidata CC0
多摩境,다마사카이역,Q4450818,unique_korean_label,Wikidata CC0
多摩湖,세이부유엔치역,Q7446596,unique_korean_label,Wikidata CC0
多摩川,다마가와역,Q7680540,unique_korean_label,Wikidata CC0
多摩動物公園,다마도부쓰코엔역,Q4450752,unique_korean_label,Wikidata CC0
多磨,다마역,Q5368661,unique_korean_label,Wikidata CC0
多磨霊園,다마레이엔역,Q7680496,unique_korean_label,Wikidata CC0
太海,후토미역,Q553805,unique_korean_label,Wikidata CC0
太閤通,나카무라쿠야쿠쇼역,Q850809,unique_korean_label,Wikidata CC0
太宰府,다자이후역,Q5243657,unique_korean_label,Wikidata CC0
太子橋今市,다이시바시이마이치역,Q1042508,unique_korean_label,Wikidata CC0
太子堂,다이시도역,Q898884,unique_korean_label,Wikidata CC0
太市,오이치역,Q8081504,unique_korean_label,Wikidata CC0
太秦,우즈마사역,Q1044091,unique_korean_label,Wikidata CC0
太秦天神川,우즈마사텐진가와역,Q2374167,unique_korean_label,Wikidata CC0
太地,다이지역,Q2650271,unique_korean_label,Wikidata CC0
太田,오타역,Q8081729,unique_korean_label,Wikidata CC0
太田川,오타가와역,Q8081740,unique_korean_label,Wikidata CC0
太田部,오타베역,Q8081739,unique_korean_label,Wikidata CC0
太東,다이토역,Q564210,unique_korean_label,Wikidata CC0
太美,후토미역,Q2490277,unique_korean_label,Wikidata CC0
打井川,우쓰이가와역,Q7903274,unique_korean_label,Wikidata CC0
打出,우치데역,Q7876712,unique_korean_label,Wikidata CC0
打田,우치타역,Q3193482,unique_korean_label,Wikidata CC0
打保,우쓰보역,Q5357898,unique_korean_label,Wikidata CC0
駄科,다시나역,Q985055,unique_korean_label,Wikidata CC0
帯解,오비토케역,Q3702696,unique_korean_label,Wikidata CC0
帯広,오비히로역,Q1073709,unique_korean_label,Wikidata CC0
帯織,오비오리역,Q11481209,unique_korean_label,Wikidata CC0
替佐,가에사역,Q6346024,unique_korean_label,Wikidata CC0
苔縄,고케나와역,Q6426589,unique_korean_label,Wikidata CC0
袋井,후쿠로이역,Q871711,unique_korean_label,Wikidata CC0
袋倉,후쿠로구라역,Q5507710,unique_korean_label,Wikidata CC0
袋田,후쿠로다역,Q5507709,unique_korean_label,Wikidata CC0
代々木,요요기역,Q590162,unique_korean_label,Wikidata CC0
代々木公園,요요기코엔역,Q347796,unique_korean_label,Wikidata CC0
代々木上原,요요기우에하라역,Q1131825,unique_korean_label,Wikidata CC0
代々木八幡,요요기하치만역,Q1083866,unique_korean_label,Wikidata CC0
代官山,다이칸야마역,Q852326,unique_korean_label,Wikidata CC0
代田橋,다이타바시역,Q4154095,unique_korean_label,Wikidata CC0
台原,다이노하라역,Q5209510,unique_korean_label,Wikidata CC0
台場,다이바역,Q906784,unique_korean_label,Wikidata CC0
大阿太,오아다역,Q8081416,unique_korean_label,Wikidata CC0
大安寺,다이안지역,Q5209068,unique_korean_label,Wikidata CC0
大井競馬場前,오이케이바조마에역,Q5367547,unique_korean_label,Wikidata CC0
大井町,오이마치역,Q801690,unique_korean_label,Wikidata CC0
大磯,오이소역,Q865175,unique_korean_label,Wikidata CC0
大羽根園,오바네엔역,Q8081423,unique_korean_label,Wikidata CC0
大浦,오우라역,Q898624,unique_korean_label,Wikidata CC0
大越,오고에역,Q11439275,unique_korean_label,Wikidata CC0
大堰,오제키역,Q11433868,unique_korean_label,Wikidata CC0
大塩,오시오역,Q8081713,unique_korean_label,Wikidata CC0
大岡,오오카역,Q900307,unique_korean_label,Wikidata CC0
大岡山,오오카야마역,Q843724,unique_korean_label,Wikidata CC0
大屋,오야역,Q8081801,unique_korean_label,Wikidata CC0
大河内,오카와치역,Q8081555,unique_korean_label,Wikidata CC0
大海,오미역,Q773149,unique_korean_label,Wikidata CC0
大開,다이카이역,Q5209161,unique_korean_label,Wikidata CC0
大垣,오가키역,Q871579,unique_korean_label,Wikidata CC0
大楽毛,오타노시케역,Q899685,unique_korean_label,Wikidata CC0
大釜,오카마역,Q8081544,unique_korean_label,Wikidata CC0
大貫,오누키역,Q558903,unique_korean_label,Wikidata CC0
大間,오마역,Q8081594,unique_korean_label,Wikidata CC0
大間々,오마마역,Q8081605,unique_korean_label,Wikidata CC0
大間越,오마고시역,Q8081604,unique_korean_label,Wikidata CC0
大館,오다테역,Q8081437,unique_korean_label,Wikidata CC0
大岸,오키시역,Q8081565,unique_korean_label,Wikidata CC0
大岩,오이와역,Q899457,unique_korean_label,Wikidata CC0
大久喜,오쿠키역,Q6543357,unique_korean_label,Wikidata CC0
大久保,오쿠보역,Q1042802,unique_korean_label,Wikidata CC0
大宮,오미야역,Q801692,unique_korean_label,Wikidata CC0
大宮公園,오미야코엔역,Q8081623,unique_korean_label,Wikidata CC0
大曲,오마가리역,Q1052987,unique_korean_label,Wikidata CC0
大金,오가네역,Q8081465,unique_korean_label,Wikidata CC0
大隅横川,오스미요코가와역,Q5375494,unique_korean_label,Wikidata CC0
大隅夏井,오스미나쓰이역,Q8081719,unique_korean_label,Wikidata CC0
大隅大川原,오스미오카와라역,Q5357231,unique_korean_label,Wikidata CC0
大桑,오쿠와역,Q5359405,unique_korean_label,Wikidata CC0
大形,오가타역,Q8081468,unique_korean_label,Wikidata CC0
大月,오쓰키역,Q843189,unique_korean_label,Wikidata CC0
大元,오모토역,Q8081633,unique_korean_label,Wikidata CC0
大戸,오토역,Q8081763,unique_korean_label,Wikidata CC0
大戸瀬,오도세역,Q8081442,unique_korean_label,Wikidata CC0
大口,오구치역,Q801688,unique_korean_label,Wikidata CC0
大更,오부케역,Q8081429,unique_korean_label,Wikidata CC0
大江,오에역,Q8081447,unique_korean_label,Wikidata CC0
大江橋,오에바시역,Q981704,unique_korean_label,Wikidata CC0
大溝,오미조역,Q11437557,unique_korean_label,Wikidata CC0
大行司,다이교지역,Q5209120,unique_korean_label,Wikidata CC0
大高,오다카역,Q871424,unique_korean_label,Wikidata CC0
大濠公園,오호리 공원역,Q4357451,unique_korean_label,Wikidata CC0
大国町,다이코쿠초역,Q1052129,unique_korean_label,Wikidata CC0
大佐倉,오사쿠라역,Q8081685,unique_korean_label,Wikidata CC0
大歳,오토시역,Q8081774,unique_korean_label,Wikidata CC0
大在,오자이역,Q5359540,unique_korean_label,Wikidata CC0
大阪,오사카역,Q801694,unique_korean_label,Wikidata CC0
大阪ビジネスパーク,오사카 비즈니스파크역,Q135205,unique_korean_label,Wikidata CC0
大阪阿部野橋,오사카아베노바시역,Q6801405,unique_korean_label,Wikidata CC0
大阪教育大前,오사카쿄이쿠다이마에역,Q8081682,unique_korean_label,Wikidata CC0
大阪狭山市,오사카사야마시역,Q8081684,unique_korean_label,Wikidata CC0
大阪空港,오사카 공항역,Q3968801,unique_korean_label,Wikidata CC0
大阪港,오사카코역,Q1132628,unique_korean_label,Wikidata CC0
大阪上本町,오사카우에혼마치역,Q872600,unique_korean_label,Wikidata CC0
大阪城公園,오사카조코엔역,Q1131304,unique_korean_label,Wikidata CC0
大阪城北詰,오사카조키타즈메역,Q585132,unique_korean_label,Wikidata CC0
大阪天満宮,오사카텐만구역,Q1073324,unique_korean_label,Wikidata CC0
大阪難波,오사카난바역,Q2310134,unique_korean_label,Wikidata CC0
大阪梅田,오사카우메다역,Q20023052,unique_korean_label,Wikidata CC0
大崎,오사키역,Q801695,unique_korean_label,Wikidata CC0
大崎広小路,오사키히로코지역,Q8081686,unique_korean_label,Wikidata CC0
大三,오미쓰역,Q8081619,unique_korean_label,Wikidata CC0
大山口,다이센구치역,Q900286,unique_korean_label,Wikidata CC0
大山崎,오야마자키역,Q3971407,unique_korean_label,Wikidata CC0
大山寺,다이산지역,Q7676396,unique_korean_label,Wikidata CC0
大師橋,다이시바시역,Q7418195,unique_korean_label,Wikidata CC0
大師前,다이시마에역,Q5209614,unique_korean_label,Wikidata CC0
大篠津町,오시노즈초역,Q4207645,unique_korean_label,Wikidata CC0
大蛇,오자역,Q8081543,unique_korean_label,Wikidata CC0
大釈迦,다이샤카역,Q5209607,unique_korean_label,Wikidata CC0
大手町,오테마치역,Q11435570,unique_korean_label,Wikidata CC0
大住,오스미역,Q589844,unique_korean_label,Wikidata CC0
大沼,오누마역,Q1049310,unique_korean_label,Wikidata CC0
大沼公園,오누마코엔역,Q1049391,unique_korean_label,Wikidata CC0
大乗,오노리역,Q8081672,unique_korean_label,Wikidata CC0
大城,오키역,Q11433849,unique_korean_label,Wikidata CC0
大場,다이바역,Q5209070,unique_korean_label,Wikidata CC0
大森,오모리역,Q80420,unique_korean_label,Wikidata CC0
大森・金城学院前,오모리 · 긴조가쿠인마에역,Q8081631,unique_korean_label,Wikidata CC0
大森海岸,오모리카이간역,Q1592872,unique_korean_label,Wikidata CC0
大森台,오모리다이역,Q8081632,unique_korean_label,Wikidata CC0
大森町,오모리마치역,Q5362060,unique_korean_label,Wikidata CC0
大神,오가역,Q5360340,unique_korean_label,Wikidata CC0
大神宮下,다이진구시타역,Q5209145,unique_korean_label,Wikidata CC0
大仁,오히토역,Q8081500,unique_korean_label,Wikidata CC0
大須観音,오스칸논역,Q862936,unique_korean_label,Wikidata CC0
大杉,오스기역,Q901012,unique_korean_label,Wikidata CC0
大正,다이쇼역,Q1131158,unique_korean_label,Wikidata CC0
大聖寺,다이쇼지역,Q3701465,unique_korean_label,Wikidata CC0
大石田,오이시다역,Q1137108,unique_korean_label,Wikidata CC0
大川平,오카와다이역,Q8081557,unique_korean_label,Wikidata CC0
大川野,오카와노역,Q8081561,unique_korean_label,Wikidata CC0
大泉,오이즈미역,Q11437195,unique_korean_label,Wikidata CC0
大泉学園,오이즈미가쿠엔역,Q8016303,unique_korean_label,Wikidata CC0
大洗,오아라이역,Q11437232,unique_korean_label,Wikidata CC0
大船,오후나역,Q1143863,unique_korean_label,Wikidata CC0
大前,오마에역,Q3971398,unique_korean_label,Wikidata CC0
大善寺,다이젠지역,Q5209854,unique_korean_label,Wikidata CC0
大曽根,오조네역,Q872075,unique_korean_label,Wikidata CC0
大曽根浦,오소네우라역,Q8009824,unique_korean_label,Wikidata CC0
大倉山,오쿠라야마역,Q5358351,unique_korean_label,Wikidata CC0
大草,오쿠사역,Q5355384,unique_korean_label,Wikidata CC0
大蔵谷,오쿠라다니역,Q8081586,unique_korean_label,Wikidata CC0
大多羅,오다라역,Q3610905,unique_korean_label,Wikidata CC0
大袋,오부쿠로역,Q8081433,unique_korean_label,Wikidata CC0
大滝,오타키역,Q8081754,unique_korean_label,Wikidata CC0
大滝温泉,오타키온센역,Q8081751,unique_korean_label,Wikidata CC0
大谷向,다이야무코역,Q5209838,unique_korean_label,Wikidata CC0
大池,오이케역,Q8081511,unique_korean_label,Wikidata CC0
大竹,오타케역,Q5358298,unique_korean_label,Wikidata CC0
大中山,오나카야마역,Q1049379,unique_korean_label,Wikidata CC0
大張野,오바리노역,Q8081428,unique_korean_label,Wikidata CC0
大町,오마치역,Q8081600,unique_korean_label,Wikidata CC0
大町西公園,오마치니시코엔역,Q11627264,unique_korean_label,Wikidata CC0
大鳥羽,오토바역,Q8081764,unique_korean_label,Wikidata CC0
大鳥居,오토리이역,Q5362449,unique_korean_label,Wikidata CC0
大津,오쓰역,Q1042976,unique_korean_label,Wikidata CC0
大津京,오쓰쿄역,Q5367242,unique_korean_label,Wikidata CC0
大津港,오쓰코역,Q5353392,unique_korean_label,Wikidata CC0
大津市役所前,벳쇼 역,Q11396809,unique_korean_label,Wikidata CC0
大通,오도리역,Q2365150,unique_korean_label,Wikidata CC0
大塚・帝京大学,오쓰카테이쿄다이가쿠역,Q8011282,unique_korean_label,Wikidata CC0
大鶴,오쓰루역,Q8081780,unique_korean_label,Wikidata CC0
大田郷,오타고역,Q8081743,unique_korean_label,Wikidata CC0
大田口,오타구치역,Q900670,unique_korean_label,Wikidata CC0
大田市,오다시역,Q5356122,unique_korean_label,Wikidata CC0
大田切,오타기리역,Q990058,unique_korean_label,Wikidata CC0
大土呂,오도로역,Q5359873,unique_korean_label,Wikidata CC0
大塔,다이토역,Q5209814,unique_korean_label,Wikidata CC0
大島,오지마역,Q1040931,unique_korean_label_catalog,Wikidata CC0
大同町,다이도초역,Q5209087,unique_korean_label,Wikidata CC0
大堂津,오도쓰역,Q8081443,unique_korean_label,Wikidata CC0
大道,다이도역,Q5209088,unique_korean_label,Wikidata CC0
大内,오우치역,Q4388110,unique_korean_label,Wikidata CC0
大内山,오우치야마역,Q5358056,unique_korean_label,Wikidata CC0
大日,다이니치역,Q681742,unique_korean_label,Wikidata CC0
大入,다이뉴역,Q5209522,unique_korean_label,Wikidata CC0
大泊,오도마리역,Q5357550,unique_korean_label,Wikidata CC0
大白川,오시라카와역,Q8081711,unique_korean_label,Wikidata CC0
大畠,오바타케역,Q5358101,unique_korean_label,Wikidata CC0
大府,오부역,Q871001,unique_korean_label,Wikidata CC0
大福,다이후쿠역,Q5209097,unique_korean_label,Wikidata CC0
大物,다이모쓰역,Q2039189,unique_korean_label,Wikidata CC0
大分,오이타역,Q861542,unique_korean_label,Wikidata CC0
大分大学前,오이타다이가쿠마에역,Q8081517,unique_korean_label,Wikidata CC0
大平下,오히라시타역,Q8081496,unique_korean_label,Wikidata CC0
大平台,오히라다이역,Q8081501,unique_korean_label,Wikidata CC0
大保,오호역,Q11432382,unique_korean_label,Wikidata CC0
大歩危,오보케역,Q900681,unique_korean_label,Wikidata CC0
大堀,오호리역,Q2027869,unique_korean_label,Wikidata CC0
大麻,오아사역,Q872634,unique_korean_label,Wikidata CC0
大麻生,오아소역,Q3701525,unique_korean_label,Wikidata CC0
大湊,오미나토역,Q8081617,unique_korean_label,Wikidata CC0
大牟田,오무타역,Q871063,unique_korean_label,Wikidata CC0
大網,오아미역,Q5353488,unique_korean_label,Wikidata CC0
大野浦,오노우라역,Q8009775,unique_korean_label,Wikidata CC0
大野下,오노시모역,Q873306,unique_korean_label,Wikidata CC0
大野原,오노하라역,Q8081669,unique_korean_label,Wikidata CC0
大野城,오노조역,Q5359644,unique_korean_label,Wikidata CC0
大野町,오노마치역,Q8081670,unique_korean_label,Wikidata CC0
大雄山,다이유잔역,Q5209846,unique_korean_label,Wikidata CC0
大洋,다이요역,Q7676666,unique_korean_label,Wikidata CC0
大嵐,오조레역,Q777630,unique_korean_label,Wikidata CC0
大輪田,오와다역,Q11439290,unique_korean_label,Wikidata CC0
大和,야마토역,Q8047989,unique_korean_label,Wikidata CC0
大和高田,야마토타카다역,Q8047971,unique_korean_label,Wikidata CC0
大和小泉,야마토코이즈미역,Q856532,unique_korean_label,Wikidata CC0
大和上市,야마토카미이치역,Q11433402,unique_korean_label,Wikidata CC0
大和新庄,야마토신조역,Q3615450,unique_korean_label,Wikidata CC0
大和西大寺,야마토사이다이지역,Q489786,unique_korean_label,Wikidata CC0
大和朝倉,야마토아사쿠라역,Q8047967,unique_korean_label,Wikidata CC0
大和田,오와다역,Q5368706,unique_korean_label,Wikidata CC0
大和二見,야마토후타미역,Q3615301,unique_korean_label,Wikidata CC0
大和八木,야마토야기역,Q8047973,unique_korean_label,Wikidata CC0
大鰐温泉,오와니온센역,Q8081800,unique_korean_label,Wikidata CC0
大甕,오미카역,Q39951,unique_korean_label,Wikidata CC0
大藪,오야부역,Q11438776,unique_korean_label,Wikidata CC0
醍醐,다이고역,Q2679100,unique_korean_label,Wikidata CC0
鷹ノ巣,다카노스역,Q7677206,unique_korean_label,Wikidata CC0
鷹の台,다카노다이역,Q7677190,unique_korean_label,Wikidata CC0
鷹取,다카토리역,Q1042843,unique_korean_label,Wikidata CC0
鷹狩,다카가리역,Q7677011,unique_korean_label,Wikidata CC0
滝,다키역,Q3097830,unique_korean_label,Wikidata CC0
滝ノ間,다키노마역,Q7678387,unique_korean_label,Wikidata CC0
滝の茶屋,다키노차야역,Q7678386,unique_korean_label,Wikidata CC0
滝井,다키이역,Q1820138,unique_korean_label,Wikidata CC0
滝宮,다키노미야역,Q11565105,unique_korean_label,Wikidata CC0
滝原,다키하라역,Q5357992,unique_korean_label,Wikidata CC0
滝山,다키야마역,Q7678415,unique_korean_label,Wikidata CC0
滝水,다키미즈역,Q7678300,unique_korean_label,Wikidata CC0
滝川,다키카와역,Q1057763,unique_korean_label,Wikidata CC0
滝谷不動,다키다니후도역,Q7678293,unique_korean_label,Wikidata CC0
滝尾,다키오역,Q7678391,unique_korean_label,Wikidata CC0
滝不動,다키후도역,Q11565062,unique_korean_label,Wikidata CC0
滝部,다키베역,Q7678288,unique_korean_label,Wikidata CC0
滝野,다키노역,Q3097828,unique_korean_label,Wikidata CC0
拓北,다쿠호쿠역,Q2490360,unique_korean_label,Wikidata CC0
沢,사와역,Q991380,unique_korean_label,Wikidata CC0
沢ノ町,사와노초역,Q7428584,unique_korean_label,Wikidata CC0
沢井,사와이역,Q7428551,unique_korean_label,Wikidata CC0
沢尻,사와지리역,Q7428554,unique_korean_label,Wikidata CC0
沢田,사와다역,Q7428529,unique_korean_label,Wikidata CC0
沢渡,사완도역,Q990214,unique_korean_label,Wikidata CC0
沢入,소리역,Q7667614,unique_korean_label,Wikidata CC0
沢目,사와메역,Q7428565,unique_korean_label,Wikidata CC0
沢良宜,사와라기역,Q3970925,unique_korean_label,Wikidata CC0
蛸地蔵,다코지조역,Q7678465,unique_korean_label,Wikidata CC0
只見,다다미역,Q7674312,unique_korean_label,Wikidata CC0
但馬,다지마역,Q11381640,unique_korean_label,Wikidata CC0
辰巳,다쓰미역,Q331177,unique_korean_label,Wikidata CC0
辰野,다쓰노역,Q843973,unique_korean_label,Wikidata CC0
竪堀,다테보리역,Q7687989,unique_korean_label,Wikidata CC0
棚倉,다나쿠라역,Q1049005,unique_korean_label,Wikidata CC0
谷河原,야가와라역,Q8046691,unique_korean_label,Wikidata CC0
谷峨,야가역,Q5357267,unique_korean_label,Wikidata CC0
谷在家,야자이케역,Q8050564,unique_korean_label,Wikidata CC0
谷上,다니가미역,Q873599,unique_korean_label,Wikidata CC0
谷川,다니카와역,Q1043144,unique_korean_label,Wikidata CC0
谷村町,야무라마치역,Q8013193,unique_korean_label,Wikidata CC0
谷町九丁目,다니마치 9초메역,Q1041977,unique_korean_label,Wikidata CC0
谷町四丁目,다니마치 4초메역,Q1131709,unique_korean_label,Wikidata CC0
谷町六丁目,다니마치 6초메역,Q1041967,unique_korean_label,Wikidata CC0
谷津,야쓰역,Q8050270,unique_korean_label,Wikidata CC0
谷塚,야쓰카역,Q8050280,unique_korean_label,Wikidata CC0
谷田川,야타가와역,Q11633047,unique_korean_label,Wikidata CC0
谷頭,다니가시라역,Q7683294,unique_korean_label,Wikidata CC0
谷之口,다니노쿠치역,Q7683316,unique_korean_label,Wikidata CC0
谷保,야호역,Q5366778,unique_korean_label,Wikidata CC0
樽井,다루이역,Q11543694,unique_korean_label,Wikidata CC0
丹治部,다지베역,Q3611240,unique_korean_label,Wikidata CC0
丹生,니부역,Q8190243,unique_korean_label,Wikidata CC0
丹荘,단쇼역,Q845044,unique_korean_label,Wikidata CC0
丹波橋,단바바시역,Q2093391,unique_korean_label,Wikidata CC0
丹波口,단바구치역,Q129977,unique_korean_label,Wikidata CC0
丹波大山,단바오야마역,Q1043193,unique_korean_label,Wikidata CC0
丹波竹田,단바타케다역,Q1043249,unique_korean_label,Wikidata CC0
旦過,단가 역,Q7682779,unique_korean_label,Wikidata CC0
淡輪,단노와역,Q7683705,unique_korean_label,Wikidata CC0
淡路,아와지역,Q2070830,unique_korean_label,Wikidata CC0
淡路町,아와지초역,Q1078432,unique_korean_label,Wikidata CC0
端岡,하시오카역,Q98825,unique_korean_label,Wikidata CC0
端間,하타마역,Q11598528,unique_korean_label,Wikidata CC0
端野,단노역,Q7683701,unique_korean_label,Wikidata CC0
誕生寺,단조지역,Q7683449,unique_korean_label,Wikidata CC0
男鹿,오가역,Q7079797,unique_korean_label,Wikidata CC0
男川,오토가와역,Q7108930,unique_korean_label,Wikidata CC0
男衾,오부스마역,Q7075604,unique_korean_label,Wikidata CC0
知床斜里,시레토코샤리역,Q7498558,unique_korean_label,Wikidata CC0
知多奥田,지타오쿠다역,Q5102188,unique_korean_label,Wikidata CC0
知多半田,지타한다역,Q5102187,unique_korean_label,Wikidata CC0
知多武豊,아게 역,Q5102189,unique_korean_label,Wikidata CC0
知来乙,지라이오쓰역,Q5101807,unique_korean_label,Wikidata CC0
知立,지류역,Q5102035,unique_korean_label,Wikidata CC0
知和,지와역,Q3611176,unique_korean_label,Wikidata CC0
地下鉄成増,지카테쓰나리마스역,Q80506,unique_korean_label,Wikidata CC0
地下鉄赤塚,지카테쓰아카쓰카역,Q80412,unique_korean_label,Wikidata CC0
地区センター,지쿠센터역,Q11424114,unique_korean_label,Wikidata CC0
地蔵橋,지조바시역,Q6203576,unique_korean_label,Wikidata CC0
地福,지후쿠역,Q6192262,unique_korean_label,Wikidata CC0
智恵文,지에분역,Q5096647,unique_korean_label,Wikidata CC0
智頭,지즈역,Q5102669,unique_korean_label,Wikidata CC0
智北,지호쿠역,Q5097299,unique_korean_label,Wikidata CC0
池の浦,이케노우라역,Q268023,unique_korean_label,Wikidata CC0
池の浦シーサイド,이케노우라시사이드역,Q117538,unique_korean_label,Wikidata CC0
池ノ上,이케노우에역,Q4199142,unique_korean_label,Wikidata CC0
池下,이케시타역,Q863214,unique_korean_label,Wikidata CC0
池月,이케즈키역,Q642558,unique_korean_label,Wikidata CC0
池戸,이케노베역,Q11551608,unique_korean_label,Wikidata CC0
池場,이케바역,Q774526,unique_korean_label,Wikidata CC0
池尻,이케지리역,Q5359678,unique_korean_label,Wikidata CC0
池尻大橋,이케지리오하시역,Q852141,unique_korean_label,Wikidata CC0
池袋,이케부쿠로역,Q173919,unique_korean_label,Wikidata CC0
池谷,이케노타니역,Q8193606,unique_korean_label,Wikidata CC0
池田,이케다역,Q866156,unique_korean_label,Wikidata CC0
池田園,이케다엔역,Q876949,unique_korean_label,Wikidata CC0
池部,이케베역,Q11552292,unique_korean_label,Wikidata CC0
稚内,왓카나이역,Q840452,unique_korean_label,Wikidata CC0
置賜,오이타마역,Q7081554,unique_korean_label,Wikidata CC0
築山,쓰키야마역,Q7850085,unique_korean_label,Wikidata CC0
築城,쓰이키역,Q5360052,unique_korean_label,Wikidata CC0
築地,쓰키지역,Q1072938,unique_korean_label,Wikidata CC0
築地口,쓰키지구치역,Q7850067,unique_korean_label,Wikidata CC0
築地市場,쓰키지시조역,Q246180,unique_korean_label,Wikidata CC0
竹ノ塚,다케노쓰카역,Q7678040,unique_korean_label,Wikidata CC0
竹浦,다케우라역,Q7678178,unique_korean_label,Wikidata CC0
竹岡,다케오카역,Q558883,unique_korean_label,Wikidata CC0
竹下,다케시타역,Q5359458,unique_korean_label,Wikidata CC0
竹橋,다케바시역,Q80564,unique_korean_label,Wikidata CC0
竹原,다케하라역,Q7677972,unique_korean_label,Wikidata CC0
竹芝,다케시바역,Q858876,unique_korean_label,Wikidata CC0
竹松,다케마쓰역,Q7678011,unique_korean_label,Wikidata CC0
竹村,다케무라역,Q7678017,unique_korean_label,Wikidata CC0
竹沢,다케자와역,Q845007,unique_korean_label,Wikidata CC0
竹鼻,다케하나역,Q7677971,unique_korean_label,Wikidata CC0
竹野,다케노역,Q870915,unique_korean_label,Wikidata CC0
筑後吉井,지쿠고요시이역,Q4844938,unique_korean_label,Wikidata CC0
筑後船小屋,지쿠고후나고야역,Q1136543,unique_korean_label,Wikidata CC0
筑後草野,지쿠고쿠사노역,Q4778776,unique_korean_label,Wikidata CC0
筑後大石,지쿠고오이시역,Q4898217,unique_korean_label,Wikidata CC0
筑紫,지쿠시역,Q5097520,unique_korean_label,Wikidata CC0
筑前垣生,지쿠젠하부역,Q5097527,unique_korean_label,Wikidata CC0
筑前山家,지쿠젠야마에역,Q5097536,unique_korean_label,Wikidata CC0
筑前山手,지쿠젠야마테역,Q5097539,unique_korean_label,Wikidata CC0
筑前庄内,지쿠젠쇼나이역,Q5097532,unique_korean_label,Wikidata CC0
筑前植木,지쿠젠우에키역,Q5097535,unique_korean_label,Wikidata CC0
筑前深江,지쿠젠후카에역,Q5097525,unique_korean_label,Wikidata CC0
筑前前原,지쿠젠마에바루역,Q898453,unique_korean_label,Wikidata CC0
筑前大分,지쿠젠다이부역,Q5097526,unique_korean_label,Wikidata CC0
筑前内野,지쿠젠우치노역,Q5097533,unique_korean_label,Wikidata CC0
秩父,지치부역,Q5096049,unique_korean_label,Wikidata CC0
秩父別,짓푸베쓰역,Q5101718,unique_korean_label,Wikidata CC0
茶臼山,차우스야마 역,Q772936,unique_korean_label,Wikidata CC0
茶屋ヶ坂,자야가사카역,Q862346,unique_korean_label,Wikidata CC0
茶屋町,자야마치역,Q5088619,unique_korean_label,Wikidata CC0
茶山・京都芸術大学,자야마역,Q5088622,unique_korean_label,Wikidata CC0
茶志内,자시나이역,Q872781,unique_korean_label,Wikidata CC0
茶所,자조역,Q5068168,unique_korean_label,Wikidata CC0
茶内,자나이역,Q900332,unique_korean_label,Wikidata CC0
中ノ庄,나카노쇼역,Q6960294,unique_korean_label,Wikidata CC0
中ノ沢,나카노사와역,Q864223,unique_korean_label,Wikidata CC0
中の島,나카노시마역,Q3563599,unique_korean_label,Wikidata CC0
中ふ頭,나카후토역,Q180450,unique_korean_label,Wikidata CC0
中愛別,나카아이베쓰역,Q6960081,unique_korean_label,Wikidata CC0
中井,나카이역,Q275116,unique_korean_label,Wikidata CC0
中井侍,나카이사무라이역,Q894362,unique_korean_label,Wikidata CC0
中浦,나카우라역,Q6960367,unique_korean_label,Wikidata CC0
中浦和,나카우라와역,Q844419,unique_korean_label,Wikidata CC0
中延,나카노부역,Q1040875,unique_korean_label,Wikidata CC0
中央市場前,주오이치바마에역,Q5119034,unique_korean_label,Wikidata CC0
中央大学・明星大学,주오다이가쿠·메이세이다이가쿠역,Q5119037,unique_korean_label,Wikidata CC0
中央林間,주오린칸역,Q906671,unique_korean_label,Wikidata CC0
中岡崎,나카오카자키역,Q11364321,unique_korean_label,Wikidata CC0
中河原,나카가와라역,Q4312482,unique_korean_label,Wikidata CC0
中学校,주갓코역,Q11363857,unique_korean_label,Wikidata CC0
中萱,나카가야역,Q6960149,unique_korean_label,Wikidata CC0
中間,나카마역,Q11367808,unique_korean_label,Wikidata CC0
中京競馬場前,주쿄케이바조마에역,Q5119023,unique_korean_label,Wikidata CC0
中筋,나카스지역,Q6960338,unique_korean_label,Wikidata CC0
中郡,주군역,Q5119017,unique_korean_label,Wikidata CC0
中軽井沢,나카카루이자와역,Q11367191,unique_korean_label,Wikidata CC0
中原,나카바루역,Q5359031,unique_korean_label,Wikidata CC0
中菰野,나카코모노역,Q3894757,unique_korean_label,Wikidata CC0
中公園,나카코엔역,Q11363035,unique_korean_label,Wikidata CC0
中国勝山,주고쿠카쓰야마역,Q3661646,unique_korean_label,Wikidata CC0
中込,나카고미역,Q6960151,unique_korean_label,Wikidata CC0
中佐都,나카사토역,Q6960311,unique_korean_label,Wikidata CC0
中妻,나카쓰마역,Q6960360,unique_korean_label,Wikidata CC0
中崎町,나카자키초역,Q83601,unique_korean_label,Wikidata CC0
中三田,나카미타역,Q6960220,unique_korean_label,Wikidata CC0
中山観音,나카야마칸논역,Q3970265,unique_korean_label,Wikidata CC0
中山口,나카야마구치역,Q900346,unique_korean_label,Wikidata CC0
中山香,나카야마가역,Q5360294,unique_korean_label,Wikidata CC0
中山寺,나카야마데라역,Q856035,unique_korean_label,Wikidata CC0
中山宿,나카야마주쿠역,Q6960391,unique_korean_label,Wikidata CC0
中山平温泉,나카야마다이라온센역,Q1092594,unique_korean_label,Wikidata CC0
中斜里,나카샤리역,Q6960096,unique_korean_label,Wikidata CC0
中洲川端,나카스카와바타역,Q1039189,unique_korean_label,Wikidata CC0
中舟生,나카후뉴역,Q6960079,unique_korean_label,Wikidata CC0
中書島,주쇼지마역,Q2093385,unique_korean_label,Wikidata CC0
中小屋,나카고야역,Q6960153,unique_korean_label,Wikidata CC0
中小国,나카오구니역,Q4528111,unique_korean_label,Wikidata CC0
中小田井,나카오타이역,Q11363923,unique_korean_label,Wikidata CC0
中庄,나카쇼역,Q5360367,unique_korean_label,Wikidata CC0
中松江,나카마쓰에역,Q11366185,unique_korean_label,Wikidata CC0
中条,나카조역,Q11366177,unique_korean_label,Wikidata CC0
中深川,나카후카와역,Q6960115,unique_korean_label,Wikidata CC0
中神,나카가미역,Q8013086,unique_korean_label,Wikidata CC0
中水野,나카미즈노역,Q6960224,unique_korean_label,Wikidata CC0
中菅谷,나카스가야역,Q6960095,unique_korean_label,Wikidata CC0
中川,나카가와역,Q6960148,unique_korean_label,Wikidata CC0
中川原,나카가와라역,Q4142961,unique_korean_label,Wikidata CC0
中川辺,나카카와베역,Q5358732,unique_korean_label,Wikidata CC0
中村橋,나카무라바시역,Q6960255,unique_korean_label,Wikidata CC0
中村公園,나카무라코엔역,Q862371,unique_korean_label,Wikidata CC0
中村日赤,나카무라닛세키역,Q855501,unique_korean_label,Wikidata CC0
中多久,나카타쿠역,Q11363542,unique_korean_label,Wikidata CC0
中沢,나카사와역,Q11366389,unique_korean_label,Wikidata CC0
中津,나카쓰역,Q610516,unique_korean_label,Wikidata CC0
中津川,나카쓰가와역,Q5359511,unique_korean_label,Wikidata CC0
中津幡,나카쓰바타역,Q6960100,unique_korean_label,Wikidata CC0
中土,나카쓰치역,Q6960352,unique_korean_label,Wikidata CC0
中島公園,나카지마 공원역,Q4793313,unique_korean_label,Wikidata CC0
中之郷,나카노고역,Q6960279,unique_korean_label,Wikidata CC0
中之条,나카노조역,Q6960282,unique_korean_label,Wikidata CC0
中之島,나카노시마역,Q858693,unique_korean_label,Wikidata CC0
中萩,나카하기역,Q873180,unique_korean_label,Wikidata CC0
中畑,나카하타역,Q11366807,unique_korean_label,Wikidata CC0
中八木,나카야기역,Q6960374,unique_korean_label,Wikidata CC0
中判田,나카한다역,Q6960160,unique_korean_label,Wikidata CC0
中板橋,나카이타바시역,Q6960085,unique_korean_label,Wikidata CC0
中飯降,나카이부리역,Q3525399,unique_korean_label,Wikidata CC0
中百舌鳥,나카모즈역,Q1863087,unique_korean_label,Wikidata CC0
中浜,나카하마역,Q4251606,unique_korean_label,Wikidata CC0
中埠頭,나카후토역,Q11363501,unique_korean_label,Wikidata CC0
中富良野,나카후라노역,Q6960084,unique_korean_label,Wikidata CC0
中部国際空港,주부코쿠사이쿠코 역,Q5061298,unique_korean_label,Wikidata CC0
中部天竜,주부텐류역,Q775718,unique_korean_label,Wikidata CC0
中福良,나카후쿠라역,Q5375706,unique_korean_label,Wikidata CC0
中豊,나카토요역,Q6960351,unique_korean_label,Wikidata CC0
中名,나카묘역,Q871029,unique_korean_label,Wikidata CC0
中目黒,나카메구로역,Q1132605,unique_korean_label,Wikidata CC0
中野栄,나카노사카에역,Q6960283,unique_korean_label,Wikidata CC0
中野坂上,나카노사카우에역,Q275436,unique_korean_label,Wikidata CC0
中野新橋,나카노신바시역,Q1132589,unique_korean_label,Wikidata CC0
中野島,나카노시마역,Q5366675,unique_korean_label,Wikidata CC0
中野東,나카노히가시역,Q5358591,unique_korean_label,Wikidata CC0
中野富士見町,나카노후지미초역,Q1132601,unique_korean_label,Wikidata CC0
仲御徒町,나카오카치마치역,Q1072993,unique_korean_label,Wikidata CC0
仲町台,나카마치다이역,Q851025,unique_korean_label,Wikidata CC0
忠岡,다다오카역,Q7674341,unique_korean_label,Wikidata CC0
忠海,다다노우미역,Q7674326,unique_korean_label,Wikidata CC0
柱野,하시라노역,Q5679043,unique_korean_label,Wikidata CC0
猪谷,이노타니역,Q5357888,unique_korean_label,Wikidata CC0
猪苗代,이나와시로역,Q6013835,unique_korean_label,Wikidata CC0
猪苗代湖畔,이나와시로코한역,Q6013842,unique_korean_label,Wikidata CC0
猪名寺,이나데라역,Q848148,unique_korean_label,Wikidata CC0
帖佐,조사역,Q5119002,unique_korean_label,Wikidata CC0
彫刻の森,조코쿠노모리역,Q3096249,unique_korean_label,Wikidata CC0
朝霞,아사카역,Q4803419,unique_korean_label,Wikidata CC0
朝霞台,아사카다이역,Q852274,unique_korean_label,Wikidata CC0
朝熊,아사마역,Q94676,unique_korean_label,Wikidata CC0
朝倉,아사쿠라역,Q4803441,unique_korean_label,Wikidata CC0
朝倉街道,아사쿠라가이도역,Q4803445,unique_korean_label,Wikidata CC0
朝地,아사지역,Q4803411,unique_korean_label,Wikidata CC0
朝潮橋,아사시오바시역,Q1134463,unique_korean_label,Wikidata CC0
朝日,아사히역,Q872516,unique_korean_label,Wikidata CC0
朝霧,아사기리역,Q1131227,unique_korean_label,Wikidata CC0
朝来,앗소역,Q2888570,unique_korean_label,Wikidata CC0
朝里,아사리역,Q1044939,unique_korean_label,Wikidata CC0
潮見,시오미역,Q844315,unique_korean_label,Wikidata CC0
潮来,이타코역,Q11565715,unique_korean_label,Wikidata CC0
町屋,마치야역,Q390638,unique_korean_label,Wikidata CC0
町田,마치다역,Q801146,unique_korean_label,Wikidata CC0
町方,마치카타역,Q11578241,unique_korean_label,Wikidata CC0
調布,조후역,Q1063956,unique_korean_label,Wikidata CC0
銚子,조시역,Q861084,unique_korean_label,Wikidata CC0
長浦,나가우라역,Q573425,unique_korean_label,Wikidata CC0
長岡,나가오카역,Q1138252,unique_korean_label,Wikidata CC0
長岡京,나가오카쿄역,Q780734,unique_korean_label,Wikidata CC0
長岡天神,나가오카텐진역,Q3970259,unique_korean_label,Wikidata CC0
長楽寺,조라쿠지역,Q5118999,unique_korean_label,Wikidata CC0
長久手古戦場,나가쿠테코센조역,Q861753,unique_korean_label,Wikidata CC0
長居,나가이역,Q1044114,unique_korean_label,Wikidata CC0
長原,나가하라역,Q6958330,unique_korean_label,Wikidata CC0
長後,조고역,Q4468045,unique_korean_label,Wikidata CC0
長坂,나가사카역,Q6958595,unique_korean_label,Wikidata CC0
長崎,나가사키역,Q1076315,unique_korean_label,Wikidata CC0
長篠城,나가시노조역,Q773379,unique_korean_label,Wikidata CC0
長者原,조자바루역,Q5118988,unique_korean_label,Wikidata CC0
長者町,조자마치역,Q564439,unique_korean_label,Wikidata CC0
長洲,나가스역,Q6958659,unique_korean_label,Wikidata CC0
長沼,나가누마역,Q6958464,unique_korean_label,Wikidata CC0
長森,나가모리역,Q871154,unique_korean_label,Wikidata CC0
長瀬,나가세역,Q6958637,unique_korean_label,Wikidata CC0
長泉なめり,나가이즈미나메리역,Q5357393,unique_korean_label,Wikidata CC0
長船,오사후네역,Q7105507,unique_korean_label,Wikidata CC0
長太ノ浦,나고노우라역,Q2856588,unique_korean_label,Wikidata CC0
長滝,나가타키역,Q857423,unique_korean_label,Wikidata CC0
長沢,나가사와역,Q2099810,unique_korean_label,Wikidata CC0
長谷寺,하세데라역,Q5678737,unique_korean_label,Wikidata CC0
長池,나가이케역,Q1049403,unique_korean_label,Wikidata CC0
長町,나가마치역,Q843033,unique_korean_label,Wikidata CC0
長町一丁目,나가마치 1초메역,Q6958400,unique_korean_label,Wikidata CC0
長町南,나가마치미나미역,Q11653512,unique_korean_label,Wikidata CC0
長鳥,나가토리역,Q4778749,unique_korean_label,Wikidata CC0
長津田,나가쓰타역,Q801229,unique_korean_label,Wikidata CC0
長田,나가타역,Q5358480,unique_korean_label,Wikidata CC0
長都,오사쓰역,Q3601213,unique_korean_label,Wikidata CC0
長島,나가시마역,Q5359213,unique_korean_label,Wikidata CC0
長瀞,나가토로역,Q8013090,unique_korean_label,Wikidata CC0
長尾,나가오역,Q855920,unique_korean_label,Wikidata CC0
長苗代,나가나와시로역,Q6393619,unique_korean_label,Wikidata CC0
長浜,나가하마역,Q1037083,unique_korean_label,Wikidata CC0
長府,조후 역 (야마구치 현),Q5118987,unique_korean_label,Wikidata CC0
長柄,나가라역,Q4188736,unique_korean_label,Wikidata CC0
長峰,나가미네역,Q6958414,unique_korean_label,Wikidata CC0
長堀橋,나가호리바시역,Q1038083,unique_korean_label,Wikidata CC0
長万部,오샤만베역,Q848232,unique_korean_label,Wikidata CC0
長門粟野,나가토아와노역,Q6958679,unique_korean_label,Wikidata CC0
長門峡,조몬쿄역,Q5118997,unique_korean_label,Wikidata CC0
長門古市,나가토후루이치역,Q6958681,unique_korean_label,Wikidata CC0
長門三隅,나가토미스미역,Q3701388,unique_korean_label,Wikidata CC0
長門市,나가토시역,Q6958700,unique_korean_label,Wikidata CC0
長門大井,나가토오이역,Q6958688,unique_korean_label,Wikidata CC0
長門長沢,나가토나가사와역,Q6958686,unique_korean_label,Wikidata CC0
長門湯本,나가토유모토역,Q11654892,unique_korean_label,Wikidata CC0
長門二見,나가토후타미역,Q6958682,unique_korean_label,Wikidata CC0
長門本山,나가토모토야마역,Q6958683,unique_korean_label,Wikidata CC0
長野,나가노역,Q374916,unique_korean_label,Wikidata CC0
長野原草津口,나가노하라쿠사쓰구치역,Q6958449,unique_korean_label,Wikidata CC0
長与,나가요역,Q6958730,unique_korean_label,Wikidata CC0
長里,나가사토역,Q5356801,unique_korean_label,Wikidata CC0
長和,나가와역,Q6958713,unique_korean_label,Wikidata CC0
鳥ノ木,도리노키역,Q513429,unique_korean_label,Wikidata CC0
鳥羽,도바역,Q7811445,unique_korean_label,Wikidata CC0
鳥羽街道,도바카이도역,Q2153284,unique_korean_label,Wikidata CC0
鳥居,도리이역,Q773265,unique_korean_label,Wikidata CC0
鳥形,도리가타역,Q7825785,unique_korean_label,Wikidata CC0
鳥取,돗토리역,Q858295,unique_korean_label,Wikidata CC0
鳥取ノ荘,돗토리노쇼역,Q7828507,unique_korean_label,Wikidata CC0
鳥取大学前,돗토리다이가쿠마에역,Q899690,unique_korean_label,Wikidata CC0
鳥栖,도스역,Q840544,unique_korean_label,Wikidata CC0
鳥沢,도리사와역,Q7825827,unique_korean_label,Wikidata CC0
鳥浜,도리하마역,Q7825788,unique_korean_label,Wikidata CC0
直見,나오미역,Q5357485,unique_korean_label,Wikidata CC0
直江,나오에역,Q6964523,unique_korean_label,Wikidata CC0
直江津,나오에쓰역,Q130065,unique_korean_label,Wikidata CC0
直川,나오카와역,Q6964541,unique_korean_label,Wikidata CC0
直方,노가타역,Q7071610,unique_korean_label,Wikidata CC0
津,쓰역,Q869763,unique_korean_label,Wikidata CC0
津ノ井,쓰노이역,Q7850233,unique_korean_label,Wikidata CC0
津久井浜,쓰쿠이하마역,Q7850103,unique_korean_label,Wikidata CC0
津久見,쓰쿠미역,Q5359003,unique_korean_label,Wikidata CC0
津久田,쓰쿠다역,Q1705789,unique_korean_label,Wikidata CC0
津久野,쓰쿠노역,Q856917,unique_korean_label,Wikidata CC0
津軽宮田,쓰가루미야타역,Q7849959,unique_korean_label,Wikidata CC0
津軽新城,쓰가루신조역,Q7849962,unique_korean_label,Wikidata CC0
津軽湯の沢,쓰가루유노사와역,Q7849963,unique_korean_label,Wikidata CC0
津軽二股,쓰가루후타마타역,Q7849955,unique_korean_label,Wikidata CC0
津軽浜名,쓰가루하마나역,Q7849957,unique_korean_label,Wikidata CC0
津古,쓰코역,Q11555964,unique_korean_label,Wikidata CC0
津山,쓰야마역,Q844686,unique_korean_label,Wikidata CC0
津山口,쓰야마구치역,Q7850364,unique_korean_label,Wikidata CC0
津守,쓰모리역,Q7850134,unique_korean_label,Wikidata CC0
津新町,쓰신마치역,Q2816265,unique_korean_label,Wikidata CC0
津川,쓰가와역,Q7849990,unique_korean_label,Wikidata CC0
津谷,쓰야역,Q7850358,unique_korean_label,Wikidata CC0
津田,쓰다역,Q855925,unique_korean_label,Wikidata CC0
津田山,쓰다야마역,Q211015,unique_korean_label,Wikidata CC0
津田沼,쓰다누마역,Q801534,unique_korean_label,Wikidata CC0
津島,쓰시마역,Q7850314,unique_korean_label,Wikidata CC0
津島ノ宮,쓰시마노미야역,Q5366908,unique_korean_label,Wikidata CC0
津南,쓰난역,Q7850176,unique_korean_label,Wikidata CC0
津幡,쓰바타역,Q3701490,unique_korean_label,Wikidata CC0
津福,쓰부쿠역,Q11556360,unique_korean_label,Wikidata CC0
津和野,쓰와노역,Q7850356,unique_korean_label,Wikidata CC0
椎柴,시시바역,Q7496496,unique_korean_label,Wikidata CC0
椎田,시이다역,Q5360095,unique_korean_label,Wikidata CC0
椎名町,시나마치역,Q7496494,unique_korean_label,Wikidata CC0
追浜,옷파마역,Q7098536,unique_korean_label,Wikidata CC0
追良瀬,오이라세역,Q7081521,unique_korean_label,Wikidata CC0
通津,쓰즈역,Q5358160,unique_korean_label,Wikidata CC0
通洞,쓰도역,Q7850448,unique_korean_label,Wikidata CC0
塚原,쓰카하라역,Q7850037,unique_korean_label,Wikidata CC0
塚口,쓰카구치역,Q847972,unique_korean_label,Wikidata CC0
塚山,쓰카야마역,Q4778780,unique_korean_label,Wikidata CC0
塚田,쓰카다역,Q7850035,unique_korean_label,Wikidata CC0
塚本,쓰카모토역,Q1072858,unique_korean_label,Wikidata CC0
塚目,쓰카노메역,Q7850038,unique_korean_label,Wikidata CC0
栂・美木多,토가미키타 역,Q7813027,unique_korean_label,Wikidata CC0
槻木,쓰키노키역,Q899014,unique_korean_label,Wikidata CC0
佃,쓰쿠다역,Q578112,unique_korean_label,Wikidata CC0
柘植,쓰게역,Q3701483,unique_korean_label,Wikidata CC0
辻,쓰지역,Q577894,unique_korean_label,Wikidata CC0
辻堂,쓰지도역,Q1049779,unique_korean_label,Wikidata CC0
椿,쓰바키역,Q2888525,unique_korean_label,Wikidata CC0
坪井,쓰보이역,Q3611011,unique_korean_label,Wikidata CC0
坪尻,쓰보지리역,Q900196,unique_korean_label,Wikidata CC0
鶴ケ丘,쓰루가오카역,Q856981,unique_korean_label,Wikidata CC0
鶴ケ坂,쓰루가사카역,Q7850268,unique_korean_label,Wikidata CC0
鶴羽,쓰루와역,Q7850308,unique_korean_label,Wikidata CC0
鶴岡,쓰루오카역,Q7850300,unique_korean_label,Wikidata CC0
鶴巻温泉,쓰루마키온센역,Q4506211,unique_korean_label,Wikidata CC0
鶴間,쓰루마역,Q4506209,unique_korean_label,Wikidata CC0
鶴丸,쓰루마루역,Q7850289,unique_korean_label,Wikidata CC0
鶴居,쓰루이역,Q7850280,unique_korean_label,Wikidata CC0
鶴橋,쓰루하시역,Q1131704,unique_korean_label,Wikidata CC0
鶴形,쓰루가타역,Q7850271,unique_korean_label,Wikidata CC0
鶴見,쓰루미역,Q128164,unique_korean_label,Wikidata CC0
鶴見市場,쓰루미이치바역,Q5361946,unique_korean_label,Wikidata CC0
鶴見小野,쓰루미오노역,Q869061,unique_korean_label,Wikidata CC0
鶴見緑地,쓰루미료쿠치역,Q135181,unique_korean_label,Wikidata CC0
鶴原,쓰루하라역,Q7850278,unique_korean_label,Wikidata CC0
鶴崎,쓰루사키역,Q5359663,unique_korean_label,Wikidata CC0
鶴沼,쓰루누마역,Q7850295,unique_korean_label,Wikidata CC0
鶴瀬,쓰루세역,Q7850302,unique_korean_label,Wikidata CC0
鶴川,쓰루카와역,Q4506208,unique_korean_label,Wikidata CC0
鶴田,쓰루타역,Q1305535,unique_korean_label,Wikidata CC0
鶴泊,쓰루도마리역,Q7850261,unique_korean_label,Wikidata CC0
鶴舞,쓰루마이역,Q855581,unique_korean_label,Wikidata CC0
鶴里,쓰루사토역,Q859214,unique_korean_label,Wikidata CC0
貞光,사다미쓰역,Q7397535,unique_korean_label,Wikidata CC0
定光寺,조코지역,Q5359274,unique_korean_label,Wikidata CC0
帝塚山,데즈카야마역,Q7708641,unique_korean_label,Wikidata CC0
庭坂,니와사카역,Q7041878,unique_korean_label,Wikidata CC0
庭瀬,니와세역,Q5360428,unique_korean_label,Wikidata CC0
碇ケ関,이카리가세키역,Q5995394,unique_korean_label,Wikidata CC0
程久保,호도쿠보역,Q5876257,unique_korean_label,Wikidata CC0
鼎,가나에역,Q985286,unique_korean_label,Wikidata CC0
的形,마토가타역,Q6787732,unique_korean_label,Wikidata CC0
的場,마토바역,Q844395,unique_korean_label,Wikidata CC0
鉄道博物館,데쓰도하쿠부쓰칸역,Q7706853,unique_korean_label,Wikidata CC0
天ケ瀬,아마가세역,Q4739122,unique_korean_label,Wikidata CC0
天塩川温泉,데시오가와온센역,Q7705483,unique_korean_label,Wikidata CC0
天塩中川,데시오나카가와역,Q7705478,unique_korean_label,Wikidata CC0
天応,덴노역,Q7700531,unique_korean_label,Wikidata CC0
天王,덴노역,Q7700530,unique_korean_label,Wikidata CC0
天王寺,덴노지역,Q1132328,unique_korean_label,Wikidata CC0
天王洲アイル,덴노즈 아일역,Q841425,unique_korean_label,Wikidata CC0
天王台,덴노다이역,Q1952908,unique_korean_label,Wikidata CC0
天王町,덴노초역,Q7700532,unique_korean_label,Wikidata CC0
天下茶屋,덴가차야역,Q2084603,unique_korean_label,Wikidata CC0
天空橋,덴쿠바시역,Q5367248,unique_korean_label,Wikidata CC0
天見,아마미역,Q4739460,unique_korean_label,Wikidata CC0
天神,덴진역,Q1039182,unique_korean_label,Wikidata CC0
天神橋筋六丁目,덴진바시스지 6초메역,Q1143934,unique_korean_label,Wikidata CC0
天神山,덴진야마역,Q7699888,unique_korean_label,Wikidata CC0
天神川,덴진가와역,Q5358471,unique_korean_label,Wikidata CC0
天神南,덴진미나미역,Q4357192,unique_korean_label,Wikidata CC0
天童,덴도역,Q1137082,unique_korean_label,Wikidata CC0
天道,덴토역,Q7700917,unique_korean_label,Wikidata CC0
天拝山,덴파이잔역,Q5359403,unique_korean_label,Wikidata CC0
天満,덴마역,Q468599,unique_korean_label,Wikidata CC0
天満橋,덴마바시역,Q1043084,unique_korean_label,Wikidata CC0
天矢場,덴야바역,Q7699102,unique_korean_label,Wikidata CC0
天理,덴리역,Q4188394,unique_korean_label,Wikidata CC0
天竜峡,덴류쿄역,Q906304,unique_korean_label,Wikidata CC0
天竜川,덴류가와역,Q871509,unique_korean_label,Wikidata CC0
天和,덴와역,Q7700951,unique_korean_label,Wikidata CC0
添田,소에다역,Q7553477,unique_korean_label,Wikidata CC0
伝法,덴포역,Q281199,unique_korean_label,Wikidata CC0
田井ノ瀬,다이노세역,Q2646850,unique_korean_label,Wikidata CC0
田井ノ浜,다이노하마역,Q860801,unique_korean_label,Wikidata CC0
田園調布,덴엔초후역,Q5256442,unique_korean_label,Wikidata CC0
田丸,다마루역,Q117533,unique_korean_label,Wikidata CC0
田儀,다기역,Q5356698,unique_korean_label,Wikidata CC0
田吉,다요시역,Q7690310,unique_korean_label,Wikidata CC0
田京,다쿄역,Q7678674,unique_korean_label,Wikidata CC0
田県神社前,다가타진자마에역,Q7468612,unique_korean_label,Wikidata CC0
田原坂,다바루자카역,Q5358638,unique_korean_label,Wikidata CC0
田原町,다와라마치역,Q1196090,unique_korean_label,Wikidata CC0
田原本,다와라모토역,Q7689224,unique_korean_label,Wikidata CC0
田山,다야마역,Q7689750,unique_korean_label,Wikidata CC0
田子,다코역,Q2748631,unique_korean_label,Wikidata CC0
田主丸,다누시마루역,Q4844946,unique_korean_label,Wikidata CC0
田沼,다누마역,Q7683909,unique_korean_label,Wikidata CC0
田上,다가미 역 (니가타 현),Q7675148,unique_korean_label,Wikidata CC0
田尻,다지리역,Q899148,unique_korean_label,Wikidata CC0
田神,다가미역,Q7675146,unique_korean_label,Wikidata CC0
田切,다기리역,Q989252,unique_korean_label,Wikidata CC0
田川伊田,다가와이타역,Q870609,unique_korean_label,Wikidata CC0
田川後藤寺,다가와고토지역,Q5359972,unique_korean_label,Wikidata CC0
田村,다무라역,Q1037100,unique_korean_label_catalog,Wikidata CC0
田代,다시로역,Q5359292,unique_korean_label,Wikidata CC0
田沢,다자와역,Q3883191,unique_korean_label,Wikidata CC0
田沢湖,다자와코역,Q692529,unique_korean_label,Wikidata CC0
田端,다바타 역 (도쿄 도),Q801503,unique_korean_label,Wikidata CC0
田町,다마치역,Q801510,unique_korean_label,Wikidata CC0
田鶴浜,다쓰루하마역,Q7688336,unique_korean_label,Wikidata CC0
田島,다지마역,Q7676868,unique_korean_label,Wikidata CC0
田奈,다나역,Q7682183,unique_korean_label,Wikidata CC0
田畑,다바타역,Q990761,unique_korean_label,Wikidata CC0
田尾寺,다오지역,Q11576558,unique_korean_label,Wikidata CC0
田布施,다부세역,Q5357666,unique_korean_label,Wikidata CC0
田並,다나미역,Q2748621,unique_korean_label,Wikidata CC0
田辺,다나베역,Q135203,unique_korean_label,Wikidata CC0
田本,다모토역,Q894662,unique_korean_label,Wikidata CC0
田無,다나시역,Q843176,unique_korean_label,Wikidata CC0
田野,다노역,Q5357255,unique_korean_label,Wikidata CC0
田野倉,다노쿠라역,Q7683727,unique_korean_label,Wikidata CC0
田立,다다치역,Q5359428,unique_korean_label,Wikidata CC0
斗賀野,도가노역,Q7813039,unique_korean_label,Wikidata CC0
斗米,토마이 역,Q7818232,unique_korean_label,Wikidata CC0
杜せきのした,모리세키노시타역,Q11098774,unique_korean_label,Wikidata CC0
渡川,와타리가와역,Q7973003,unique_korean_label,Wikidata CC0
渡島砂原,오시마사와라역,Q898571,unique_korean_label,Wikidata CC0
渡島沼尻,오시마누마지리역,Q898620,unique_korean_label,Wikidata CC0
渡島当別,오시마토베쓰역,Q5360706,unique_korean_label,Wikidata CC0
渡波,와타노하역,Q7972997,unique_korean_label,Wikidata CC0
渡辺橋,와타나베바시역,Q981701,unique_korean_label,Wikidata CC0
渡辺通,와타나베도리역,Q4357440,unique_korean_label,Wikidata CC0
登戸,노보리토역,Q801266,unique_korean_label,Wikidata CC0
登別,노보리베쓰역,Q7046034,unique_korean_label,Wikidata CC0
都賀,쓰가역,Q7849953,unique_korean_label,Wikidata CC0
都城,미야코노조역,Q899376,unique_korean_label,Wikidata CC0
都筑ふれあいの丘,쓰즈키후레아이노오카역,Q7850400,unique_korean_label,Wikidata CC0
都庁前,도청 앞역,Q246186,unique_korean_label,Wikidata CC0
都島,미야코지마역,Q83604,unique_korean_label,Wikidata CC0
都農,쓰노역,Q5357711,unique_korean_label,Wikidata CC0
都府楼前,도후로마에역,Q7813018,unique_korean_label,Wikidata CC0
都府楼南,도후로미나미역,Q5359542,unique_korean_label,Wikidata CC0
都野津,쓰노즈역,Q7850238,unique_korean_label,Wikidata CC0
都立家政,도리쓰카세이역,Q843447,unique_korean_label,Wikidata CC0
都立大学,도립대학역,Q7825831,unique_korean_label,Wikidata CC0
都留市,쓰루시역,Q7850306,unique_korean_label,Wikidata CC0
都留文科大学前,쓰루분카다이가쿠마에역,Q7850252,unique_korean_label,Wikidata CC0
砥堀,도호리역,Q11587558,unique_korean_label,Wikidata CC0
砺波,도나미역,Q7820730,unique_korean_label,Wikidata CC0
土々呂,도토로역,Q5358003,unique_korean_label,Wikidata CC0
土井,도이역,Q5288604,unique_korean_label,Wikidata CC0
土浦,쓰치우라역,Q5364280,unique_korean_label,Wikidata CC0
土岐市,도키시역,Q5359508,unique_korean_label,Wikidata CC0
土気,도케역,Q5353420,unique_korean_label,Wikidata CC0
土居,도이역,Q888035,unique_korean_label,Wikidata CC0
土合,도아이역,Q5286466,unique_korean_label,Wikidata CC0
土佐一宮,도사잇쿠역,Q7827524,unique_korean_label,Wikidata CC0
土佐加茂,도사카모역,Q7827528,unique_korean_label,Wikidata CC0
土佐岩原,도사이와하라역,Q900635,unique_korean_label,Wikidata CC0
土佐久礼,도사쿠레역,Q7827529,unique_korean_label,Wikidata CC0
土佐穴内,도사아나나이역,Q900641,unique_korean_label,Wikidata CC0
土佐山田,도사야마다역,Q901123,unique_korean_label,Wikidata CC0
土佐昭和,도사쇼와역,Q7827534,unique_korean_label,Wikidata CC0
土佐新荘,도사신조역,Q7827531,unique_korean_label,Wikidata CC0
土佐大正,도사타이쇼역,Q7827536,unique_korean_label,Wikidata CC0
土佐大津,도사오쓰역,Q901337,unique_korean_label,Wikidata CC0
土佐長岡,도사나가오카역,Q900975,unique_korean_label,Wikidata CC0
土佐北川,도사키타가와역,Q900718,unique_korean_label,Wikidata CC0
土崎,쓰치자키역,Q7849925,unique_korean_label,Wikidata CC0
土山,쓰치야마역,Q1042653,unique_korean_label,Wikidata CC0
土市,도이치역,Q5288614,unique_korean_label,Wikidata CC0
土師,하지역,Q3610972,unique_korean_label,Wikidata CC0
土師ノ里,하지노사토역,Q5640000,unique_korean_label,Wikidata CC0
土深井,도부카이역,Q5286980,unique_korean_label,Wikidata CC0
土沢,쓰치자와역,Q3888323,unique_korean_label,Wikidata CC0
土樽,쓰치타루역,Q3560235,unique_korean_label,Wikidata CC0
土底浜,도소코하마역,Q5299297,unique_korean_label,Wikidata CC0
土呂,도로역,Q857902,unique_korean_label,Wikidata CC0
唐の原,도노하루역,Q7862705,unique_korean_label,Wikidata CC0
唐笠,가라카사역,Q894882,unique_korean_label,Wikidata CC0
唐橋前,가라하시마에역,Q6367945,unique_korean_label,Wikidata CC0
唐崎,가라사키역,Q5367629,unique_korean_label,Wikidata CC0
唐人町,도진마치역,Q4357468,unique_korean_label,Wikidata CC0
唐津,가라쓰역,Q852147,unique_korean_label,Wikidata CC0
唐木田,가라키다역,Q4213880,unique_korean_label,Wikidata CC0
唐櫃台,가라토다이역,Q6368797,unique_korean_label,Wikidata CC0
塔ノ沢,도노사와역,Q8189833,unique_korean_label,Wikidata CC0
塔寺,도데라역,Q7862646,unique_korean_label,Wikidata CC0
塘路,도로역,Q7862708,unique_korean_label,Wikidata CC0
島ケ原,시마가하라역,Q7496813,unique_korean_label,Wikidata CC0
島ノ関,시마노세키역,Q7496833,unique_korean_label,Wikidata CC0
島高松,시마타카마쓰역,Q7496843,unique_korean_label,Wikidata CC0
島氏永,시마우지나가역,Q7496798,unique_korean_label,Wikidata CC0
島松,시마마쓰역,Q59338,unique_korean_label,Wikidata CC0
島尾,시마오역,Q7496841,unique_korean_label,Wikidata CC0
島本,시마모토역,Q1037054,unique_korean_label,Wikidata CC0
東あずま,히가시아즈마역,Q11523777,unique_korean_label,Wikidata CC0
東旭川,히가시아사히카와역,Q5753484,unique_korean_label,Wikidata CC0
東員,도인역,Q7862665,unique_korean_label,Wikidata CC0
東羽衣,히가시하고로모역,Q857404,unique_korean_label,Wikidata CC0
東浦和,히가시우라와역,Q5753897,unique_korean_label,Wikidata CC0
東栄,도에이역,Q774631,unique_korean_label,Wikidata CC0
東園,히가시소노역,Q5355431,unique_korean_label,Wikidata CC0
東塩釜,히가시시오가마역,Q11526434,unique_korean_label,Wikidata CC0
東横田,히가시요코타역,Q5753915,unique_korean_label,Wikidata CC0
東岡崎,히가시오카자키역,Q5753801,unique_korean_label,Wikidata CC0
東岡山,히가시오카야마역,Q3661769,unique_korean_label,Wikidata CC0
東下条,히가시게조역,Q11523874,unique_korean_label,Wikidata CC0
東加古川,히가시카코가와역,Q1042643,unique_korean_label,Wikidata CC0
東花園,히가시하나조노역,Q11528267,unique_korean_label,Wikidata CC0
東花輪,히가시하나와역,Q5753547,unique_korean_label,Wikidata CC0
東我孫子,히가시아비코역,Q5753445,unique_korean_label,Wikidata CC0
東海学園前,도카이가쿠엔마에역,Q7862672,unique_korean_label,Wikidata CC0
東海神,히가시카이진역,Q5366546,unique_korean_label,Wikidata CC0
東海大学前,도카이다이가쿠마에역,Q4459449,unique_korean_label,Wikidata CC0
東海通,도카이도리역,Q7862676,unique_korean_label,Wikidata CC0
東開聞,히가시카이몬역,Q5753585,unique_korean_label,Wikidata CC0
東貝塚,히가시카이즈카역,Q857412,unique_korean_label,Wikidata CC0
東滑川,히가시나메리카와역,Q5359850,unique_korean_label,Wikidata CC0
東刈谷,히가시카리야역,Q871661,unique_korean_label,Wikidata CC0
東甘木,히가시아마기역,Q11528067,unique_korean_label,Wikidata CC0
東館,히가시다테역,Q5753994,unique_korean_label,Wikidata CC0
東岸和田,히가시키시와다역,Q857440,unique_korean_label,Wikidata CC0
東岩槻,히가시이와쓰키역,Q5753571,unique_korean_label,Wikidata CC0
東久根別,히가시쿠네베쓰역,Q5361747,unique_korean_label,Wikidata CC0
東久留米,히가시쿠루메역,Q5753665,unique_korean_label,Wikidata CC0
東宮原,히가시미야하라역,Q11526625,unique_korean_label,Wikidata CC0
東京,도쿄역,Q283196,unique_korean_label,Wikidata CC0
東京ディズニーシー・ステーション,도쿄 디즈니시 스테이션역,Q5368690,unique_korean_label,Wikidata CC0
東京ディズニーランド・ステーション,도쿄 디즈니랜드 스테이션역,Q5367499,unique_korean_label,Wikidata CC0
東京テレポート,도쿄 텔레포트역,Q906738,unique_korean_label,Wikidata CC0
東京ビッグサイト,도쿄빅사이트역,Q841620,unique_korean_label,Wikidata CC0
東京国際クルーズターミナル,도쿄국제크루즈터미널역,Q852902,unique_korean_label,Wikidata CC0
東金,도가네역,Q5353531,unique_korean_label,Wikidata CC0
東金井,히가시카나이역,Q11528622,unique_korean_label,Wikidata CC0
東金沢,히가시카나자와역,Q3611192,unique_korean_label,Wikidata CC0
東銀座,히가시긴자역,Q1078393,unique_korean_label,Wikidata CC0
東区役所前,히가시쿠야쿠쇼마에역,Q3563670,unique_korean_label,Wikidata CC0
東釧路,히가시쿠시로역,Q848088,unique_korean_label,Wikidata CC0
東郡家,히가시코게역,Q5753668,unique_korean_label,Wikidata CC0
東桂,히가시카쓰라역,Q5753640,unique_korean_label,Wikidata CC0
東結城,히가시유키역,Q11528183,unique_korean_label,Wikidata CC0
東戸塚,히가시토쓰카역,Q844252,unique_korean_label,Wikidata CC0
東吾野,히가시아가노역,Q8016063,unique_korean_label,Wikidata CC0
東光寺,도코지역,Q7862700,unique_korean_label,Wikidata CC0
東向島,히가시무코지마역,Q5753733,unique_korean_label,Wikidata CC0
東向日,히가시무코역,Q3969785,unique_korean_label,Wikidata CC0
東広島,히가시히로시마역,Q1136538,unique_korean_label,Wikidata CC0
東行田,히가시교다역,Q5753524,unique_korean_label,Wikidata CC0
東高円寺,히가시코엔지역,Q1078443,unique_korean_label,Wikidata CC0
東高崎,히가시타카사키역,Q8190158,unique_korean_label,Wikidata CC0
東根,히가시네역,Q5754099,unique_korean_label,Wikidata CC0
東根室,히가시네무로역,Q848149,unique_korean_label,Wikidata CC0
東佐野,히가시사노역,Q856969,unique_korean_label,Wikidata CC0
東札幌,히가시삿포로역,Q3563705,unique_korean_label,Wikidata CC0
東三国,히가시미쿠니역,Q1136561,unique_korean_label,Wikidata CC0
東三条,히가시산조역,Q5753817,unique_korean_label,Wikidata CC0
東山公園,히가시야마코엔역,Q1058066,unique_korean_label,Wikidata CC0
東山田,히가시야마타역,Q11103294,unique_korean_label,Wikidata CC0
東山北,히가시야마키타역,Q5357345,unique_korean_label,Wikidata CC0
東山梨,히가시야마나시역,Q5753900,unique_korean_label,Wikidata CC0
東市来,히가시이치키역,Q5297150,unique_korean_label,Wikidata CC0
東寺,도지 역,Q7862666,unique_korean_label,Wikidata CC0
東鹿越,히가시시카고에역,Q898766,unique_korean_label,Wikidata CC0
東室蘭,히가시무로란역,Q5753732,unique_korean_label,Wikidata CC0
東酒田,히가시사카타역,Q11528576,unique_korean_label,Wikidata CC0
東秋留,히가시아키루역,Q5753453,unique_korean_label,Wikidata CC0
東十条,히가시주조역,Q800919,unique_korean_label,Wikidata CC0
東所沢,히가시토코로자와역,Q5753886,unique_korean_label,Wikidata CC0
東小金井,히가시코가네이역,Q800920,unique_korean_label,Wikidata CC0
東小諸,히가시코모로역,Q11526660,unique_korean_label,Wikidata CC0
東小泉,히가시코이즈미역,Q5753636,unique_korean_label,Wikidata CC0
東小浜,히가시오바마역,Q11526659,unique_korean_label,Wikidata CC0
東松原,히가시마쓰바라역,Q4389689,unique_korean_label,Wikidata CC0
東松戸,히가시마쓰도역,Q3467990,unique_korean_label,Wikidata CC0
東松阪,히가시마쓰사카역,Q5753685,unique_korean_label,Wikidata CC0
東松山,히가시마쓰야마역,Q5753688,unique_korean_label,Wikidata CC0
東照宮,도쇼구역,Q5359740,unique_korean_label,Wikidata CC0
東上,도조역,Q772472,unique_korean_label,Wikidata CC0
東城,도조역,Q253483,unique_korean_label,Wikidata CC0
東新潟,히가시니가타역,Q5753771,unique_korean_label,Wikidata CC0
東新宿,히가시신주쿠역,Q112503,unique_korean_label,Wikidata CC0
東新町,히가시신마치역,Q772815,unique_korean_label,Wikidata CC0
東新津,히가시니쓰역,Q5753777,unique_korean_label,Wikidata CC0
東森,히가시모리역,Q898576,unique_korean_label,Wikidata CC0
東神奈川,히가시카나가와역,Q128205,unique_korean_label,Wikidata CC0
東須磨,히가시스마역,Q5753847,unique_korean_label,Wikidata CC0
東逗子,히가시즈시역,Q844310,unique_korean_label,Wikidata CC0
東垂水,히가시타루미역,Q5753865,unique_korean_label,Wikidata CC0
東水巻,히가시미즈마키역,Q5753716,unique_korean_label,Wikidata CC0
東水戸,히가시미토역,Q11527562,unique_korean_label,Wikidata CC0
東成岩,히가시나라와역,Q5753757,unique_korean_label,Wikidata CC0
東成田,히가시나리타역,Q846460,unique_korean_label,Wikidata CC0
東清川,히가시키요카와역,Q11527993,unique_korean_label,Wikidata CC0
東生駒,히가시이코마역,Q5753564,unique_korean_label,Wikidata CC0
東青原,히가시아오하라역,Q5753468,unique_korean_label,Wikidata CC0
東青山,히가시아오야마역,Q5753472,unique_korean_label,Wikidata CC0
東青森,히가시아오모리역,Q5753477,unique_korean_label,Wikidata CC0
東青梅,히가시오메역,Q844198,unique_korean_label,Wikidata CC0
東静岡,히가시시즈오카역,Q863442,unique_korean_label,Wikidata CC0
東石黒,히가시이시구로역,Q11528125,unique_korean_label,Wikidata CC0
東仙台,히가시센다이역,Q899052,unique_korean_label,Wikidata CC0
東千葉,히가시치바역,Q8013045,unique_korean_label,Wikidata CC0
東川口,히가시카와구치역,Q8015281,unique_korean_label,Wikidata CC0
東船岡,히가시후나오카역,Q5753506,unique_korean_label,Wikidata CC0
東船橋,히가시후나바시역,Q908788,unique_korean_label,Wikidata CC0
東相内,히가시아이노나이역,Q8191279,unique_korean_label,Wikidata CC0
東総社,히가시소자역,Q3661745,unique_korean_label,Wikidata CC0
東村山,히가시무라야마역,Q5753740,unique_korean_label,Wikidata CC0
東多久,히가시타쿠역,Q11526440,unique_korean_label,Wikidata CC0
東大垣,히가시오가키역,Q367572,unique_korean_label,Wikidata CC0
東大館,히가시오다테역,Q5753940,unique_korean_label,Wikidata CC0
東大宮,히가시오미야역,Q861532,unique_korean_label,Wikidata CC0
東大更,히가시오부케역,Q11526488,unique_korean_label,Wikidata CC0
東大崎,히가시오사키역,Q247576,unique_korean_label,Wikidata CC0
東大手,히가시오테역,Q8190779,unique_korean_label,Wikidata CC0
東大前,도다이마에역,Q1073411,unique_korean_label,Wikidata CC0
東大島,히가시오지마역,Q908010,unique_korean_label,Wikidata CC0
東大和市,히가시야마토시역,Q5754181,unique_korean_label,Wikidata CC0
東池袋,히가시이케부쿠로역,Q331193,unique_korean_label,Wikidata CC0
東中山,히가시나카야마역,Q8015446,unique_korean_label,Wikidata CC0
東中神,히가시나카가미역,Q8014532,unique_korean_label,Wikidata CC0
東中津,히가시나카쓰역,Q5360365,unique_korean_label,Wikidata CC0
東中野,히가시나카노역,Q800921,unique_korean_label,Wikidata CC0
東長原,히가시나가하라역,Q5753738,unique_korean_label,Wikidata CC0
東長崎,히가시나가사키역,Q843275,unique_korean_label,Wikidata CC0
東長沢,히가시나가사와역,Q2101432,unique_korean_label,Wikidata CC0
東津山,히가시쓰야마역,Q3661674,unique_korean_label,Wikidata CC0
東田子の浦,히가시타고노우라역,Q871507,unique_korean_label,Wikidata CC0
東都農,히가시쓰노역,Q5357741,unique_korean_label,Wikidata CC0
東唐津,히가시카라쓰역,Q5753595,unique_korean_label,Wikidata CC0
東二見,히가시후타미역,Q251834,unique_korean_label,Wikidata CC0
東日本橋,히가시니혼바시역,Q906172,unique_korean_label,Wikidata CC0
東能代,히가시노시로역,Q5753788,unique_korean_label,Wikidata CC0
東梅田,히가시우메다역,Q83600,unique_korean_label,Wikidata CC0
東萩,히가시하기역,Q5753531,unique_korean_label,Wikidata CC0
東柏崎,히가시카시와자키역,Q5753600,unique_korean_label,Wikidata CC0
東白楽,히가시하쿠라쿠역,Q5753538,unique_korean_label,Wikidata CC0
東白石,히가시시로이시역,Q898818,unique_korean_label,Wikidata CC0
東幡豆,히가시하즈역,Q11526825,unique_korean_label,Wikidata CC0
東八森,히가시하치모리역,Q5753529,unique_korean_label,Wikidata CC0
東八尾,히가시야쓰오역,Q5753908,unique_korean_label,Wikidata CC0
東飯能,히가시한노역,Q842772,unique_korean_label,Wikidata CC0
東比恵,히가시히에역,Q4357538,unique_korean_label,Wikidata CC0
東尾道,히가시오노미치역,Q3661775,unique_korean_label,Wikidata CC0
東枇杷島,히가시비와지마역,Q11527364,unique_korean_label,Wikidata CC0
東美浜,히가시미하마역,Q5753699,unique_korean_label,Wikidata CC0
東姫路,히가시히메지역,Q21065659,unique_korean_label,Wikidata CC0
東浜,히가시하마역,Q899136,unique_korean_label,Wikidata CC0
東富山,히가시토야마역,Q5359944,unique_korean_label,Wikidata CC0
東府中,히가시후추역,Q4497461,unique_korean_label,Wikidata CC0
東武ワールドスクウェア,도부 월드 스퀘어역,Q27923776,unique_korean_label,Wikidata CC0
東武宇都宮,도부 우쓰노미야역,Q7862642,unique_korean_label,Wikidata CC0
東武金崎,도부 가나사키역,Q7862636,unique_korean_label,Wikidata CC0
東武竹沢,도부 다케자와역,Q7862634,unique_korean_label,Wikidata CC0
東武動物公園,도부 도부쓰코엔역,Q843158,unique_korean_label,Wikidata CC0
東武日光,도부 닛코역,Q7862640,unique_korean_label,Wikidata CC0
東武練馬,도부 네리마역,Q7862632,unique_korean_label,Wikidata CC0
東武和泉,도부 이즈미역,Q7862633,unique_korean_label,Wikidata CC0
東舞鶴,히가시마이즈루역,Q5753681,unique_korean_label,Wikidata CC0
東部市場前,도부시조마에역,Q856565,unique_korean_label,Wikidata CC0
東伏見,히가시후시미역,Q5753520,unique_korean_label,Wikidata CC0
東福間,히가시후쿠마역,Q5359754,unique_korean_label,Wikidata CC0
東福山,히가시후쿠야마역,Q5358627,unique_korean_label,Wikidata CC0
東福寺,도후쿠지역,Q1044897,unique_korean_label,Wikidata CC0
東福生,히가시훗사역,Q844330,unique_korean_label,Wikidata CC0
東福島,히가시후쿠시마역,Q874513,unique_korean_label,Wikidata CC0
東別院,히가시베쓰인역,Q863872,unique_korean_label,Wikidata CC0
東別府,히가시벳푸역,Q5359632,unique_korean_label,Wikidata CC0
東北沢,히가시키타자와역,Q4497457,unique_korean_label,Wikidata CC0
東北福祉大前,도호쿠후쿠시다이마에역,Q7862658,unique_korean_label,Wikidata CC0
東名,도나역,Q7862703,unique_korean_label,Wikidata CC0
東名古屋港,히가시나고야코역,Q5753743,unique_korean_label,Wikidata CC0
東鳴尾,히가시나루오역,Q5753761,unique_korean_label,Wikidata CC0
東毛呂,히가시모로역,Q11527554,unique_korean_label,Wikidata CC0
東門前,히가시몬젠역,Q5754076,unique_korean_label,Wikidata CC0
東野尻,히가시노지리역,Q5753783,unique_korean_label,Wikidata CC0
東矢本,히가시야모토역,Q5753902,unique_korean_label,Wikidata CC0
東葉勝田台,도요 가쓰타다이역,Q7862750,unique_korean_label,Wikidata CC0
東陽町,도요초역,Q126765,unique_korean_label,Wikidata CC0
東淀川,히가시요도가와역,Q1195539,unique_korean_label,Wikidata CC0
東林間,히가시린칸역,Q4497459,unique_korean_label,Wikidata CC0
東浪見,도라미역,Q564474,unique_korean_label,Wikidata CC0
東鷲宮,히가시와시노미야역,Q845454,unique_korean_label,Wikidata CC0
東觜崎,히가시하시사키역,Q5753553,unique_korean_label,Wikidata CC0
東諫早,히가시이사하야역,Q5356543,unique_korean_label,Wikidata CC0
桃山,모모야마역,Q1048827,unique_korean_label,Wikidata CC0
桃山御陵前,모모야마고료마에역,Q6897485,unique_korean_label,Wikidata CC0
桃山台,모모야마다이역,Q59341,unique_korean_label,Wikidata CC0
桃山南口,모모야마미나미구치역,Q2368300,unique_korean_label,Wikidata CC0
桃川,모모노카와역,Q11537053,unique_korean_label,Wikidata CC0
桃谷,모모다니역,Q1130995,unique_korean_label,Wikidata CC0
桃内,모모우치역,Q6897475,unique_korean_label,Wikidata CC0
湯の山温泉,유노야마온센역,Q8061376,unique_korean_label,Wikidata CC0
湯ノ峠,유노토역,Q8061375,unique_korean_label,Wikidata CC0
湯河原,유가와라역,Q841936,unique_korean_label,Wikidata CC0
湯玉,유타마역,Q8062099,unique_korean_label,Wikidata CC0
湯江,유에역,Q5355790,unique_korean_label,Wikidata CC0
湯瀬温泉,유제온센역,Q8062247,unique_korean_label,Wikidata CC0
湯川,유카와역,Q2650317,unique_korean_label,Wikidata CC0
湯浅,유아사역,Q3205738,unique_korean_label,Wikidata CC0
湯沢,유자와역,Q8062246,unique_korean_label,Wikidata CC0
湯谷温泉,유야온센역,Q773839,unique_korean_label,Wikidata CC0
湯田温泉,유다온센역,Q8060214,unique_korean_label,Wikidata CC0
湯田村,유다무라역,Q8060210,unique_korean_label,Wikidata CC0
湯島,유시마역,Q390694,unique_korean_label,Wikidata CC0
湯之元,유노모토역,Q5297319,unique_korean_label,Wikidata CC0
湯尾,유노오역,Q5359995,unique_korean_label,Wikidata CC0
湯平,유노히라역,Q8061354,unique_korean_label,Wikidata CC0
湯本,유모토역,Q5353354,unique_korean_label,Wikidata CC0
湯里,유사토역,Q5355643,unique_korean_label,Wikidata CC0
湯檜曽,유비소역,Q3527453,unique_korean_label,Wikidata CC0
当別,도베쓰역,Q2490291,unique_korean_label,Wikidata CC0
当麻,도마역,Q7862702,unique_korean_label,Wikidata CC0
当麻寺,다이마데라역,Q7676152,unique_korean_label,Wikidata CC0
等々力,도도로키역,Q7812857,unique_korean_label,Wikidata CC0
藤が丘,후지가오카역,Q850679,unique_korean_label,Wikidata CC0
藤の牛島,후지노우시지마역,Q5367524,unique_korean_label,Wikidata CC0
藤ノ木,후지노키역,Q5507459,unique_korean_label,Wikidata CC0
藤井,후지이역,Q5507417,unique_korean_label,Wikidata CC0
藤井寺,후지이데라역,Q5507418,unique_korean_label,Wikidata CC0
藤岡,후지오카역,Q5507472,unique_korean_label,Wikidata CC0
藤江,후지에역,Q5507384,unique_korean_label,Wikidata CC0
藤根,후지네역,Q5507454,unique_korean_label,Wikidata CC0
藤阪,후지사카역,Q855872,unique_korean_label,Wikidata CC0
藤崎,후지사키역,Q5507474,unique_korean_label,Wikidata CC0
藤山,후지야마역,Q5507552,unique_korean_label,Wikidata CC0
藤枝,후지에다역,Q871871,unique_korean_label,Wikidata CC0
藤森,후지노모리역,Q2153600,unique_korean_label,Wikidata CC0
藤生,후주역,Q5357867,unique_korean_label,Wikidata CC0
藤川,후지카와역,Q5507423,unique_korean_label,Wikidata CC0
藤代,후지시로역,Q5365268,unique_korean_label,Wikidata CC0
藤沢,후지사와역,Q1133110,unique_korean_label,Wikidata CC0
藤沢本町,후지사와혼마치역,Q4493282,unique_korean_label,Wikidata CC0
藤田,후지타역,Q874847,unique_korean_label,Wikidata CC0
藤島,후지시마역,Q5507482,unique_korean_label,Wikidata CC0
藤並,후지나미역,Q3324528,unique_korean_label,Wikidata CC0
藤野,후지노역,Q5507458,unique_korean_label,Wikidata CC0
藤浪,후지나미역,Q5507450,unique_korean_label,Wikidata CC0
陶,스에역,Q11658487,unique_korean_label,Wikidata CC0
陶磁資料館南,도지시료칸미나미역,Q861773,unique_korean_label,Wikidata CC0
騰波ノ江,도바노에역,Q11668545,unique_korean_label,Wikidata CC0
動橋,이부리하시역,Q3611075,unique_korean_label,Wikidata CC0
動物園前,도부쓰엔마에역,Q1038365,unique_korean_label,Wikidata CC0
動物公園,도부쓰코엔역,Q5321252,unique_korean_label,Wikidata CC0
同志社前,도시샤마에역,Q856061,unique_korean_label,Wikidata CC0
堂島,도지마역,Q5321255,unique_korean_label,Wikidata CC0
洞泉,도센역,Q3893001,unique_korean_label,Wikidata CC0
洞爺,도야 역 (이부리 지청),Q7862746,unique_korean_label,Wikidata CC0
道ノ尾,미치노오역,Q5356492,unique_korean_label,Wikidata CC0
道後山,도고야마역,Q5321254,unique_korean_label,Wikidata CC0
道上,미치노우에역,Q6837913,unique_korean_label,Wikidata CC0
道場,도조역,Q856528,unique_korean_label,Wikidata CC0
道場南口,도조미나미구치역,Q5321257,unique_korean_label,Wikidata CC0
道成寺,도조지역,Q2898316,unique_korean_label,Wikidata CC0
道川,미치카와역,Q6837874,unique_korean_label,Wikidata CC0
道徳,도토쿠역,Q5321266,unique_korean_label,Wikidata CC0
道明寺,도묘지역,Q5321260,unique_korean_label,Wikidata CC0
峠,도게역,Q7862650,unique_korean_label,Wikidata CC0
峠下,도게시타역,Q11476057,unique_korean_label,Wikidata CC0
徳庵,도쿠안역,Q855759,unique_korean_label,Wikidata CC0
徳益,도쿠마스역,Q11490439,unique_korean_label,Wikidata CC0
徳佐,도쿠사역,Q7813756,unique_korean_label,Wikidata CC0
徳重,도쿠시게역,Q866130,unique_korean_label,Wikidata CC0
徳重・名古屋芸大,도쿠시게 · 나고야게이다이역,Q7813759,unique_korean_label,Wikidata CC0
徳宿,도쿠슈쿠역,Q7813773,unique_korean_label,Wikidata CC0
徳沢,도쿠사와역,Q7813757,unique_korean_label,Wikidata CC0
徳田,도쿠다 역 (이시카와 현),Q7813710,unique_korean_label,Wikidata CC0
徳島,도쿠시마역,Q860775,unique_korean_label,Wikidata CC0
徳力公団前,도쿠리키코단마에 역,Q7813751,unique_korean_label,Wikidata CC0
徳力嵐山口,도쿠리키아라시야마구치 역,Q7813750,unique_korean_label,Wikidata CC0
徳和,도쿠와역,Q7813777,unique_korean_label,Wikidata CC0
特牛,곳토이역,Q6434348,unique_korean_label,Wikidata CC0
読売ランド前,요미우리 랜드 마에역,Q4053762,unique_korean_label,Wikidata CC0
栃屋,도치야역,Q7812010,unique_korean_label,Wikidata CC0
栃原,도치하라역,Q8009807,unique_korean_label,Wikidata CC0
栃木,도치기역,Q7811990,unique_korean_label,Wikidata CC0
苫小牧,도마코마이역,Q3601182,unique_korean_label,Wikidata CC0
苫米地,도마베치역,Q6420074,unique_korean_label,Wikidata CC0
敦賀,쓰루가역,Q5364670,unique_korean_label,Wikidata CC0
奈井江,나이에역,Q873231,unique_korean_label,Wikidata CC0
奈古,나고역,Q3701395,unique_korean_label,Wikidata CC0
奈多,나타역,Q6967916,unique_korean_label,Wikidata CC0
奈良,나라역,Q1150978,unique_korean_label,Wikidata CC0
奈良井,나라이역,Q5359273,unique_korean_label,Wikidata CC0
那加,나카역,Q873075,unique_korean_label,Wikidata CC0
那岐,나기역,Q6958820,unique_korean_label,Wikidata CC0
那古船形,나코후나카타역,Q556700,unique_korean_label,Wikidata CC0
那須塩原,나스시오바라역,Q369523,unique_korean_label,Wikidata CC0
那智,나치역,Q2584944,unique_korean_label,Wikidata CC0
那覇空港,나하공항역,Q841429,unique_korean_label,Wikidata CC0
内ケ巻,우치가마키역,Q7876715,unique_korean_label,Wikidata CC0
内郷,우치고역,Q5353538,unique_korean_label,Wikidata CC0
内原,우치하라역,Q5365679,unique_korean_label,Wikidata CC0
内幸町,우치사이와이초역,Q1038948,unique_korean_label,Wikidata CC0
内山,우치야마역,Q7876748,unique_korean_label,Wikidata CC0
内子,우치코역,Q899541,unique_korean_label,Wikidata CC0
内宿,우치주쿠역,Q10891265,unique_korean_label,Wikidata CC0
内船,우쓰부나역,Q7903273,unique_korean_label,Wikidata CC0
内之田,우치노다역,Q7876733,unique_korean_label,Wikidata CC0
内牧,우치노마키역,Q7876736,unique_korean_label,Wikidata CC0
内名,우치나역,Q7876730,unique_korean_label,Wikidata CC0
内野,우치노역,Q7876732,unique_korean_label,Wikidata CC0
内野西が丘,우치노니시가오카역,Q7876731,unique_korean_label,Wikidata CC0
灘,나다역,Q592339,unique_korean_label,Wikidata CC0
鍋倉,나베쿠라역,Q6956814,unique_korean_label,Wikidata CC0
鍋島,나베시마역,Q5367881,unique_korean_label,Wikidata CC0
楢原,나라하라역,Q6965278,unique_korean_label,Wikidata CC0
南ウッディタウン,미나미우디타운역,Q6863052,unique_korean_label,Wikidata CC0
南が丘,미나미가오카역,Q2816009,unique_korean_label,Wikidata CC0
南阿佐ケ谷,미나미아사가야역,Q1073001,unique_korean_label,Wikidata CC0
南安城,미나미안조역,Q6862850,unique_korean_label,Wikidata CC0
南伊東,미나미이토역,Q6862914,unique_korean_label,Wikidata CC0
南茨木,미나미이바라키역,Q3970132,unique_korean_label,Wikidata CC0
南宇都宮,미나미우쓰노미야역,Q6862982,unique_korean_label,Wikidata CC0
南羽咋,미나미하쿠이역,Q6862870,unique_korean_label,Wikidata CC0
南羽生,미나미하뉴역,Q6862883,unique_korean_label,Wikidata CC0
南浦和,미나미우라와역,Q268540,unique_korean_label,Wikidata CC0
南永山,미나미나가야마역,Q6862957,unique_korean_label,Wikidata CC0
南越谷,미나미코시가야역,Q842469,unique_korean_label,Wikidata CC0
南延岡,미나미노베오카역,Q5357950,unique_korean_label,Wikidata CC0
南下徳富,미나미시모톳푸역,Q6862969,unique_korean_label,Wikidata CC0
南加木屋,미나미카기야역,Q6862921,unique_korean_label,Wikidata CC0
南角田,미나미카쿠다역,Q6862925,unique_korean_label,Wikidata CC0
南寒河江,미나미사가에역,Q11407728,unique_korean_label,Wikidata CC0
南岩国,미나미이와쿠니역,Q8011236,unique_korean_label,Wikidata CC0
南吉田,미나미요시다역,Q6862991,unique_korean_label,Wikidata CC0
南久留米,미나미쿠루메역,Q6862946,unique_korean_label,Wikidata CC0
南宮崎,미나미미야자키역,Q899171,unique_korean_label,Wikidata CC0
南魚崎,미나미우오자키역,Q11408798,unique_korean_label,Wikidata CC0
南橋本,미나미하시모토역,Q6862886,unique_korean_label,Wikidata CC0
南郷,난고역,Q6963566,unique_korean_label,Wikidata CC0
南郷13丁目,난고 13초메역,Q3563648,unique_korean_label,Wikidata CC0
南郷18丁目,난고 18초메역,Q3563856,unique_korean_label,Wikidata CC0
南郷7丁目,난고 7초메역,Q8189775,unique_korean_label,Wikidata CC0
南熊本,미나미쿠마모토역,Q6862932,unique_korean_label,Wikidata CC0
南栗橋,미나미쿠리하시역,Q846777,unique_korean_label,Wikidata CC0
南古谷,미나미후루야역,Q844387,unique_korean_label,Wikidata CC0
南御殿場,미나미고텐바역,Q5357375,unique_korean_label,Wikidata CC0
南公園,미나미코엔역,Q6863047,unique_korean_label,Wikidata CC0
南港口,난코구치역,Q180437,unique_korean_label,Wikidata CC0
南港東,난코히가시역,Q180517,unique_korean_label,Wikidata CC0
南甲府,미나미코후역,Q6862942,unique_korean_label,Wikidata CC0
南荒子,미나미아라코역,Q10908910,unique_korean_label,Wikidata CC0
南荒尾,미나미아라오역,Q5359202,unique_korean_label,Wikidata CC0
南行橋,미나미유쿠하시역,Q8011218,unique_korean_label,Wikidata CC0
南行徳,미나미교토쿠역,Q128797,unique_korean_label,Wikidata CC0
南高田,미나미타카다역,Q5355894,unique_korean_label,Wikidata CC0
南今庄,미나미이마조역,Q5359879,unique_korean_label,Wikidata CC0
南砂町,미나미스나마치역,Q126760,unique_korean_label,Wikidata CC0
南桜井,미나미사쿠라이역,Q5367953,unique_korean_label,Wikidata CC0
南三原,미나미하라역,Q553865,unique_korean_label,Wikidata CC0
南四日市,미나미욧카이치역,Q5358515,unique_korean_label,Wikidata CC0
南滋賀,미나미시가역,Q6862967,unique_korean_label,Wikidata CC0
南鹿児島,미나미가고시마역,Q869240,unique_korean_label,Wikidata CC0
南宍道,미나미신지역,Q6863049,unique_korean_label,Wikidata CC0
南若松,미나미와카마쓰역,Q6862983,unique_korean_label,Wikidata CC0
南守谷,미나미모리야역,Q6862948,unique_korean_label,Wikidata CC0
南酒々井,미나미시스이역,Q5364222,unique_korean_label,Wikidata CC0
南酒出,미나미사카이데역,Q6862962,unique_korean_label,Wikidata CC0
南宿,미나미주쿠역,Q11407722,unique_korean_label,Wikidata CC0
南出羽,미나미데와역,Q6862856,unique_korean_label,Wikidata CC0
南小松島,미나미코마쓰시마역,Q6862940,unique_korean_label,Wikidata CC0
南小倉,미나미코쿠라역,Q5360687,unique_korean_label,Wikidata CC0
南小谷,미나미오타리역,Q6862961,unique_korean_label,Wikidata CC0
南小樽,미나미오타루역,Q949815,unique_korean_label,Wikidata CC0
南小野田,미나미오노다역,Q6862955,unique_korean_label,Wikidata CC0
南松本,미나미마쓰모토역,Q3797513,unique_korean_label,Wikidata CC0
南条,난조역,Q5360318,unique_korean_label,Wikidata CC0
南新宿,미나미신주쿠역,Q1135947,unique_korean_label,Wikidata CC0
南新庄,미나미신조역,Q2102225,unique_korean_label,Wikidata CC0
南森町,미나미모리마치역,Q1039923,unique_korean_label,Wikidata CC0
南神城,미나미카미시로역,Q6862924,unique_korean_label,Wikidata CC0
南瀬高,미나미세타카역,Q5359655,unique_korean_label,Wikidata CC0
南生駒,미나미이코마역,Q6862892,unique_korean_label,Wikidata CC0
南石井,미나미이시이역,Q11408311,unique_korean_label,Wikidata CC0
南石下,미나미이시게역,Q6862906,unique_korean_label,Wikidata CC0
南摂津,미나미셋쓰역,Q3970135,unique_korean_label,Wikidata CC0
南仙台,미나미센다이역,Q899045,unique_korean_label,Wikidata CC0
南千歳,미나미치토세역,Q3601198,unique_korean_label,Wikidata CC0
南千住,미나미센주역,Q80570,unique_korean_label,Wikidata CC0
南千里,미나미센리역,Q6862965,unique_korean_label,Wikidata CC0
南船橋,미나미후나바시역,Q2259071,unique_korean_label,Wikidata CC0
南草津,미나미쿠사쓰역,Q1042831,unique_korean_label,Wikidata CC0
南多摩,미나미타마역,Q5366901,unique_korean_label,Wikidata CC0
南太田,미나미오타역,Q6863036,unique_korean_label,Wikidata CC0
南大高,미나미오다카역,Q871178,unique_korean_label,Wikidata CC0
南大沢,미나미오사와역,Q4293994,unique_korean_label,Wikidata CC0
南大町,미나미오마치역,Q11407681,unique_korean_label,Wikidata CC0
南大塚,미나미오쓰카역,Q8015394,unique_korean_label,Wikidata CC0
南大東,미나미다이토역,Q6863040,unique_korean_label,Wikidata CC0
南大分,미나미오이타역,Q6863029,unique_korean_label,Wikidata CC0
南大嶺,미나미오미네역,Q11407672,unique_korean_label,Wikidata CC0
南巽,미나미타쓰미역,Q126112,unique_korean_label,Wikidata CC0
南稚内,미나미왓카나이역,Q8191370,unique_korean_label,Wikidata CC0
南中郷,미나미나카고역,Q5353339,unique_korean_label,Wikidata CC0
南中川,미나미나카가와역,Q6862954,unique_korean_label,Wikidata CC0
南町田グランベリーパーク,미나미마치다 역,Q6862943,unique_korean_label,Wikidata CC0
南鳥海,미나미초카이역,Q11408820,unique_korean_label,Wikidata CC0
南直方御殿口,미나미노가타고텐구치역,Q11408286,unique_korean_label,Wikidata CC0
南田辺,미나미타나베역,Q856538,unique_korean_label,Wikidata CC0
南日向,미나미휴가역,Q6862908,unique_korean_label,Wikidata CC0
南柏,미나미카시와역,Q5363133,unique_korean_label,Wikidata CC0
南鳩ヶ谷,미나미하토가야역,Q5369132,unique_korean_label,Wikidata CC0
南比布,미나미핏푸역,Q872865,unique_korean_label,Wikidata CC0
南美深,미나미비후카역,Q6862862,unique_korean_label,Wikidata CC0
南彦根,미나미히코네역,Q1042827,unique_korean_label,Wikidata CC0
南部,미나베역,Q2897595,unique_korean_label,Wikidata CC0
南部市場,난부시조역,Q11408539,unique_korean_label,Wikidata CC0
南風崎,하에노사키역,Q5638286,unique_korean_label,Wikidata CC0
南福岡,미나미후쿠오카역,Q5359375,unique_korean_label,Wikidata CC0
南福島,미나미후쿠시마역,Q874869,unique_korean_label,Wikidata CC0
南平岸,미나미히라기시역,Q3563720,unique_korean_label,Wikidata CC0
南米沢,미나미요네자와역,Q11408340,unique_korean_label,Wikidata CC0
南方,미나미카타역,Q6863075,unique_korean_label,Wikidata CC0
南豊科,미나미토요시나역,Q6862980,unique_korean_label,Wikidata CC0
南万騎が原,미나미마키가하라역,Q6862945,unique_korean_label,Wikidata CC0
南木曽,나기소역,Q5359502,unique_korean_label,Wikidata CC0
南野,미나미노역,Q11408687,unique_korean_label,Wikidata CC0
南矢代,미나미야시로역,Q856536,unique_korean_label,Wikidata CC0
南由布,미나미유후역,Q6862994,unique_korean_label,Wikidata CC0
南与野,미나미요노역,Q844368,unique_korean_label,Wikidata CC0
南流山,미나미나가레야마역,Q267770,unique_korean_label,Wikidata CC0
南林間,미나미린칸역,Q999127,unique_korean_label,Wikidata CC0
楠,구스역,Q6448197,unique_korean_label,Wikidata CC0
難波,난바역,Q20079977,unique_korean_label,Wikidata CC0
二ツ井,후타쓰이역,Q5510490,unique_korean_label,Wikidata CC0
二ツ杁,후타쓰이리역,Q5510492,unique_korean_label,Wikidata CC0
二ノ瀬,니노세역,Q7039093,unique_korean_label,Wikidata CC0
二井田,니다역,Q11371290,unique_korean_label,Wikidata CC0
二階堂,니카이도역,Q7034721,unique_korean_label,Wikidata CC0
二宮,니노미야역,Q511262,unique_korean_label,Wikidata CC0
二月田,니가쓰덴역,Q872642,unique_korean_label,Wikidata CC0
二見浦,후타미노우라역,Q117376,unique_korean_label,Wikidata CC0
二軒屋,니켄야역,Q10880415,unique_korean_label,Wikidata CC0
二軒茶屋,니켄차야역,Q27288,unique_korean_label,Wikidata CC0
二戸,니노헤역,Q385423,unique_korean_label,Wikidata CC0
二股,후타마타역,Q864284,unique_korean_label,Wikidata CC0
二子,후타고역,Q5510450,unique_korean_label,Wikidata CC0
二子玉川,후타코타마가와역,Q1042466,unique_korean_label,Wikidata CC0
二子新地,후타코신치역,Q5510461,unique_korean_label,Wikidata CC0
二十軒,니짓켄역,Q7034554,unique_korean_label,Wikidata CC0
二十四軒,니주욘켄역,Q3563766,unique_korean_label,Wikidata CC0
二重橋前,니주바시마에역,Q390676,unique_korean_label,Wikidata CC0
二上,니조역,Q7034597,unique_korean_label,Wikidata CC0
二上山,니조잔역,Q11371274,unique_korean_label,Wikidata CC0
二上神社口,니조진자구치역,Q7034581,unique_korean_label,Wikidata CC0
二条,니조역,Q1130699,unique_korean_label,Wikidata CC0
二条城前,니조조마에역,Q2477213,unique_korean_label,Wikidata CC0
二色浜,니시키노하마역,Q11371769,unique_korean_label,Wikidata CC0
二川,후타가와역,Q872067,unique_korean_label,Wikidata CC0
二塚,후타쓰카역,Q5510494,unique_korean_label,Wikidata CC0
二田,후타다역,Q5510446,unique_korean_label,Wikidata CC0
二島,후타지마역,Q5510458,unique_korean_label,Wikidata CC0
二日市,후쓰카이치역,Q154366,unique_korean_label,Wikidata CC0
二本松,니혼마쓰역,Q874110,unique_korean_label,Wikidata CC0
二本木,니혼기역,Q5356473,unique_korean_label,Wikidata CC0
二俣新町,후타마타신마치역,Q2258179,unique_korean_label,Wikidata CC0
二俣川,후타마타가와역,Q846471,unique_korean_label,Wikidata CC0
二俣尾,후타마타오역,Q5510471,unique_korean_label,Wikidata CC0
二名,후타나역,Q4388104,unique_korean_label,Wikidata CC0
二木島,니기시마역,Q5357620,unique_korean_label,Wikidata CC0
二里ヶ浜,니리가하마역,Q7039975,unique_korean_label,Wikidata CC0
二郎,니로역,Q11371826,unique_korean_label,Wikidata CC0
二和向台,후타와무코다이역,Q5510499,unique_korean_label,Wikidata CC0
尼ヶ辻,아마가쓰지역,Q4739124,unique_korean_label,Wikidata CC0
尼崎,아마가사키역,Q1151109,unique_korean_label,Wikidata CC0
尼崎センタープール前,아마가사키 센터풀마에역,Q4739116,unique_korean_label,Wikidata CC0
虹ノ松原,니지노마쓰바라역,Q7034556,unique_korean_label,Wikidata CC0
廿日市,하쓰카이치역,Q5358343,unique_korean_label,Wikidata CC0
日の出,히노데역,Q5365974,unique_korean_label,Wikidata CC0
日ノ出町,히노데초역,Q5767411,unique_korean_label,Wikidata CC0
日宇,히우역,Q5872748,unique_korean_label,Wikidata CC0
日羽,히와역,Q11510266,unique_korean_label,Wikidata CC0
日永,히나가역,Q5765619,unique_korean_label,Wikidata CC0
日岡,히오카역,Q3095774,unique_korean_label,Wikidata CC0
日下,구사카역,Q6447751,unique_korean_label,Wikidata CC0
日吉,히요시역,Q390392,unique_korean_label,Wikidata CC0
日吉本町,히요시혼초역,Q5872965,unique_korean_label,Wikidata CC0
日詰,히즈메역,Q899708,unique_korean_label,Wikidata CC0
日原,니치하라역,Q7024834,unique_korean_label,Wikidata CC0
日光,닛코역,Q1048777,unique_korean_label_catalog,Wikidata CC0
日向,휴가역,Q5363469,unique_korean_label,Wikidata CC0
日向沓掛,휴가쿠쓰카케역,Q5357514,unique_korean_label,Wikidata CC0
日向市,휴가시역,Q5357695,unique_korean_label,Wikidata CC0
日向住吉,휴가스미요시역,Q5357595,unique_korean_label,Wikidata CC0
日向庄内,휴가쇼나이역,Q5962842,unique_korean_label,Wikidata CC0
日向新富,휴가신토미역,Q5357437,unique_korean_label,Wikidata CC0
日向前田,휴가마에다역,Q5962834,unique_korean_label,Wikidata CC0
日向大束,휴가오쓰카역,Q11505111,unique_korean_label,Wikidata CC0
日向長井,휴가나가이역,Q899057,unique_korean_label,Wikidata CC0
日向北方,휴가키타카타역,Q5962820,unique_korean_label,Wikidata CC0
日向和田,히나타와다역,Q8013228,unique_korean_label,Wikidata CC0
日根野,히네노역,Q856937,unique_korean_label,Wikidata CC0
日出,히지역,Q5359591,unique_korean_label,Wikidata CC0
日出塩,히데시오역,Q5359436,unique_korean_label,Wikidata CC0
日出谷,히데야역,Q11504928,unique_korean_label,Wikidata CC0
日進,닛신역,Q844375,unique_korean_label,Wikidata CC0
日生,히나세역,Q11509707,unique_korean_label,Wikidata CC0
日生中央,닛세이추오역,Q11509696,unique_korean_label,Wikidata CC0
日代,히시로역,Q5358666,unique_korean_label,Wikidata CC0
日長,히나가역,Q11510702,unique_korean_label,Wikidata CC0
日田,히타역,Q5871577,unique_korean_label,Wikidata CC0
日登,히노보리역,Q5767403,unique_korean_label,Wikidata CC0
日当山,히나타야마역,Q5375847,unique_korean_label,Wikidata CC0
日比谷,히비야역,Q511753,unique_korean_label,Wikidata CC0
日比野,히비노역,Q5750779,unique_korean_label,Wikidata CC0
日暮里,닛포리역,Q801262,unique_korean_label,Wikidata CC0
日本へそ公園,니혼헤소코엔역,Q3097208,unique_korean_label,Wikidata CC0
日本ライン今渡,니혼라인이마와타리역,Q11507013,unique_korean_label,Wikidata CC0
日本橋,닛폰바시역,Q1040630,unique_korean_label_catalog,Wikidata CC0
日本大通り,니혼오도리역,Q7034272,unique_korean_label,Wikidata CC0
日野,히노 역 (도쿄 도),Q800923,unique_korean_label,Wikidata CC0
日野春,히노하루역,Q5767422,unique_korean_label,Wikidata CC0
日立,히타치역,Q39929,unique_korean_label,Wikidata CC0
日立木,닛타키역,Q7041544,unique_korean_label,Wikidata CC0
日和佐,히와사역,Q5872860,unique_korean_label,Wikidata CC0
日和田,히와다역,Q874097,unique_korean_label,Wikidata CC0
入間市,이루마시역,Q6074023,unique_korean_label,Wikidata CC0
入広瀬,이리히로세역,Q6069716,unique_korean_label,Wikidata CC0
入山瀬,이리야마세역,Q5356726,unique_korean_label,Wikidata CC0
入生田,이리우다역,Q6071878,unique_korean_label,Wikidata CC0
入善,뉴젠역,Q3701521,unique_korean_label,Wikidata CC0
入曽,이리소역,Q6071849,unique_korean_label,Wikidata CC0
入谷,이리야역,Q1073228,unique_korean_label,Wikidata CC0
入地,이레지역,Q6068466,unique_korean_label,Wikidata CC0
入明,이리아케역,Q6069531,unique_korean_label,Wikidata CC0
韮崎,니라사키역,Q8014441,unique_korean_label,Wikidata CC0
韮山,니라야마역,Q7039921,unique_korean_label,Wikidata CC0
韮川,니라가와역,Q8191297,unique_korean_label,Wikidata CC0
忍ケ丘,시노부가오카역,Q855840,unique_korean_label,Wikidata CC0
忍海,오시미역,Q7106624,unique_korean_label,Wikidata CC0
熱海,아타미역,Q800412,unique_korean_label,Wikidata CC0
熱田,아쓰타역,Q871814,unique_korean_label,Wikidata CC0
熱田神宮西,진구니시역,Q903638,unique_korean_label,Wikidata CC0
熱田神宮伝馬町,덴마초역,Q970033,unique_korean_label,Wikidata CC0
熱郛,넷푸역,Q864353,unique_korean_label,Wikidata CC0
乃木,노기역,Q5356159,unique_korean_label,Wikidata CC0
乃木坂,노기자카역,Q347791,unique_korean_label,Wikidata CC0
納内,오사무나이역,Q874180,unique_korean_label,Wikidata CC0
能見台,노켄다이역,Q7071606,unique_korean_label,Wikidata CC0
能瀬,노세역,Q11611990,unique_korean_label,Wikidata CC0
能代,노시로역,Q7061813,unique_korean_label,Wikidata CC0
能町,노마치역,Q7071607,unique_korean_label,Wikidata CC0
能登鹿島,노토카시마역,Q7063096,unique_korean_label,Wikidata CC0
能登川,노토가와역,Q1042348,unique_korean_label,Wikidata CC0
能登中島,노토나카지마역,Q7063098,unique_korean_label,Wikidata CC0
能登二宮,노토니노미야역,Q7063099,unique_korean_label,Wikidata CC0
能登部,노토베역,Q7063127,unique_korean_label,Wikidata CC0
能美根上,노미네아가리역,Q5359868,unique_korean_label,Wikidata CC0
農学部前,노가쿠부마에역,Q11637945,unique_korean_label,Wikidata CC0
播州赤穂,반슈아코역,Q4857136,unique_korean_label,Wikidata CC0
播磨高岡,하리마다카오카역,Q5657515,unique_korean_label,Wikidata CC0
播磨新宮,하리마신구역,Q5657517,unique_korean_label,Wikidata CC0
播磨町,하리마초역,Q5657536,unique_korean_label,Wikidata CC0
播磨徳久,하리마토쿠사역,Q5657520,unique_korean_label,Wikidata CC0
波久礼,하구레역,Q3701668,unique_korean_label,Wikidata CC0
波高島,하다카지마역,Q5355524,unique_korean_label,Wikidata CC0
波根,하네역,Q5355802,unique_korean_label,Wikidata CC0
波子,하시역,Q5678948,unique_korean_label,Wikidata CC0
波止浜,하시하마역,Q875845,unique_korean_label,Wikidata CC0
波川,하카와역,Q5640366,unique_korean_label,Wikidata CC0
波多浦,하타우라역,Q8192114,unique_korean_label,Wikidata CC0
波多江,하타에역,Q5367252,unique_korean_label,Wikidata CC0
波田須,하다스역,Q5357405,unique_korean_label,Wikidata CC0
波方,나미카타역,Q875859,unique_korean_label,Wikidata CC0
波野,나미노역,Q6961889,unique_korean_label,Wikidata CC0
馬下,마오로시역,Q6753692,unique_korean_label,Wikidata CC0
馬橋,마바시역,Q865196,unique_korean_label,Wikidata CC0
馬喰横山,바쿠로요코야마역,Q128303,unique_korean_label,Wikidata CC0
馬喰町,바쿠로초역,Q844182,unique_korean_label,Wikidata CC0
馬込,마고메역,Q1040904,unique_korean_label,Wikidata CC0
馬込沢,마고메자와역,Q6732342,unique_korean_label,Wikidata CC0
馬車道,바샤미치역,Q4866771,unique_korean_label,Wikidata CC0
馬出九大病院前,마이다시큐다이뵤인마에역,Q4357456,unique_korean_label,Wikidata CC0
馬場崎町,바바사키초역,Q4207950,unique_korean_label,Wikidata CC0
馬田,마다역,Q11668031,unique_korean_label,Wikidata CC0
馬道,우마미치역,Q11668092,unique_korean_label,Wikidata CC0
馬堀,우마호리역,Q1044103,unique_korean_label,Wikidata CC0
馬堀海岸,마보리카이간역,Q5370891,unique_korean_label,Wikidata CC0
馬来田,마쿠타역,Q6740491,unique_korean_label,Wikidata CC0
馬流,마나가시역,Q6746622,unique_korean_label,Wikidata CC0
馬路,마지역,Q5356662,unique_korean_label,Wikidata CC0
拝島,하이지마역,Q1065988,unique_korean_label,Wikidata CC0
梅ヶ丘,우메가오카역,Q4475573,unique_korean_label,Wikidata CC0
梅ケ沢,우메가사와역,Q899259,unique_korean_label,Wikidata CC0
梅ケ谷,우메가다니역,Q5358088,unique_korean_label,Wikidata CC0
梅ケ峠,우메가토역,Q7881475,unique_korean_label,Wikidata CC0
梅屋敷,우메야시키역,Q865643,unique_korean_label,Wikidata CC0
梅郷,우메사토역,Q7881495,unique_korean_label,Wikidata CC0
梅小路京都西,우메코지교토니시역,Q55670097,unique_korean_label,Wikidata CC0
梅坪,우메쓰보역,Q7881513,unique_korean_label,Wikidata CC0
梅島,우메지마역,Q7881477,unique_korean_label,Wikidata CC0
梅迫,우메자코역,Q7881519,unique_korean_label,Wikidata CC0
売布神社,메후진자역,Q6807953,unique_korean_label,Wikidata CC0
萩,하기역,Q5638728,unique_korean_label,Wikidata CC0
萩の台,하기노다이역,Q5638742,unique_korean_label,Wikidata CC0
萩ノ茶屋,하기노차야역,Q5215898,unique_korean_label,Wikidata CC0
萩原,하기와라역,Q11620386,unique_korean_label,Wikidata CC0
萩原天神,하기하라텐진역,Q5638735,unique_korean_label,Wikidata CC0
萩山,하기야마역,Q5638755,unique_korean_label,Wikidata CC0
萩野,하기노역,Q5638740,unique_korean_label,Wikidata CC0
伯耆溝口,호키미조구치역,Q5965218,unique_korean_label,Wikidata CC0
伯耆大山,호키다이센역,Q1059170,unique_korean_label,Wikidata CC0
博多,하카타역,Q800875,unique_korean_label,Wikidata CC0
博多南,하카타미나미역,Q906691,unique_korean_label,Wikidata CC0
博労町,바쿠로마치역,Q4207571,unique_korean_label,Wikidata CC0
柏,가시와역,Q865156,unique_korean_label,Wikidata CC0
柏たなか,가시와타나카역,Q5366315,unique_korean_label,Wikidata CC0
柏の葉キャンパス,가시와노하 캠퍼스역,Q6374365,unique_korean_label,Wikidata CC0
柏原,가이바라역,Q1043199,unique_korean_label_catalog,Wikidata CC0
柏原南口,가시와라미나미구치역,Q6374367,unique_korean_label,Wikidata CC0
柏崎,가시와자키역,Q5353481,unique_korean_label,Wikidata CC0
柏森,가시와모리역,Q6374362,unique_korean_label,Wikidata CC0
柏木平,가시와기다이라역,Q3888982,unique_korean_label,Wikidata CC0
柏矢町,하쿠야초역,Q11533856,unique_korean_label,Wikidata CC0
柏陽,하쿠요역,Q5640680,unique_korean_label,Wikidata CC0
柏林台,하쿠린다이역,Q898779,unique_korean_label,Wikidata CC0
泊,도마리역,Q899296,unique_korean_label,Wikidata CC0
白井,시로이역,Q7498913,unique_korean_label,Wikidata CC0
白岡,시라오카역,Q873198,unique_korean_label,Wikidata CC0
白河,시라카와역,Q872774,unique_korean_label,Wikidata CC0
白楽,하쿠라쿠역,Q5640648,unique_korean_label,Wikidata CC0
白丸,시로마루역,Q7498943,unique_korean_label,Wikidata CC0
白久,시로쿠역,Q3701539,unique_korean_label,Wikidata CC0
白金高輪,시로카네타카나와역,Q112323,unique_korean_label,Wikidata CC0
白金台,시로카네다이역,Q112357,unique_korean_label,Wikidata CC0
白銀,시로가네역,Q6378968,unique_korean_label,Wikidata CC0
白糠,시라누카역,Q899343,unique_korean_label,Wikidata CC0
白坂,시라사카역,Q873003,unique_korean_label,Wikidata CC0
白鷺,시라사기역,Q7498289,unique_korean_label,Wikidata CC0
白山,하쿠산역,Q1039879,unique_korean_label_catalog,Wikidata CC0
白子,시로코역,Q2816248,unique_korean_label,Wikidata CC0
白市,시라이치역,Q5358575,unique_korean_label,Wikidata CC0
白糸台,시라이토다이역,Q5368205,unique_korean_label,Wikidata CC0
白神岳登山口,시라카미다케토잔구치역,Q7498243,unique_korean_label,Wikidata CC0
白石,시로이시역,Q1055580,unique_korean_label_catalog,Wikidata CC0
白石蔵王,시로이시자오역,Q1136524,unique_korean_label,Wikidata CC0
白川口,시라카와구치역,Q5358687,unique_korean_label,Wikidata CC0
白滝,시라타키역,Q7498307,unique_korean_label,Wikidata CC0
白沢,시라사와역,Q11579941,unique_korean_label,Wikidata CC0
白塚,시라쓰카역,Q2815888,unique_korean_label,Wikidata CC0
白庭台,시라니와다이역,Q7498268,unique_korean_label,Wikidata CC0
白島,하쿠시마역,Q5640663,unique_korean_label,Wikidata CC0
白馬大池,하쿠바오이케역,Q5640612,unique_korean_label,Wikidata CC0
白浜,시라하마역,Q2888561,unique_korean_label,Wikidata CC0
白浜の宮,시라하마노미야역,Q7498233,unique_korean_label,Wikidata CC0
白木,시라키역,Q1710090,unique_korean_label,Wikidata CC0
白木原,시라키바루역,Q7498250,unique_korean_label,Wikidata CC0
白木山,시라키야마역,Q3611230,unique_korean_label,Wikidata CC0
白老,시라오이역,Q3701542,unique_korean_label,Wikidata CC0
迫川,하자카와역,Q5687538,unique_korean_label,Wikidata CC0
函館,하코다테역,Q1151274,unique_korean_label,Wikidata CC0
函南,간나미역,Q852321,unique_korean_label,Wikidata CC0
箱根ケ崎,하코네가사키역,Q844354,unique_korean_label,Wikidata CC0
箱根湯本,하코네유모토역,Q2593075,unique_korean_label,Wikidata CC0
箱根板橋,하코네이타바시역,Q8281276,unique_korean_label,Wikidata CC0
箱崎,하코자키역,Q5359763,unique_korean_label,Wikidata CC0
箱崎宮前,하코자키미야마에역,Q4357205,unique_korean_label,Wikidata CC0
箱崎九大前,하코자키큐다이마에역,Q4357189,unique_korean_label,Wikidata CC0
箱作,하코쓰쿠리역,Q5640602,unique_korean_label,Wikidata CC0
箱石,하코이시역,Q5640585,unique_korean_label,Wikidata CC0
箸蔵,하시쿠라역,Q900476,unique_korean_label,Wikidata CC0
箸尾,하시오역,Q5679039,unique_korean_label,Wikidata CC0
箸別,하시베쓰역,Q5678956,unique_korean_label,Wikidata CC0
幡ヶ谷,하타가야역,Q4496513,unique_korean_label,Wikidata CC0
幡屋,하타야역,Q5680995,unique_korean_label,Wikidata CC0
幡生,하타부역,Q861522,unique_korean_label,Wikidata CC0
畑田,하타다역,Q11578492,unique_korean_label,Wikidata CC0
畠田,하타케다역,Q3655902,unique_korean_label,Wikidata CC0
八雲,야쿠모역,Q848309,unique_korean_label,Wikidata CC0
八王子,하치오지역,Q800868,unique_korean_label,Wikidata CC0
八王子みなみ野,하치오지미나미노역,Q844693,unique_korean_label,Wikidata CC0
八乙女,야오토메역,Q8049075,unique_korean_label,Wikidata CC0
八家,야카역,Q8047028,unique_korean_label,Wikidata CC0
八街,야치마타역,Q5364855,unique_korean_label,Wikidata CC0
八橋,야바세역,Q899958,unique_korean_label,Wikidata CC0
八栗,야쿠리역,Q11391463,unique_korean_label,Wikidata CC0
八栗口,야쿠리구치역,Q8047243,unique_korean_label,Wikidata CC0
八栗新道,야쿠리신미치역,Q11391461,unique_korean_label,Wikidata CC0
八景島,핫케이지마역,Q5640543,unique_korean_label,Wikidata CC0
八軒,하치켄역,Q128199,unique_korean_label,Wikidata CC0
八戸,하치노헤역,Q800866,unique_korean_label,Wikidata CC0
八戸ノ里,야에노사토역,Q8046634,unique_korean_label,Wikidata CC0
八広,야히로역,Q8015247,unique_korean_label,Wikidata CC0
八坂,야사카역,Q8049639,unique_korean_label,Wikidata CC0
八事,야고토역,Q855210,unique_korean_label,Wikidata CC0
八事日赤,야고토닛세키역,Q903651,unique_korean_label,Wikidata CC0
八次,야쓰기역,Q3661764,unique_korean_label,Wikidata CC0
八鹿,요카역,Q870988,unique_korean_label,Wikidata CC0
八十場,야소바역,Q5115394,unique_korean_label,Wikidata CC0
八色,야이로역,Q3660518,unique_korean_label,Wikidata CC0
八森,하치모리역,Q11391474,unique_korean_label,Wikidata CC0
八瀬比叡山口,야세히에이잔구치역,Q8189585,unique_korean_label,Wikidata CC0
八積,야쓰미역,Q564445,unique_korean_label,Wikidata CC0
八千代台,야치요다이역,Q4373709,unique_korean_label,Wikidata CC0
八千代中央,야치요추오역,Q5366268,unique_korean_label,Wikidata CC0
八千代緑が丘,야치요미도리가오카역,Q5367282,unique_korean_label,Wikidata CC0
八千穂,야치호역,Q8046421,unique_korean_label,Wikidata CC0
八川,야카와역,Q8047057,unique_korean_label,Wikidata CC0
八草,야쿠사역,Q8047246,unique_korean_label,Wikidata CC0
八多喜,하타키역,Q898952,unique_korean_label,Wikidata CC0
八代,야쓰시로역,Q846609,unique_korean_label,Wikidata CC0
八柱,야바시라역,Q5367230,unique_korean_label,Wikidata CC0
八丁畷,핫초나와테역,Q5366338,unique_korean_label,Wikidata CC0
八丁堀,핫초보리역,Q1073008,unique_korean_label,Wikidata CC0
八丁牟田,핫초무타역,Q11390457,unique_korean_label,Wikidata CC0
八潮,야시오역,Q8017379,unique_korean_label,Wikidata CC0
八田,핫타역,Q863200,unique_korean_label,Wikidata CC0
八日市場,요카이치바역,Q5363766,unique_korean_label,Wikidata CC0
八幡山,하치만야마역,Q4496530,unique_korean_label,Wikidata CC0
八幡宿,야와타주쿠역,Q573497,unique_korean_label,Wikidata CC0
八幡新田,야와타신덴역,Q8050456,unique_korean_label,Wikidata CC0
八幡浜,야와타하마역,Q899549,unique_korean_label,Wikidata CC0
八幡平,하치만타이역,Q5637061,unique_korean_label,Wikidata CC0
八尾,야오역,Q856485,unique_korean_label,Wikidata CC0
八尾南,야오미나미역,Q151767,unique_korean_label,Wikidata CC0
八浜,하치하마역,Q775058,unique_korean_label,Wikidata CC0
八本松,하치혼마쓰역,Q5358976,unique_korean_label,Wikidata CC0
八木,야기역,Q1043724,unique_korean_label,Wikidata CC0
八木原,야기하라역,Q1706435,unique_korean_label,Wikidata CC0
八木崎,야기사키역,Q11391340,unique_korean_label,Wikidata CC0
八木山動物公園,야기야마도부쓰코엔역,Q11400042,unique_korean_label,Wikidata CC0
八木西口,야기니시구치역,Q8046713,unique_korean_label,Wikidata CC0
八郎潟,하치로가타역,Q5637087,unique_korean_label,Wikidata CC0
鉢形,하치가타역,Q5637046,unique_korean_label,Wikidata CC0
発寒,핫사무역,Q1044922,unique_korean_label,Wikidata CC0
発寒中央,핫사무추오역,Q1044918,unique_korean_label,Wikidata CC0
発寒南,핫사무미나미역,Q3563886,unique_korean_label,Wikidata CC0
抜海,밧카이역,Q4849467,unique_korean_label,Wikidata CC0
鳩ヶ谷,하토가야역,Q3701478,unique_korean_label,Wikidata CC0
鳩ノ巣,하토노스역,Q8013671,unique_korean_label,Wikidata CC0
隼人,하야토역,Q5357506,unique_korean_label,Wikidata CC0
伴,도모역,Q7820074,unique_korean_label,Wikidata CC0
伴中央,도모추오역,Q7820068,unique_korean_label,Wikidata CC0
半家,하게역,Q5638579,unique_korean_label,Wikidata CC0
半蔵門,한조몬역,Q80551,unique_korean_label,Wikidata CC0
半田,한다역,Q5647224,unique_korean_label,Wikidata CC0
半田口,한다구치역,Q5647228,unique_korean_label,Wikidata CC0
反町,단마치역,Q7681523,unique_korean_label,Wikidata CC0
板荷,이타가역,Q6092365,unique_korean_label,Wikidata CC0
板橋区役所前,이타바시쿠야쿠쇼마에역,Q1039760,unique_korean_label,Wikidata CC0
板橋本町,이타바시혼초역,Q1073933,unique_korean_label,Wikidata CC0
板持,이타모치역,Q6093959,unique_korean_label,Wikidata CC0
板宿,이타야도역,Q5358392,unique_korean_label,Wikidata CC0
板倉東洋大前,이타쿠라토요다이가쿠마에 역,Q6092530,unique_korean_label,Wikidata CC0
板谷,이타야역,Q6094180,unique_korean_label,Wikidata CC0
板東,반도역,Q4854805,unique_korean_label,Wikidata CC0
板野,이타노역,Q8190673,unique_korean_label,Wikidata CC0
板柳,이타야나기역,Q6094184,unique_korean_label,Wikidata CC0
繁藤,시게토역,Q901424,unique_korean_label,Wikidata CC0
飯井,이이역,Q11666111,unique_korean_label,Wikidata CC0
飯浦,이노우라역,Q11666447,unique_korean_label,Wikidata CC0
飯岡,이오카역,Q5364920,unique_korean_label,Wikidata CC0
飯詰,이즈메역,Q5995055,unique_korean_label,Wikidata CC0
飯山,이야마역,Q5995045,unique_korean_label,Wikidata CC0
飯山満,하사마역,Q5366376,unique_korean_label,Wikidata CC0
飯森,이모리역,Q11666418,unique_korean_label,Wikidata CC0
飯倉,이구라역,Q5363230,unique_korean_label,Wikidata CC0
飯塚,이즈카역,Q11666247,unique_korean_label,Wikidata CC0
飯田,이다역,Q985322,unique_korean_label,Wikidata CC0
飯田岡,이다오카역,Q5994936,unique_korean_label,Wikidata CC0
飯田橋,이다바시역,Q800953,unique_korean_label,Wikidata CC0
飯島,이지마역,Q989168,unique_korean_label,Wikidata CC0
飯能,한노역,Q5649307,unique_korean_label,Wikidata CC0
晩生内,오소키나이역,Q7107305,unique_korean_label,Wikidata CC0
番田,반다역,Q4854306,unique_korean_label,Wikidata CC0
磐城,이와키역,Q6100410,unique_korean_label,Wikidata CC0
磐城守山,이와키모리야마역,Q11587868,unique_korean_label,Wikidata CC0
磐城常葉,이와키토키와역,Q6100380,unique_korean_label,Wikidata CC0
磐城石井,이와키이시이역,Q6100359,unique_korean_label,Wikidata CC0
磐城石川,이와키이시카와역,Q11587873,unique_korean_label,Wikidata CC0
磐城浅川,이와키아사카와역,Q6100351,unique_korean_label,Wikidata CC0
磐城太田,이와키오타역,Q6100384,unique_korean_label,Wikidata CC0
磐城棚倉,이와키타나쿠라역,Q11587870,unique_korean_label,Wikidata CC0
磐城塙,이와키하나와역,Q11587867,unique_korean_label,Wikidata CC0
磐梯町,반다이마치역,Q4854335,unique_korean_label,Wikidata CC0
磐梯熱海,반다이아타미역,Q4854327,unique_korean_label,Wikidata CC0
磐田,이와타역,Q862970,unique_korean_label,Wikidata CC0
彼杵,소노기역,Q7562156,unique_korean_label,Wikidata CC0
比叡山坂本,히에이잔사카모토역,Q5367380,unique_korean_label,Wikidata CC0
比延,히에역,Q3095773,unique_korean_label,Wikidata CC0
比地大,히지다이역,Q5358649,unique_korean_label,Wikidata CC0
比津,히쓰역,Q4504158,unique_korean_label,Wikidata CC0
比婆山,히바야마역,Q5750609,unique_korean_label,Wikidata CC0
比布,핏푸역,Q872859,unique_korean_label,Wikidata CC0
比羅夫,히라후역,Q848238,unique_korean_label,Wikidata CC0
比良,히라역,Q5365241,unique_korean_label,Wikidata CC0
緋牛内,히우시나이역,Q8191108,unique_korean_label,Wikidata CC0
肥後伊倉,히고이쿠라역,Q872831,unique_korean_label,Wikidata CC0
肥後橋,히고바시역,Q126343,unique_korean_label,Wikidata CC0
肥後大津,히고오즈역,Q5760148,unique_korean_label,Wikidata CC0
肥後長浜,히고나가하마역,Q5760158,unique_korean_label,Wikidata CC0
肥前旭,히젠아사히역,Q5359363,unique_korean_label,Wikidata CC0
肥前久保,히젠쿠보역,Q5873031,unique_korean_label,Wikidata CC0
肥前古賀,히젠코가역,Q5356000,unique_korean_label,Wikidata CC0
肥前鹿島,히젠카시마역,Q5357103,unique_korean_label,Wikidata CC0
肥前七浦,히젠나나우라역,Q5357178,unique_korean_label,Wikidata CC0
肥前大浦,히젠오우라역,Q5356956,unique_korean_label,Wikidata CC0
肥前長田,히젠나가타역,Q5355503,unique_korean_label,Wikidata CC0
肥前長野,히젠나가노역,Q5873029,unique_korean_label,Wikidata CC0
肥前白石,히젠시로이시역,Q8011203,unique_korean_label,Wikidata CC0
肥前飯田,히젠이다역,Q8010990,unique_korean_label,Wikidata CC0
肥前浜,히젠하마역,Q5357093,unique_korean_label,Wikidata CC0
肥前竜王,히젠류오역,Q375617,unique_korean_label,Wikidata CC0
肥前麓,히젠후모토역,Q5359166,unique_korean_label,Wikidata CC0
飛騨細江,히다호소에역,Q876999,unique_korean_label,Wikidata CC0
飛鳥,아스카역,Q4811860,unique_korean_label,Wikidata CC0
飛田給,도비타큐역,Q4459114,unique_korean_label,Wikidata CC0
樋口,히구치역,Q11542163,unique_korean_label,Wikidata CC0
備後安田,빈고야스다역,Q4914295,unique_korean_label,Wikidata CC0
備後三川,빈고미카와역,Q4914290,unique_korean_label,Wikidata CC0
備後三日市,빈고밋카이치역,Q4914291,unique_korean_label,Wikidata CC0
備後庄原,빈고쇼바라역,Q3611166,unique_korean_label,Wikidata CC0
備後西城,빈고사이조역,Q3611018,unique_korean_label,Wikidata CC0
備後赤坂,빈고아카사카역,Q3661923,unique_korean_label,Wikidata CC0
備後八幡,빈고야와타역,Q3610929,unique_korean_label,Wikidata CC0
備後本庄,빈고혼조역,Q4914288,unique_korean_label,Wikidata CC0
備後矢野,빈고야노역,Q4914293,unique_korean_label,Wikidata CC0
備後落合,빈고오치아이역,Q4914292,unique_korean_label,Wikidata CC0
備前一宮,비젠이치노미야역,Q4919389,unique_korean_label,Wikidata CC0
備前原,비젠하라역,Q4919388,unique_korean_label,Wikidata CC0
備前三門,비젠미카도역,Q4919393,unique_korean_label,Wikidata CC0
備前西市,비젠니시이치역,Q11387344,unique_korean_label,Wikidata CC0
備前田井,비젠타이역,Q4919398,unique_korean_label,Wikidata CC0
備前福河,비젠후쿠카와역,Q11387340,unique_korean_label,Wikidata CC0
備前片岡,비젠카타오카역,Q4919392,unique_korean_label,Wikidata CC0
備前片上,비젠카타카미역,Q3661660,unique_korean_label,Wikidata CC0
備中広瀬,빗추히로세역,Q3661679,unique_korean_label,Wikidata CC0
備中高松,빗추타카마쓰역,Q4918797,unique_korean_label,Wikidata CC0
備中高梁,빗추타카하시역,Q4918796,unique_korean_label,Wikidata CC0
備中神代,빗추코지로역,Q3610943,unique_korean_label,Wikidata CC0
備中川面,빗추카와모역,Q3661752,unique_korean_label,Wikidata CC0
備中箕島,빗추미시마역,Q4918794,unique_korean_label,Wikidata CC0
尾久,오쿠역,Q845113,unique_korean_label,Wikidata CC0
尾崎,오자키역,Q7116438,unique_korean_label,Wikidata CC0
尾山台,오야마다이역,Q7116237,unique_korean_label,Wikidata CC0
尾上の松,오노에노마쓰역,Q7094452,unique_korean_label,Wikidata CC0
尾張旭,오와리아사히역,Q7114290,unique_korean_label,Wikidata CC0
尾張一宮,오와리이치노미야역,Q871495,unique_korean_label,Wikidata CC0
尾張横須賀,오와리요코스카역,Q7114286,unique_korean_label,Wikidata CC0
尾張森岡,오와리모리오카역,Q7114285,unique_korean_label,Wikidata CC0
尾張瀬戸,오와리세토역,Q7114294,unique_korean_label,Wikidata CC0
尾登,오노보리역,Q7094439,unique_korean_label,Wikidata CC0
尾頭橋,오토바시역,Q871489,unique_korean_label,Wikidata CC0
尾道,오노미치역,Q861547,unique_korean_label,Wikidata CC0
尾白内,오시로나이역,Q898613,unique_korean_label,Wikidata CC0
尾幌,오보로역,Q900623,unique_korean_label,Wikidata CC0
尾鷲,오와세역,Q5357761,unique_korean_label,Wikidata CC0
枇杷島,비와지마역,Q870976,unique_korean_label,Wikidata CC0
毘沙門台,비샤몬다이역,Q4917323,unique_korean_label,Wikidata CC0
美々津,미미쓰역,Q5358050,unique_korean_label,Wikidata CC0
美唄,비바이역,Q872917,unique_korean_label,Wikidata CC0
美栄橋,미에바시역,Q7484299,unique_korean_label,Wikidata CC0
美瑛,비에이역,Q867979,unique_korean_label,Wikidata CC0
美園,미소노역,Q6875894,unique_korean_label,Wikidata CC0
美加の台,미카노다이역,Q6845717,unique_korean_label,Wikidata CC0
美旗,미하타역,Q11609096,unique_korean_label,Wikidata CC0
美江寺,미에지역,Q6843706,unique_korean_label,Wikidata CC0
美合,미아이역,Q11608813,unique_korean_label,Wikidata CC0
美咲が丘,미사키가오카역,Q6875093,unique_korean_label,Wikidata CC0
美作加茂,미마사카카모역,Q6862012,unique_korean_label,Wikidata CC0
美作河井,미마사카카와이역,Q3610987,unique_korean_label,Wikidata CC0
美作江見,미마사카에미역,Q6862009,unique_korean_label,Wikidata CC0
美作千代,미마사카센다이역,Q3661695,unique_korean_label,Wikidata CC0
美作大崎,미마사카오사키역,Q3661912,unique_korean_label,Wikidata CC0
美作滝尾,미마사카타키오역,Q6862014,unique_korean_label,Wikidata CC0
美作追分,미마사카오이와케역,Q3611157,unique_korean_label,Wikidata CC0
美作土居,미마사카도이역,Q6862011,unique_korean_label,Wikidata CC0
美作落合,미마사카오치아이역,Q3611001,unique_korean_label,Wikidata CC0
美山,미야마역,Q6884307,unique_korean_label,Wikidata CC0
美章園,비쇼엔역,Q2728956,unique_korean_label,Wikidata CC0
美深,비후카역,Q4904819,unique_korean_label,Wikidata CC0
美川,미카와역,Q5359889,unique_korean_label,Wikidata CC0
美袋,미나기역,Q6862773,unique_korean_label,Wikidata CC0
美田園,미타조노역,Q6880783,unique_korean_label,Wikidata CC0
美祢,미네역,Q11609314,unique_korean_label,Wikidata CC0
美乃坂本,미노사카모토역,Q5359412,unique_korean_label,Wikidata CC0
美濃高田,미노타카다역,Q11609279,unique_korean_label,Wikidata CC0
美濃赤坂,미노아카사카역,Q841558,unique_korean_label,Wikidata CC0
美濃川合,미노카와이역,Q6868904,unique_korean_label,Wikidata CC0
美濃太田,미노오타역,Q872979,unique_korean_label,Wikidata CC0
美馬牛,비바우시역,Q4902965,unique_korean_label,Wikidata CC0
美浜,미하마역,Q6845246,unique_korean_label,Wikidata CC0
美浜緑苑,미하마료쿠엔역,Q6845244,unique_korean_label,Wikidata CC0
美幌,비호로역,Q4907123,unique_korean_label,Wikidata CC0
美夜古泉,미야코이즈미역,Q11608907,unique_korean_label,Wikidata CC0
美里,미사토역,Q6875171,unique_korean_label,Wikidata CC0
美留和,비루와역,Q4917148,unique_korean_label,Wikidata CC0
彦根,히코네역,Q1131151,unique_korean_label,Wikidata CC0
彦崎,히코사키역,Q5760674,unique_korean_label,Wikidata CC0
彦山,히코산역,Q5760676,unique_korean_label,Wikidata CC0
姫,히메역,Q5765215,unique_korean_label,Wikidata CC0
姫宮,히메미야역,Q8190066,unique_korean_label,Wikidata CC0
姫川,히메카와역,Q5765272,unique_korean_label,Wikidata CC0
姫島,히메지마역,Q3611326,unique_korean_label,Wikidata CC0
姫路,히메지역,Q119301,unique_korean_label,Wikidata CC0
百合が原,유리가하라역,Q2490240,unique_korean_label,Wikidata CC0
百合ヶ丘,유리가오카역,Q4534822,unique_korean_label,Wikidata CC0
百舌鳥,모즈역,Q856909,unique_korean_label,Wikidata CC0
百舌鳥八幡,모즈하치만역,Q8190825,unique_korean_label,Wikidata CC0
百草園,모구사엔역,Q4299262,unique_korean_label,Wikidata CC0
俵田,다와라다역,Q7689221,unique_korean_label,Wikidata CC0
標茶,시베차역,Q1059174,unique_korean_label,Wikidata CC0
氷見,히미역,Q5765332,unique_korean_label,Wikidata CC0
氷川台,히카와다이역,Q93680,unique_korean_label,Wikidata CC0
瓢箪山,효탄야마역,Q11574177,unique_korean_label,Wikidata CC0
表参道,오모테산도역,Q1326733,unique_korean_label,Wikidata CC0
表木山,효키야마역,Q5375751,unique_korean_label,Wikidata CC0
苗穂,나에보역,Q1055345,unique_korean_label,Wikidata CC0
品井沼,시나이누마역,Q899069,unique_korean_label,Wikidata CC0
品川,시나가와역,Q801442,unique_korean_label,Wikidata CC0
品川シーサイド,시나가와 시사이드역,Q849106,unique_korean_label,Wikidata CC0
浜の宮,하마노미야역,Q5644063,unique_korean_label,Wikidata CC0
浜河内,하마고치역,Q5643995,unique_korean_label,Wikidata CC0
浜吉田,하마요시다역,Q5644177,unique_korean_label,Wikidata CC0
浜金谷,하마카나야역,Q558560,unique_korean_label,Wikidata CC0
浜厚真,하마아쓰마역,Q5643908,unique_korean_label,Wikidata CC0
浜坂,하마사카역,Q872032,unique_korean_label,Wikidata CC0
浜崎,하마사키역,Q5644129,unique_korean_label,Wikidata CC0
浜寺公園,하마데라코엔역,Q5643976,unique_korean_label,Wikidata CC0
浜小清水,하마코시미즈역,Q8190017,unique_korean_label,Wikidata CC0
浜松,하마마쓰역,Q603640,unique_korean_label,Wikidata CC0
浜松町,하마마쓰초역,Q800873,unique_korean_label,Wikidata CC0
浜川崎,하마카와사키역,Q1581467,unique_korean_label,Wikidata CC0
浜村,하마무라역,Q899246,unique_korean_label,Wikidata CC0
浜中,하마나카역,Q900326,unique_korean_label,Wikidata CC0
浜田,하마다역,Q5643969,unique_korean_label,Wikidata CC0
浜田浦,하마타우라역,Q5643913,unique_korean_label,Wikidata CC0
浜田山,하마다야마역,Q27101,unique_korean_label,Wikidata CC0
浜野,하마노역,Q571740,unique_korean_label,Wikidata CC0
不動院前,후도인마에역,Q5507079,unique_korean_label,Wikidata CC0
不動前,후도마에역,Q852869,unique_korean_label,Wikidata CC0
不破一色,후와이시키역,Q5510941,unique_korean_label,Wikidata CC0
婦中鵜坂,후추우사카역,Q5506961,unique_korean_label,Wikidata CC0
富浦,도미우라역,Q556722,unique_korean_label,Wikidata CC0
富岡前,도미오카마에역,Q7818923,unique_korean_label,Wikidata CC0
富海,도노미역,Q5357700,unique_korean_label,Wikidata CC0
富吉,도미요시역,Q7818987,unique_korean_label,Wikidata CC0
富原,도미하라역,Q7818894,unique_korean_label,Wikidata CC0
富戸,후토역,Q11456974,unique_korean_label,Wikidata CC0
富合,도미아이역,Q5358342,unique_korean_label,Wikidata CC0
富根,도미네역,Q7818915,unique_korean_label,Wikidata CC0
富山,도야마역,Q1053070,unique_korean_label,Wikidata CC0
富士,후지역,Q871632,unique_korean_label,Wikidata CC0
富士フイルム前,후지 필름 마에역,Q5507389,unique_korean_label,Wikidata CC0
富士岡,후지오카역,Q5357596,unique_korean_label,Wikidata CC0
富士宮,후지노미야역,Q5356094,unique_korean_label,Wikidata CC0
富士急ハイランド,후지큐 하이랜드역,Q843037,unique_korean_label,Wikidata CC0
富士見,후지미역,Q5507439,unique_korean_label,Wikidata CC0
富士見ヶ丘,후지미가오카역,Q27285,unique_korean_label,Wikidata CC0
富士見台,후지미다이역,Q5507443,unique_korean_label,Wikidata CC0
富士見町,후지미초역,Q1094940,unique_korean_label,Wikidata CC0
富士根,후지네역,Q5356707,unique_korean_label,Wikidata CC0
富士山,후지산역,Q5507478,unique_korean_label,Wikidata CC0
富士松,후지마쓰역,Q5507435,unique_korean_label,Wikidata CC0
富士川,후지카와역,Q871702,unique_korean_label,Wikidata CC0
富水,도미즈역,Q7818992,unique_korean_label,Wikidata CC0
富沢,도미자와역,Q7818991,unique_korean_label,Wikidata CC0
富田浜,도미다하마역,Q5358789,unique_korean_label,Wikidata CC0
富田林,돈다바야시역,Q7820789,unique_korean_label,Wikidata CC0
富田林西口,돈다바야시니시구치역,Q8191092,unique_korean_label,Wikidata CC0
富木,도노키역,Q857450,unique_korean_label,Wikidata CC0
富野,도미노역,Q11457343,unique_korean_label,Wikidata CC0
富野荘,도노쇼역,Q7821630,unique_korean_label,Wikidata CC0
富雄,도미오역,Q7818922,unique_korean_label,Wikidata CC0
富良野,후라노역,Q898913,unique_korean_label,Wikidata CC0
布原,누노하라역,Q7069904,unique_korean_label,Wikidata CC0
布佐,후사역,Q5366552,unique_korean_label,Wikidata CC0
布師田,누노시다역,Q7069914,unique_korean_label,Wikidata CC0
布施,후세역,Q5509990,unique_korean_label,Wikidata CC0
布施屋,호시야역,Q2646872,unique_korean_label,Wikidata CC0
布袋,호테이역,Q5911122,unique_korean_label,Wikidata CC0
布田,후다역,Q4493273,unique_korean_label,Wikidata CC0
布忍,누노세역,Q7069909,unique_korean_label,Wikidata CC0
布部,누노베역,Q899034,unique_korean_label,Wikidata CC0
府屋,후야역,Q5510961,unique_korean_label,Wikidata CC0
府中競馬正門前,후추케이바세이몬마에역,Q4493753,unique_korean_label,Wikidata CC0
府中本町,후추혼마치역,Q800794,unique_korean_label,Wikidata CC0
扶桑,후소역,Q5510430,unique_korean_label,Wikidata CC0
敷戸,시키도역,Q7496590,unique_korean_label,Wikidata CC0
敷島,시키시마역,Q1705823,unique_korean_label,Wikidata CC0
敷浪,시키나미역,Q7496593,unique_korean_label,Wikidata CC0
浮間舟渡,우키마후나도역,Q844434,unique_korean_label,Wikidata CC0
浮孔,우키아나역,Q7878310,unique_korean_label,Wikidata CC0
撫牛子,나이조시역,Q6959563,unique_korean_label,Wikidata CC0
撫養,무야역,Q8191321,unique_korean_label,Wikidata CC0
武庫,무코역,Q6933568,unique_korean_label,Wikidata CC0
武庫川,무코가와역,Q6933572,unique_korean_label,Wikidata CC0
武庫川団地前,무코가와단치마에역,Q11545984,unique_korean_label,Wikidata CC0
武庫之荘,무코노소역,Q3970247,unique_korean_label,Wikidata CC0
武佐,무사역,Q369327,unique_korean_label,Wikidata CC0
武州荒木,부슈아라키역,Q5001622,unique_korean_label,Wikidata CC0
武州中川,부슈나카가와역,Q3701401,unique_korean_label,Wikidata CC0
武州長瀬,부슈나가세역,Q5001625,unique_korean_label,Wikidata CC0
武州唐沢,부슈카라사와역,Q5001626,unique_korean_label,Wikidata CC0
武州日野,부슈히노역,Q3701398,unique_korean_label,Wikidata CC0
武生,다케후역,Q2815926,unique_korean_label,Wikidata CC0
武川,다케카와역,Q7677997,unique_korean_label,Wikidata CC0
武蔵引田,무사시히키다역,Q6940130,unique_korean_label,Wikidata CC0
武蔵浦和,무사시우라와역,Q801208,unique_korean_label,Wikidata CC0
武蔵横手,무사시요코테역,Q8015462,unique_korean_label,Wikidata CC0
武蔵関,무사시세키역,Q843304,unique_korean_label,Wikidata CC0
武蔵境,무사시사카이역,Q137550,unique_korean_label,Wikidata CC0
武蔵五日市,무사시이쓰카이치역,Q6940131,unique_korean_label,Wikidata CC0
武蔵溝ノ口,무사시미조노쿠치역,Q5367854,unique_korean_label,Wikidata CC0
武蔵高萩,무사시타카하기역,Q1129108,unique_korean_label,Wikidata CC0
武蔵砂川,무사시스나가와역,Q8015376,unique_korean_label,Wikidata CC0
武蔵小金井,무사시코가네이역,Q801206,unique_korean_label,Wikidata CC0
武蔵小山,무사시코야마역,Q3097145,unique_korean_label,Wikidata CC0
武蔵小杉,무사시코스기역,Q801207,unique_korean_label,Wikidata CC0
武蔵新城,무사시신조역,Q5366887,unique_korean_label,Wikidata CC0
武蔵新田,무사시닛타역,Q6940140,unique_korean_label,Wikidata CC0
武蔵増戸,무사시마스코역,Q6940139,unique_korean_label,Wikidata CC0
武蔵大和,무사시야마토역,Q6940151,unique_korean_label,Wikidata CC0
武蔵中原,무사시나카하라역,Q5367238,unique_korean_label,Wikidata CC0
武蔵塚,무사시즈카역,Q6940187,unique_korean_label,Wikidata CC0
武蔵藤沢,무사시후지사와역,Q8015433,unique_korean_label,Wikidata CC0
武蔵白石,무사시시라이시역,Q1581531,unique_korean_label,Wikidata CC0
武蔵野台,무사시노다이역,Q4308321,unique_korean_label,Wikidata CC0
武蔵嵐山,무사시란잔역,Q6940142,unique_korean_label,Wikidata CC0
武田尾,다케다오역,Q856446,unique_korean_label,Wikidata CC0
武並,다케나미역,Q5359525,unique_korean_label,Wikidata CC0
武豊,다케토요역,Q7678176,unique_korean_label,Wikidata CC0
武雄温泉,다케오온센역,Q2105971,unique_korean_label,Wikidata CC0
武里,다케사토역,Q7678100,unique_korean_label,Wikidata CC0
舞岡,마이오카역,Q904116,unique_korean_label,Wikidata CC0
舞阪,마이사카역,Q871787,unique_korean_label,Wikidata CC0
舞子,마이코역,Q1042776,unique_korean_label,Wikidata CC0
舞子公園,마이코코엔역,Q6735647,unique_korean_label,Wikidata CC0
舞松原,마이마쓰바라역,Q11613635,unique_korean_label,Wikidata CC0
舞浜,마이하마역,Q801154,unique_korean_label,Wikidata CC0
舞木,모기역,Q6951115,unique_korean_label,Wikidata CC0
風合瀬,가소세역,Q6374623,unique_korean_label,Wikidata CC0
風祭,가자마쓰리역,Q6380859,unique_korean_label,Wikidata CC0
風早,가자하야역,Q6380770,unique_korean_label,Wikidata CC0
風連,후렌역,Q901097,unique_korean_label,Wikidata CC0
伏屋,후시야역,Q5510027,unique_korean_label,Wikidata CC0
伏見,후시미역,Q5510026,unique_korean_label,Wikidata CC0
伏見稲荷,후시미이나리역,Q2153247,unique_korean_label,Wikidata CC0
伏見桃山,후시미모모야마역,Q2093399,unique_korean_label,Wikidata CC0
伏木,후시키역,Q5510021,unique_korean_label,Wikidata CC0
服部,핫토리역,Q5682195,unique_korean_label,Wikidata CC0
服部川,핫토리가와역,Q5682208,unique_korean_label,Wikidata CC0
服部天神,핫토리텐진역,Q3969777,unique_korean_label,Wikidata CC0
福,후쿠역,Q2207010,unique_korean_label,Wikidata CC0
福浦,후쿠우라역,Q5507751,unique_korean_label,Wikidata CC0
福岡,후쿠오카역,Q5361592,unique_korean_label,Wikidata CC0
福岡空港,후쿠오카 공항역,Q843397,unique_korean_label,Wikidata CC0
福間,후쿠마역,Q5359639,unique_korean_label,Wikidata CC0
福吉,후쿠요시역,Q5507761,unique_korean_label,Wikidata CC0
福居,후쿠이역,Q5507654,unique_korean_label,Wikidata CC0
福原,후쿠하라역,Q5507632,unique_korean_label,Wikidata CC0
福光,후쿠미쓰역,Q5507669,unique_korean_label,Wikidata CC0
福工大前,훗코다이마에역,Q5359432,unique_korean_label,Wikidata CC0
福江,후쿠에역,Q5507630,unique_korean_label,Wikidata CC0
福崎,후쿠사키역,Q5507715,unique_korean_label,Wikidata CC0
福山,후쿠야마역,Q800797,unique_korean_label,Wikidata CC0
福住,후쿠즈미역,Q1305849,unique_korean_label,Wikidata CC0
福神,후쿠가미역,Q5507629,unique_korean_label,Wikidata CC0
福生,훗사역,Q5510343,unique_korean_label,Wikidata CC0
福川,후쿠가와역,Q5357925,unique_korean_label,Wikidata CC0
福大前,후쿠다이 앞 역,Q4357312,unique_korean_label,Wikidata CC0
福知山,후쿠치야마역,Q1131673,unique_korean_label,Wikidata CC0
福地,후쿠치역,Q5507617,unique_korean_label,Wikidata CC0
福田町,후쿠다마치역,Q284608,unique_korean_label,Wikidata CC0
福渡,후쿠와타리역,Q5507752,unique_korean_label,Wikidata CC0
福島学院前,후쿠시마가쿠인마에역,Q11593074,unique_korean_label,Wikidata CC0
福島高松,후쿠시마타카마쓰역,Q5507719,unique_korean_label,Wikidata CC0
福島今町,후쿠시마이마마치역,Q5507717,unique_korean_label,Wikidata CC0
福俵,후쿠타와라역,Q5353408,unique_korean_label,Wikidata CC0
福部,후쿠베역,Q899483,unique_korean_label,Wikidata CC0
福野,후쿠노역,Q5507674,unique_korean_label,Wikidata CC0
腹帯,하라타이역,Q5654293,unique_korean_label,Wikidata CC0
淵垣,후치가키역,Q5506928,unique_korean_label,Wikidata CC0
淵野辺,후치노베역,Q844699,unique_korean_label,Wikidata CC0
仏子,부시역,Q5001507,unique_korean_label,Wikidata CC0
仏生山,붓쇼잔역,Q11377565,unique_korean_label,Wikidata CC0
物井,모노이역,Q6901635,unique_korean_label,Wikidata CC0
分水,분스이역,Q4997919,unique_korean_label,Wikidata CC0
分倍河原,부바이가와라역,Q857315,unique_korean_label,Wikidata CC0
粉河,고카와역,Q3467694,unique_korean_label,Wikidata CC0
粉浜,고하마역,Q6425907,unique_korean_label,Wikidata CC0
文の里,후미노사토역,Q29457,unique_korean_label,Wikidata CC0
文化の森,분카노모리역,Q4997739,unique_korean_label,Wikidata CC0
兵庫,효고역,Q59517,unique_korean_label,Wikidata CC0
平安通,헤이안도리역,Q853241,unique_korean_label,Wikidata CC0
平井,히라이역,Q909531,unique_korean_label,Wikidata CC0
平岡,히라오카역,Q894483,unique_korean_label,Wikidata CC0
平間,히라마역,Q5366557,unique_korean_label,Wikidata CC0
平館,다이라다테역,Q7676369,unique_korean_label,Wikidata CC0
平岩,히라이와역,Q5768913,unique_korean_label,Wikidata CC0
平群,헤구리역,Q11483503,unique_korean_label,Wikidata CC0
平原,히라하라역,Q5768877,unique_korean_label,Wikidata CC0
平戸橋,히라토바시역,Q2856594,unique_korean_label,Wikidata CC0
平山城址公園,히라야마조시코엔역,Q4497858,unique_korean_label,Wikidata CC0
平子,히라코역,Q5768966,unique_korean_label,Wikidata CC0
平松,히라마쓰역,Q5769361,unique_korean_label,Wikidata CC0
平沼橋,히라누마바시역,Q5769436,unique_korean_label,Wikidata CC0
平城,헤이조역,Q5699170,unique_korean_label,Wikidata CC0
平城山,나라야마역,Q1043313,unique_korean_label,Wikidata CC0
平針,히라바리역,Q1652890,unique_korean_label,Wikidata CC0
平成,헤이세이역,Q11482959,unique_korean_label,Wikidata CC0
平石,히라이시역,Q8193525,unique_korean_label,Wikidata CC0
平泉,히라이즈미역,Q899369,unique_korean_label,Wikidata CC0
平倉,히라쿠라역,Q3890826,unique_korean_label,Wikidata CC0
平滝,히라타키역,Q5769513,unique_korean_label,Wikidata CC0
平端,히라하타역,Q5768884,unique_korean_label,Wikidata CC0
平塚,히라쓰카역,Q372513,unique_korean_label,Wikidata CC0
平田,히라타역,Q3797724,unique_korean_label,Wikidata CC0
平田町,히라타초역,Q5769516,unique_korean_label,Wikidata CC0
平内,히라나이역,Q5769402,unique_korean_label,Wikidata CC0
平福,히라후쿠역,Q11483463,unique_korean_label,Wikidata CC0
平木,히라기역,Q11483042,unique_korean_label,Wikidata CC0
平木田,히라키다역,Q5768955,unique_korean_label,Wikidata CC0
平野,히라노역,Q135184,unique_korean_label,Wikidata CC0
平林,히라바야시역,Q180457,unique_korean_label,Wikidata CC0
平和台,헤이와다이역,Q80427,unique_korean_label,Wikidata CC0
平和通,헤이와도오리역,Q11482273,unique_korean_label,Wikidata CC0
平和島,헤이와지마역,Q5367220,unique_korean_label,Wikidata CC0
並河,나미카와역,Q1044211,unique_korean_label,Wikidata CC0
並木中央,나미키추오역,Q6961853,unique_korean_label,Wikidata CC0
並木北,나미키키타역,Q6961854,unique_korean_label,Wikidata CC0
米原,마이바라역,Q801158,unique_korean_label,Wikidata CC0
米山,요네야마역,Q4348293,unique_korean_label,Wikidata CC0
米子,요나고역,Q1139558,unique_korean_label,Wikidata CC0
米子空港,요나고쿠코 역,Q4207667,unique_korean_label,Wikidata CC0
米川,요네카와역,Q8054925,unique_korean_label,Wikidata CC0
米沢,요네자와역,Q1137040,unique_korean_label,Wikidata CC0
米津,요네즈역,Q8054947,unique_korean_label,Wikidata CC0
米野,고메노역,Q6428299,unique_korean_label,Wikidata CC0
米野木,고메노키역,Q6428300,unique_korean_label,Wikidata CC0
碧海古井,헤키카이후루이역,Q5701307,unique_korean_label,Wikidata CC0
碧南,헤키난역,Q11587780,unique_korean_label,Wikidata CC0
碧南中央,헤키난추오역,Q5701316,unique_korean_label,Wikidata CC0
別当賀,벳토가역,Q900318,unique_korean_label,Wikidata CC0
別府大学,벳푸다이가쿠역,Q4890929,unique_korean_label,Wikidata CC0
別保,벳포역,Q900593,unique_korean_label,Wikidata CC0
片岡,가타오카역,Q873013,unique_korean_label,Wikidata CC0
片原町,가타하라마치역,Q11569548,unique_korean_label,Wikidata CC0
片瀬江ノ島,가타세에노시마역,Q1058370,unique_korean_label,Wikidata CC0
片瀬山,가타세야마역,Q4251612,unique_korean_label,Wikidata CC0
片瀬白田,가타세시라타역,Q6375267,unique_korean_label,Wikidata CC0
片倉,가타쿠라역,Q844653,unique_korean_label,Wikidata CC0
片倉町,가타쿠라초역,Q589860,unique_korean_label,Wikidata CC0
片町,가타마치역,Q10855068,unique_korean_label,Wikidata CC0
片浜,가타하마역,Q870836,unique_korean_label,Wikidata CC0
片野,가타노 역,Q6375106,unique_korean_label,Wikidata CC0
辺川,헤가와역,Q5698324,unique_korean_label,Wikidata CC0
弁天橋,벤텐바시역,Q1392590,unique_korean_label,Wikidata CC0
弁天町,벤텐초역,Q1131017,unique_korean_label,Wikidata CC0
弁天島,벤텐지마역,Q870946,unique_korean_label,Wikidata CC0
保見,호미역,Q5890768,unique_korean_label,Wikidata CC0
保原,호바라역,Q11385694,unique_korean_label,Wikidata CC0
保谷,호야역,Q843153,unique_korean_label,Wikidata CC0
保津峡,호즈쿄역,Q130505,unique_korean_label,Wikidata CC0
保田,호타역,Q558549,unique_korean_label,Wikidata CC0
保土ケ谷,호도가야역,Q844185,unique_korean_label,Wikidata CC0
保内,호나이역,Q5891998,unique_korean_label,Wikidata CC0
穂高,호타카역,Q11597112,unique_korean_label,Wikidata CC0
穂積,호즈미역,Q871149,unique_korean_label,Wikidata CC0
母恋,보코이역,Q4938806,unique_korean_label,Wikidata CC0
宝珠山,호슈야마역,Q5965251,unique_korean_label,Wikidata CC0
宝積寺,호샤쿠지역,Q872554,unique_korean_label,Wikidata CC0
宝達,호다쓰역,Q5965165,unique_korean_label,Wikidata CC0
宝町,다카라초역,Q1040938,unique_korean_label,Wikidata CC0
宝塚,다카라즈카역,Q1043188,unique_korean_label,Wikidata CC0
宝塚南口,다카라즈카미나미구치역,Q7677271,unique_korean_label,Wikidata CC0
宝殿,호덴역,Q1042820,unique_korean_label,Wikidata CC0
宝木,호기역,Q899305,unique_korean_label,Wikidata CC0
峰延,미네노부역,Q873055,unique_korean_label,Wikidata CC0
峰吉川,미네요시카와역,Q6864601,unique_korean_label,Wikidata CC0
放出,하나텐역,Q762983,unique_korean_label,Wikidata CC0
方谷,호코쿠역,Q5965221,unique_korean_label,Wikidata CC0
方南町,호난초역,Q1078437,unique_korean_label,Wikidata CC0
法界院,호카이인역,Q5965215,unique_korean_label,Wikidata CC0
法善寺,호젠지역,Q5965272,unique_korean_label,Wikidata CC0
法隆寺,호류지역,Q856458,unique_korean_label,Wikidata CC0
芳養,하야역,Q2898306,unique_korean_label,Wikidata CC0
蓬田,요모기타역,Q8054868,unique_korean_label,Wikidata CC0
蓬莱,호라이역,Q5364181,unique_korean_label,Wikidata CC0
豊ヶ岡,도요가오카역,Q7830650,unique_korean_label,Wikidata CC0
豊浦,도요우라역,Q7830938,unique_korean_label,Wikidata CC0
豊栄,도요사카역,Q11633770,unique_korean_label,Wikidata CC0
豊永,도요나가역,Q901431,unique_korean_label,Wikidata CC0
豊岡,도요오카역,Q871612,unique_korean_label,Wikidata CC0
豊科,도요시나역,Q7830722,unique_korean_label,Wikidata CC0
豊橋,도요하시역,Q771465,unique_korean_label,Wikidata CC0
豊後荻,분고오기역,Q4997668,unique_korean_label,Wikidata CC0
豊後国分,분고코쿠부역,Q4997663,unique_korean_label,Wikidata CC0
豊後三芳,분고미요시역,Q4997665,unique_korean_label,Wikidata CC0
豊後森,분고모리역,Q4997666,unique_korean_label,Wikidata CC0
豊後清川,분고키요카와역,Q4997662,unique_korean_label,Wikidata CC0
豊後竹田,분고타케타역,Q4997670,unique_korean_label,Wikidata CC0
豊後中川,분고나카가와역,Q4997667,unique_korean_label,Wikidata CC0
豊後中村,분고나카무라역,Q251216,unique_korean_label,Wikidata CC0
豊後豊岡,분고토요오카역,Q4997671,unique_korean_label,Wikidata CC0
豊頃,도요코로역,Q899265,unique_korean_label,Wikidata CC0
豊四季,도요시키역,Q7830720,unique_korean_label,Wikidata CC0
豊実,도요미역,Q7830688,unique_korean_label,Wikidata CC0
豊洲,도요스역,Q1141968,unique_korean_label,Wikidata CC0
豊春,도요하루역,Q5368674,unique_korean_label,Wikidata CC0
豊沼,도요누마역,Q873291,unique_korean_label,Wikidata CC0
豊水すすきの,호스이스스키노역,Q3563790,unique_korean_label,Wikidata CC0
豊川,도요카와역,Q772133,unique_korean_label,Wikidata CC0
豊川稲荷,도요카와이나리역,Q7830673,unique_korean_label,Wikidata CC0
豊前松江,부젠쇼에역,Q5003444,unique_korean_label,Wikidata CC0
豊前川崎,부젠카와사키역,Q5003440,unique_korean_label,Wikidata CC0
豊前善光寺,부젠젠코지역,Q5003445,unique_korean_label,Wikidata CC0
豊前長洲,부젠나가스역,Q5003443,unique_korean_label,Wikidata CC0
豊中,도요나카역,Q3971166,unique_korean_label,Wikidata CC0
豊津,도요쓰역,Q11633910,unique_korean_label,Wikidata CC0
豊津上野,도요쓰우에노역,Q7830932,unique_korean_label,Wikidata CC0
豊田市,도요타시역,Q2856671,unique_korean_label,Wikidata CC0
豊田町,도요다초역,Q871482,unique_korean_label,Wikidata CC0
豊田本町,도요다혼마치역,Q7830646,unique_korean_label,Wikidata CC0
豊島園,도시마엔역,Q906947,unique_korean_label,Wikidata CC0
豊浜,도요하마역,Q5358658,unique_korean_label,Wikidata CC0
豊平公園,도요히라코엔역,Q3563753,unique_korean_label,Wikidata CC0
豊幌,도요호로역,Q872671,unique_korean_label,Wikidata CC0
豊明,도요아케역,Q7830639,unique_korean_label,Wikidata CC0
豊野,도요노역,Q5355867,unique_korean_label,Wikidata CC0
鳳,오토리역,Q857394,unique_korean_label,Wikidata CC0
坊城,보조역,Q5005692,unique_korean_label,Wikidata CC0
房前,후사자키역,Q11496680,unique_korean_label,Wikidata CC0
貿易センター,무역 센터역,Q5005688,unique_korean_label,Wikidata CC0
防府,호후역,Q5357631,unique_korean_label,Wikidata CC0
北12条,기타12조역,Q3563640,unique_korean_label,Wikidata CC0
北13条東,기타13조히가시역,Q6417552,unique_korean_label,Wikidata CC0
北18条,기타18조역,Q3563837,unique_korean_label,Wikidata CC0
北24条,기타24조역,Q6417579,unique_korean_label,Wikidata CC0
北34条,기타34조역,Q3563872,unique_korean_label,Wikidata CC0
北綾瀬,기타아야세역,Q1040951,unique_korean_label,Wikidata CC0
北安城,기타안조역,Q6417513,unique_korean_label,Wikidata CC0
北伊丹,기타이타미역,Q855819,unique_korean_label,Wikidata CC0
北伊予,기타이요역,Q898935,unique_korean_label,Wikidata CC0
北一已,기타이치얀역,Q11400832,unique_korean_label,Wikidata CC0
北宇智,기타우치역,Q3615850,unique_korean_label,Wikidata CC0
北宇和島,기타우와지마역,Q1057073,unique_korean_label,Wikidata CC0
北浦,기타우라역,Q8192774,unique_korean_label,Wikidata CC0
北浦湖畔,기타우라코한역,Q6417920,unique_korean_label,Wikidata CC0
北浦和,기타우라와역,Q801021,unique_korean_label,Wikidata CC0
北永山,기타나가야마역,Q872816,unique_korean_label,Wikidata CC0
北永野田,기타나가노다역,Q5357406,unique_korean_label,Wikidata CC0
北越谷,기타코시가야역,Q842492,unique_korean_label,Wikidata CC0
北延岡,기타노베오카역,Q5358059,unique_korean_label,Wikidata CC0
北岡崎,기타오카자키역,Q11401501,unique_korean_label,Wikidata CC0
北加賀屋,기타카가야역,Q126335,unique_korean_label,Wikidata CC0
北河内,기타가와치역,Q6417705,unique_korean_label,Wikidata CC0
北花田,기타하나다역,Q2084907,unique_korean_label,Wikidata CC0
北海道医療大学,홋카이도이료다이가쿠역,Q2490271,unique_korean_label,Wikidata CC0
北鎌倉,기타카마쿠라역,Q910286,unique_korean_label,Wikidata CC0
北茅ケ崎,기타치가사키역,Q6417522,unique_korean_label,Wikidata CC0
北丸森,기타마루모리역,Q6417565,unique_korean_label,Wikidata CC0
北吉原,기타요시하라역,Q6417625,unique_korean_label,Wikidata CC0
北吉田,기타요시다역,Q6417624,unique_korean_label,Wikidata CC0
北久里浜,기타쿠리하마역,Q5370713,unique_korean_label,Wikidata CC0
北郷,기타고역,Q6417713,unique_korean_label,Wikidata CC0
北金ケ沢,기타카네가사와역,Q6417555,unique_korean_label,Wikidata CC0
北金岡,기타카나오카역,Q6417553,unique_korean_label,Wikidata CC0
北見,기타미역,Q6417815,unique_korean_label,Wikidata CC0
北戸田,기타토다역,Q844358,unique_korean_label,Wikidata CC0
北五泉,기타고센역,Q11401076,unique_korean_label,Wikidata CC0
北広島,기타히로시마역,Q3969871,unique_korean_label,Wikidata CC0
北高岩,기타타카이와역,Q5357135,unique_korean_label,Wikidata CC0
北高崎,기타타카사키역,Q900663,unique_korean_label,Wikidata CC0
北鴻巣,기타코노스역,Q845061,unique_korean_label,Wikidata CC0
北国分,기타코쿠분역,Q5366284,unique_korean_label,Wikidata CC0
北細野,기타호소노역,Q6417542,unique_korean_label,Wikidata CC0
北坂戸,기타사카도역,Q6417594,unique_korean_label,Wikidata CC0
北鯖江,기타사바에역,Q5359902,unique_korean_label,Wikidata CC0
北三条,기타산조역,Q6417595,unique_korean_label,Wikidata CC0
北参道,기타산도역,Q128322,unique_korean_label,Wikidata CC0
北山,기타야마역,Q2580188,unique_korean_label,Wikidata CC0
北山形,기타야마가타역,Q11401458,unique_korean_label,Wikidata CC0
北四番丁,기타요반초역,Q6417621,unique_korean_label,Wikidata CC0
北鹿沼,기타카누마역,Q6417558,unique_korean_label,Wikidata CC0
北習志野,기타나라시노역,Q6417578,unique_korean_label,Wikidata CC0
北舟岡,기타후나오카역,Q6417529,unique_korean_label,Wikidata CC0
北春日部,기타카스카베역,Q6417560,unique_korean_label,Wikidata CC0
北初富,기타하쓰토미역,Q6417537,unique_korean_label,Wikidata CC0
北助松,기타스케마쓰역,Q11401170,unique_korean_label,Wikidata CC0
北小金,기타코가네역,Q5364850,unique_korean_label,Wikidata CC0
北小松,기타코마쓰역,Q5364845,unique_korean_label,Wikidata CC0
北小谷,기타오타리역,Q6417591,unique_korean_label,Wikidata CC0
北松戸,기타마쓰도역,Q5364690,unique_korean_label,Wikidata CC0
北松本,기타마쓰모토역,Q6417567,unique_korean_label,Wikidata CC0
北上,기타카미역,Q1136531,unique_korean_label,Wikidata CC0
北上尾,기타아게오역,Q845123,unique_korean_label,Wikidata CC0
北常盤,기타토키와역,Q6417613,unique_korean_label,Wikidata CC0
北条,기타조역,Q4347765,unique_korean_label,Wikidata CC0
北信太,기타시노다역,Q856975,unique_korean_label,Wikidata CC0
北新井,기타아라이역,Q5355811,unique_korean_label,Wikidata CC0
北新横浜,기타신요코하마역,Q852295,unique_korean_label,Wikidata CC0
北新川,기타신카와역,Q11401800,unique_korean_label,Wikidata CC0
北新地,기타신치역,Q1073390,unique_korean_label,Wikidata CC0
北森,기타모리역,Q11402267,unique_korean_label,Wikidata CC0
北真岡,기타모카역,Q6417569,unique_korean_label,Wikidata CC0
北水海道,기타미쓰카이도역,Q11402295,unique_korean_label,Wikidata CC0
北赤羽,기타아카바네역,Q844401,unique_korean_label,Wikidata CC0
北仙台,기타센다이역,Q6417601,unique_korean_label,Wikidata CC0
北千住,기타센주역,Q801026,unique_korean_label,Wikidata CC0
北千束,기타센조쿠역,Q6417605,unique_korean_label,Wikidata CC0
北千里,기타센리역,Q6417603,unique_korean_label,Wikidata CC0
北大宮,기타오미야역,Q5367635,unique_korean_label,Wikidata CC0
北大曲,기타오마가리역,Q6417640,unique_korean_label,Wikidata CC0
北大石田,기타오이시다역,Q6417636,unique_korean_label,Wikidata CC0
北大町,기타오마치역,Q6417637,unique_korean_label,Wikidata CC0
北大野,기타오노역,Q6417642,unique_korean_label,Wikidata CC0
北大路,기타오지역,Q2176324,unique_korean_label,Wikidata CC0
北巽,기타타쓰미역,Q126096,unique_korean_label,Wikidata CC0
北池袋,기타이케부쿠로역,Q6417547,unique_korean_label,Wikidata CC0
北秩父別,기타칫푸베쓰역,Q11403908,unique_korean_label,Wikidata CC0
北中込,기타나카고미역,Q6417576,unique_korean_label,Wikidata CC0
北朝霞,기타아사카역,Q6417515,unique_korean_label,Wikidata CC0
北長岡,기타나가오카역,Q6417573,unique_korean_label,Wikidata CC0
北長瀬,기타나가세역,Q5360787,unique_korean_label,Wikidata CC0
北長野,기타나가노역,Q6417571,unique_korean_label,Wikidata CC0
北殿,기타토노역,Q990983,unique_korean_label,Wikidata CC0
北田辺,기타타나베역,Q6417611,unique_korean_label,Wikidata CC0
北藤岡,기타후지오카역,Q844853,unique_korean_label,Wikidata CC0
北楠,기타쿠스역,Q2856585,unique_korean_label,Wikidata CC0
北日ノ出,기타히노데역,Q6417540,unique_korean_label,Wikidata CC0
北能代,기타노시로역,Q6417585,unique_korean_label,Wikidata CC0
北柏,기타카시와역,Q5364151,unique_korean_label,Wikidata CC0
北白川,기타시라카와역,Q898890,unique_korean_label,Wikidata CC0
北八王子,기타하치오지역,Q844347,unique_korean_label,Wikidata CC0
北飯山,기타이야마역,Q6417544,unique_korean_label,Wikidata CC0
北美瑛,기타비에이역,Q6417520,unique_korean_label,Wikidata CC0
北品川,기타시나가와역,Q858214,unique_korean_label,Wikidata CC0
北浜,기타하마역,Q1042837,unique_korean_label,Wikidata CC0
北埠頭,기타후토역,Q11401332,unique_korean_label,Wikidata CC0
北府中,기타후추역,Q6417528,unique_korean_label,Wikidata CC0
北方真桑,기타가타마쿠와역,Q6417692,unique_korean_label,Wikidata CC0
北堀之内,기타호리노우치역,Q3698870,unique_korean_label,Wikidata CC0
北本,기타모토역,Q845066,unique_korean_label,Wikidata CC0
北俣,기타마타역,Q5357223,unique_korean_label,Wikidata CC0
北野,기타노역,Q4222444,unique_korean_label,Wikidata CC0
北野田,기타노다역,Q6417858,unique_korean_label,Wikidata CC0
北野辺地,기타노헤지역,Q6417582,unique_korean_label,Wikidata CC0
北野桝塚,기타노마스즈카역,Q6417850,unique_korean_label,Wikidata CC0
北余目,기타아마루메역,Q11401123,unique_korean_label,Wikidata CC0
北与野,기타요노역,Q844444,unique_korean_label,Wikidata CC0
北鈴蘭台,기타스즈란다이역,Q6417608,unique_korean_label,Wikidata CC0
墨染,스미조메역,Q2153618,unique_korean_label,Wikidata CC0
牧,마키역,Q5359391,unique_korean_label,Wikidata CC0
牧山,마키야마역,Q6739769,unique_korean_label,Wikidata CC0
牧志,마키시역,Q7571240,unique_korean_label,Wikidata CC0
牧之郷,마키노코역,Q11570358,unique_korean_label,Wikidata CC0
牧野,마키노역,Q1825108,unique_korean_label,Wikidata CC0
牧落,마키오치역,Q1702756,unique_korean_label,Wikidata CC0
堀ノ内,호리노우치역,Q5370292,unique_korean_label,Wikidata CC0
堀江,호리에역,Q899174,unique_korean_label,Wikidata CC0
堀切,호리키리역,Q5903267,unique_korean_label,Wikidata CC0
堀切菖蒲園,호리키리쇼부엔역,Q5903250,unique_korean_label,Wikidata CC0
堀田,호리타역,Q862374,unique_korean_label,Wikidata CC0
堀内公園,호리우치코엔역,Q5903325,unique_korean_label,Wikidata CC0
堀米,호리고메역,Q5903233,unique_korean_label,Wikidata CC0
幌延,호로노베역,Q8191206,unique_korean_label,Wikidata CC0
幌向,호로무이역,Q872850,unique_korean_label,Wikidata CC0
幌糠,호로누카역,Q5904880,unique_korean_label,Wikidata CC0
幌平橋,호로히라바시역,Q3563810,unique_korean_label,Wikidata CC0
幌別,호로베쓰역,Q5904684,unique_korean_label,Wikidata CC0
本塩釜,혼시오가마역,Q5891927,unique_korean_label,Wikidata CC0
本笠寺,모토카사데라역,Q6917937,unique_korean_label,Wikidata CC0
本郷,혼고역,Q3611292,unique_korean_label,Wikidata CC0
本郷三丁目,혼고 3초메 역,Q80774,unique_korean_label,Wikidata CC0
本郷台,혼고다이역,Q844379,unique_korean_label,Wikidata CC0
本駒込,혼코마고메역,Q151419,unique_korean_label,Wikidata CC0
本厚木,혼아쓰기역,Q4499730,unique_korean_label,Wikidata CC0
本鵠沼,혼쿠게누마역,Q4499731,unique_korean_label,Wikidata CC0
本黒田,혼쿠로다역,Q3095776,unique_korean_label,Wikidata CC0
本山,모토야마역,Q855542,unique_korean_label,Wikidata CC0
本宿,모토주쿠역,Q6918021,unique_korean_label,Wikidata CC0
本楯,모토타테역,Q11520458,unique_korean_label,Wikidata CC0
本所吾妻橋,혼조아즈마바시역,Q910813,unique_korean_label,Wikidata CC0
本庄,혼조역,Q844906,unique_korean_label,Wikidata CC0
本庄早稲田,혼조와세다역,Q1138362,unique_korean_label,Wikidata CC0
本城,혼조역,Q11519960,unique_korean_label,Wikidata CC0
本陣,혼진역,Q862320,unique_korean_label,Wikidata CC0
本星崎,모토호시자키역,Q6917933,unique_korean_label,Wikidata CC0
本千葉,혼치바역,Q4389608,unique_korean_label,Wikidata CC0
本川越,혼카와고에역,Q842892,unique_korean_label,Wikidata CC0
本川内,혼카와치역,Q5355952,unique_korean_label,Wikidata CC0
本巣,모토스역,Q6918526,unique_korean_label,Wikidata CC0
本中小屋,모토나카고야역,Q5362926,unique_korean_label,Wikidata CC0
本中野,혼나카노역,Q5891922,unique_korean_label,Wikidata CC0
本町,혼마치역,Q1134631,unique_korean_label,Wikidata CC0
本長篠,혼나가시노역,Q773509,unique_korean_label,Wikidata CC0
本津幡,혼쓰바타역,Q5891934,unique_korean_label,Wikidata CC0
本通,혼도리역,Q5893165,unique_korean_label,Wikidata CC0
本納,혼노역,Q564470,unique_korean_label,Wikidata CC0
本八戸,혼하치노헤역,Q5891918,unique_korean_label,Wikidata CC0
本八幡,모토야와타역,Q1142065,unique_korean_label,Wikidata CC0
本俣賀,혼마타가역,Q5896554,unique_korean_label,Wikidata CC0
本牟田部,혼무타베역,Q5896564,unique_korean_label,Wikidata CC0
本名,혼나역,Q5896571,unique_korean_label,Wikidata CC0
本由良,혼유라역,Q5357987,unique_korean_label,Wikidata CC0
本竜野,혼다쓰노역,Q11520740,unique_korean_label,Wikidata CC0
本輪西,모토와니시역,Q6917941,unique_korean_label,Wikidata CC0
本蓮沼,모토하스누마역,Q1039257,unique_korean_label,Wikidata CC0
摩周,마슈역,Q848259,unique_korean_label,Wikidata CC0
摩耶,히가시나다 신호장,Q21065663,unique_korean_label,Wikidata CC0
麻植塚,오에즈카역,Q7078725,unique_korean_label,Wikidata CC0
麻生,아사부역,Q4803200,unique_korean_label,Wikidata CC0
麻生田,오다역,Q11677572,unique_korean_label,Wikidata CC0
麻布十番,아자부주반역,Q112382,unique_korean_label,Wikidata CC0
妹背牛,모세우시역,Q875565,unique_korean_label,Wikidata CC0
妹尾,세노오역,Q7450901,unique_korean_label,Wikidata CC0
枚岡,히라오카역,Q11533397,unique_korean_label,Wikidata CC0
枚方公園,히라카타코엔역,Q1573574,unique_korean_label,Wikidata CC0
枚方市,히라카타시역,Q1825125,unique_korean_label,Wikidata CC0
幕張,마쿠하리역,Q908755,unique_korean_label,Wikidata CC0
幕張豊砂,마쿠하리토요스나역,Q87064803,unique_korean_label,Wikidata CC0
幕張本郷,마쿠하리혼고역,Q906124,unique_korean_label,Wikidata CC0
幕別,마쿠베쓰역,Q899389,unique_korean_label,Wikidata CC0
枕崎,마쿠라자키역,Q5374442,unique_korean_label,Wikidata CC0
鱒浦,마스우라역,Q6785737,unique_korean_label,Wikidata CC0
鱒沢,마스자와역,Q3889752,unique_korean_label,Wikidata CC0
末広,스에히로역,Q7634367,unique_korean_label,Wikidata CC0
末広町,스에히로초역,Q347988,unique_korean_label,Wikidata CC0
末恒,스에쓰네역,Q899337,unique_korean_label,Wikidata CC0
末続,스에쓰기역,Q2496648,unique_korean_label,Wikidata CC0
末野原,스에노하라역,Q7634398,unique_korean_label,Wikidata CC0
万ケ塚,만가쓰카역,Q6748855,unique_korean_label,Wikidata CC0
万願寺,만간지역,Q6748797,unique_korean_label,Wikidata CC0
万座・鹿沢口,만자 · 카자와구치역,Q6753421,unique_korean_label,Wikidata CC0
万石浦,만고쿠우라역,Q6749091,unique_korean_label,Wikidata CC0
万能倉,마나구라역,Q6746761,unique_korean_label,Wikidata CC0
万博記念公園,반파쿠키넨코엔역,Q1002726,unique_korean_label,Wikidata CC0
万富,만토미역,Q5360832,unique_korean_label,Wikidata CC0
味岡,아지오카역,Q4699757,unique_korean_label,Wikidata CC0
味坂,아지사카역,Q10921193,unique_korean_label,Wikidata CC0
味美,아지요시역,Q4699833,unique_korean_label,Wikidata CC0
味鋺,아지마역,Q4699746,unique_korean_label,Wikidata CC0
箕浦,미노우라역,Q5358724,unique_korean_label,Wikidata CC0
箕谷,미노타니역,Q6869363,unique_korean_label,Wikidata CC0
箕田,미다역,Q2815893,unique_korean_label,Wikidata CC0
箕島,미노시마역,Q3324376,unique_korean_label,Wikidata CC0
箕面,미노오역,Q764602,unique_korean_label,Wikidata CC0
箕面萱野,미노카야노역,Q11503900,unique_korean_label,Wikidata CC0
箕面船場阪大前,미노센바한다이마에역,Q11603217,unique_korean_label,Wikidata CC0
湊,미나토역,Q6863257,unique_korean_label,Wikidata CC0
湊川,미나토가와역,Q6863276,unique_korean_label,Wikidata CC0
湊川公園,미나토가와코엔역,Q5358502,unique_korean_label,Wikidata CC0
妙音通,묘온도리역,Q861825,unique_korean_label,Wikidata CC0
妙興寺,묘코지역,Q6949401,unique_korean_label,Wikidata CC0
妙見口,묘켄구치역,Q6949396,unique_korean_label,Wikidata CC0
妙高高原,묘코코겐역,Q6949402,unique_korean_label,Wikidata CC0
妙寺,묘지역,Q3467375,unique_korean_label,Wikidata CC0
妙典,묘덴역,Q128795,unique_korean_label,Wikidata CC0
妙法寺,묘호지역,Q6949384,unique_korean_label,Wikidata CC0
妙蓮寺,묘렌지역,Q6949405,unique_korean_label,Wikidata CC0
務田,무덴역,Q4388190,unique_korean_label,Wikidata CC0
夢洲,유메시마역,Q60987816,unique_korean_label,Wikidata CC0
夢前川,유메사키가와역,Q8061104,unique_korean_label,Wikidata CC0
牟岐,무기역,Q6932194,unique_korean_label,Wikidata CC0
牟礼,무레역,Q5356170,unique_korean_label,Wikidata CC0
霧島温泉,기리시마온센역,Q5375612,unique_korean_label,Wikidata CC0
霧島神宮,기리시마진구역,Q6415333,unique_korean_label,Wikidata CC0
鵡川,무카와역,Q11675789,unique_korean_label,Wikidata CC0
名寄,나요로역,Q901406,unique_korean_label,Wikidata CC0
名寄高校,히가시후렌역,Q901400,unique_korean_label,Wikidata CC0
名古屋,나고야역,Q49381,unique_korean_label,Wikidata CC0
名古屋港,나고야코역,Q858446,unique_korean_label,Wikidata CC0
名古屋城,시야쿠쇼역,Q842023,unique_korean_label,Wikidata CC0
名古屋大学,나고야다이가쿠역,Q862340,unique_korean_label,Wikidata CC0
名取,나토리역,Q841593,unique_korean_label,Wikidata CC0
名手,나테역,Q3467367,unique_korean_label,Wikidata CC0
名城公園,메이조코엔역,Q863874,unique_korean_label,Wikidata CC0
名草,나구사역,Q6959087,unique_korean_label,Wikidata CC0
名谷,묘다니역,Q5358493,unique_korean_label,Wikidata CC0
名張,나바리역,Q6956756,unique_korean_label,Wikidata CC0
名鉄一宮,메이테쓰이치노미야역,Q2856589,unique_korean_label,Wikidata CC0
名鉄岐阜,메이테쓰기후역,Q1109902,unique_korean_label,Wikidata CC0
名鉄名古屋,메이테쓰나고야역,Q911757,unique_korean_label,Wikidata CC0
名電各務原,메이덴카카미가하라역,Q6809969,unique_korean_label,Wikidata CC0
名電山中,메이덴야마나카역,Q11415824,unique_korean_label,Wikidata CC0
名電赤坂,메이덴아카사카역,Q6809963,unique_korean_label,Wikidata CC0
名電長沢,메이덴나가사와역,Q6809965,unique_korean_label,Wikidata CC0
名島,나지마역,Q6960003,unique_korean_label,Wikidata CC0
名和,나와역,Q431947,unique_korean_label,Wikidata CC0
明科,아카시나역,Q3883758,unique_korean_label,Wikidata CC0
明覚,묘카쿠역,Q845049,unique_korean_label,Wikidata CC0
明戸,아케토역,Q4700660,unique_korean_label,Wikidata CC0
明治神宮前,메이지진구마에역,Q80429,unique_korean_label,Wikidata CC0
明神,묘진역,Q6949386,unique_korean_label,Wikidata CC0
明星,묘조역,Q6949388,unique_korean_label,Wikidata CC0
明石,아카시역,Q1155118,unique_korean_label,Wikidata CC0
明大前,메이다이마에역,Q906793,unique_korean_label,Wikidata CC0
明智,아케치역,Q4700569,unique_korean_label,Wikidata CC0
明峰,메이호역,Q6810028,unique_korean_label,Wikidata CC0
明野,아케노역,Q4700618,unique_korean_label,Wikidata CC0
鳴海,나루미역,Q6966454,unique_korean_label,Wikidata CC0
鳴子温泉,나루코온센역,Q6966446,unique_korean_label,Wikidata CC0
鳴子御殿湯,나루코고텐유역,Q1092587,unique_korean_label,Wikidata CC0
鳴子北,나루코키타역,Q866649,unique_korean_label,Wikidata CC0
鳴沢,나루사와역,Q6966470,unique_korean_label,Wikidata CC0
鳴尾・武庫川女子大前,나루오·무코가와조시다이마에역,Q6966460,unique_korean_label,Wikidata CC0
鳴門,나루토역,Q6966484,unique_korean_label,Wikidata CC0
姪浜,메이노하마역,Q1039174,unique_korean_label,Wikidata CC0
免田,멘덴역,Q6816597,unique_korean_label,Wikidata CC0
面白山高原,오모시로야마코겐역,Q7090658,unique_korean_label,Wikidata CC0
茂吉記念館前,모키치키넨칸마에역,Q6895338,unique_korean_label,Wikidata CC0
茂原,모바라역,Q564427,unique_korean_label,Wikidata CC0
茂市,모이치역,Q6894570,unique_korean_label,Wikidata CC0
茂尻,모시리역,Q899128,unique_korean_label,Wikidata CC0
茂辺地,모헤지역,Q5360801,unique_korean_label,Wikidata CC0
茂木,모테기역,Q6917169,unique_korean_label,Wikidata CC0
茂林寺前,모린지마에역,Q8190293,unique_korean_label,Wikidata CC0
毛賀,게가역,Q985117,unique_korean_label,Wikidata CC0
毛呂,모로역,Q844988,unique_korean_label,Wikidata CC0
網引,아비키역,Q4667740,unique_korean_label,Wikidata CC0
網干,아보시역,Q3611088,unique_korean_label,Wikidata CC0
網走,아바시리역,Q848265,unique_korean_label,Wikidata CC0
網代,아지로역,Q4699760,unique_korean_label,Wikidata CC0
網田,오다역,Q8081436,unique_korean_label,Wikidata CC0
木ノ下,기노시타역,Q991125,unique_korean_label,Wikidata CC0
木ノ本,기노모토역,Q5366594,unique_korean_label,Wikidata CC0
木下,기오로시역,Q6414520,unique_korean_label,Wikidata CC0
木花,기바나역,Q6403946,unique_korean_label,Wikidata CC0
木岐,기키역,Q6406270,unique_korean_label,Wikidata CC0
木見,기미역,Q6410088,unique_korean_label,Wikidata CC0
木古内,기코나이역,Q59510,unique_korean_label,Wikidata CC0
木戸,기도역,Q11518435,unique_korean_label,Wikidata CC0
木更津,기사라즈역,Q575433,unique_korean_label,Wikidata CC0
木崎,기자키역,Q6419173,unique_korean_label,Wikidata CC0
木次,기스키역,Q6417340,unique_korean_label,Wikidata CC0
木場,기바역,Q126770,unique_korean_label,Wikidata CC0
木場茶屋,고반차야역,Q5297680,unique_korean_label,Wikidata CC0
木曽川,기소가와역,Q871019,unique_korean_label,Wikidata CC0
木曽川堤,기소가와즈쓰미역,Q6416840,unique_korean_label,Wikidata CC0
木曽福島,기소후쿠시마역,Q5359264,unique_korean_label,Wikidata CC0
木曽平沢,기소히라사와역,Q5359386,unique_korean_label,Wikidata CC0
木造,기즈쿠리역,Q11519398,unique_korean_label,Wikidata CC0
木太町,기타초역,Q6417683,unique_korean_label,Wikidata CC0
木太東口,기타히가시구치역,Q11518282,unique_korean_label,Wikidata CC0
木知原,고치보라역,Q6424878,unique_korean_label,Wikidata CC0
木津,기즈역,Q1131666,unique_korean_label,Wikidata CC0
木津川,기즈가와역,Q6419252,unique_korean_label,Wikidata CC0
木津川台,기즈가와다이역,Q6419254,unique_korean_label,Wikidata CC0
木津用水,고쓰요스이역,Q6434256,unique_korean_label,Wikidata CC0
木田,기다역,Q6404569,unique_korean_label,Wikidata CC0
木幡,고하타역,Q1049419,unique_korean_label_catalog,Wikidata CC0
木野,기노역,Q6414165,unique_korean_label,Wikidata CC0
木野山,기노야마역,Q6414211,unique_korean_label,Wikidata CC0
木与,기요역,Q6418975,unique_korean_label,Wikidata CC0
木葉,고노하역,Q872663,unique_korean_label,Wikidata CC0
目黒,메구로역,Q678461,unique_korean_label,Wikidata CC0
目時,메토키역,Q6824222,unique_korean_label,Wikidata CC0
目出,메데역,Q6805205,unique_korean_label,Wikidata CC0
目白,메지로역,Q375154,unique_korean_label,Wikidata CC0
目白山下,메지로야마시타역,Q1094934,unique_korean_label,Wikidata CC0
目名,메나역,Q848093,unique_korean_label,Wikidata CC0
勿来,나코소역,Q5353514,unique_korean_label,Wikidata CC0
餅原,모치바루역,Q5357616,unique_korean_label,Wikidata CC0
問寒別,도이칸베쓰역,Q7813349,unique_korean_label,Wikidata CC0
紋穂内,몬포나이역,Q6897509,unique_korean_label,Wikidata CC0
門戸厄神,몬도야쿠진역,Q6898731,unique_korean_label,Wikidata CC0
門司,모지역,Q869281,unique_korean_label,Wikidata CC0
門司港,모지코역,Q1051866,unique_korean_label,Wikidata CC0
門松,가도마쓰역,Q6345651,unique_korean_label,Wikidata CC0
門真市,가도마시역,Q1027541,unique_korean_label,Wikidata CC0
門真南,가도마미나미역,Q135207,unique_korean_label,Wikidata CC0
門静,몬시즈역,Q900399,unique_korean_label,Wikidata CC0
門川,가도가와역,Q5357777,unique_korean_label,Wikidata CC0
門前仲町,몬젠나카초역,Q80576,unique_korean_label,Wikidata CC0
門沢橋,가도사와바시역,Q6345663,unique_korean_label,Wikidata CC0
門島,가도시마역,Q894868,unique_korean_label,Wikidata CC0
夜ノ森,요노모리역,Q11431222,unique_korean_label,Wikidata CC0
夜明,요아케역,Q4898235,unique_korean_label,Wikidata CC0
野々口,노노쿠치역,Q11644895,unique_korean_label,Wikidata CC0
野々市,노노이치역,Q3701479,unique_korean_label,Wikidata CC0
野花南,노카난역,Q899098,unique_korean_label,Wikidata CC0
野芥,노케역,Q4357433,unique_korean_label,Wikidata CC0
野間,노마역,Q7048373,unique_korean_label,Wikidata CC0
野江,노에역,Q856571,unique_korean_label,Wikidata CC0
野江内代,노에우친다이역,Q83607,unique_korean_label,Wikidata CC0
野崎,노자키역,Q872751,unique_korean_label,Wikidata CC0
野州山辺,야슈야마베역,Q8049781,unique_korean_label,Wikidata CC0
野州大塚,야슈오쓰카역,Q8049778,unique_korean_label,Wikidata CC0
野州平川,야슈히라카와역,Q8049775,unique_korean_label,Wikidata CC0
野洲,야스역,Q1042474,unique_korean_label,Wikidata CC0
野上,노가미역,Q3701473,unique_korean_label,Wikidata CC0
野上原,노가미하라역,Q11644956,unique_korean_label,Wikidata CC0
野尻,노지리역,Q5359695,unique_korean_label,Wikidata CC0
野跡,노세키역,Q11646133,unique_korean_label,Wikidata CC0
野沢,노자와역,Q11645780,unique_korean_label,Wikidata CC0
野馳,노치역,Q3610922,unique_korean_label,Wikidata CC0
野田,노다역,Q1131361,unique_korean_label,Wikidata CC0
野田阪神,노다한신역,Q126087,unique_korean_label,Wikidata CC0
野田市,노다시역,Q11645982,unique_korean_label,Wikidata CC0
野田城,노다조역,Q772615,unique_korean_label,Wikidata CC0
野田新町,노다신마치역,Q871890,unique_korean_label,Wikidata CC0
野田生,노다오이역,Q864357,unique_korean_label,Wikidata CC0
野島公園,노지마코엔역,Q7047813,unique_korean_label,Wikidata CC0
野内,노나이역,Q6402251,unique_korean_label,Wikidata CC0
野蒜,노비루역,Q7045673,unique_korean_label,Wikidata CC0
野並,노나미역,Q851084,unique_korean_label,Wikidata CC0
野辺山,노베야마역,Q3616013,unique_korean_label,Wikidata CC0
野辺地,노헤지역,Q6393634,unique_korean_label,Wikidata CC0
野方,노가타역,Q260859,unique_korean_label,Wikidata CC0
野幌,놋포로역,Q872593,unique_korean_label,Wikidata CC0
野木,노기역,Q861563,unique_korean_label,Wikidata CC0
野木沢,노기사와역,Q7047495,unique_korean_label,Wikidata CC0
野矢,노야역,Q10957062,unique_korean_label,Wikidata CC0
野里,노자토역,Q7067396,unique_korean_label,Wikidata CC0
弥生が丘,야요이가오카역,Q5359532,unique_korean_label,Wikidata CC0
弥生台,야요이다이역,Q8050550,unique_korean_label,Wikidata CC0
弥刀,미토역,Q6881841,unique_korean_label,Wikidata CC0
弥彦,야히코역,Q8046814,unique_korean_label,Wikidata CC0
弥富,야토미역,Q5359289,unique_korean_label,Wikidata CC0
矢越,야고시역,Q8046746,unique_korean_label,Wikidata CC0
矢加部,야카베역,Q11583959,unique_korean_label,Wikidata CC0
矢賀,야가역,Q8046677,unique_korean_label,Wikidata CC0
矢原,야바라역,Q8046358,unique_korean_label,Wikidata CC0
矢口渡,야구치노와타시역,Q8046756,unique_korean_label,Wikidata CC0
矢向,야코역,Q5367593,unique_korean_label,Wikidata CC0
矢祭山,야마쓰리야마역,Q8048000,unique_korean_label,Wikidata CC0
矢作,야하기역,Q8046789,unique_korean_label,Wikidata CC0
矢作橋,야하기바시역,Q8046791,unique_korean_label,Wikidata CC0
矢場町,야바초역,Q863884,unique_korean_label,Wikidata CC0
矢神,야가미역,Q8046683,unique_korean_label,Wikidata CC0
矢吹,야부키역,Q875942,unique_korean_label,Wikidata CC0
矢切,야기리역,Q5370868,unique_korean_label,Wikidata CC0
矢川,야가와역,Q5366364,unique_korean_label,Wikidata CC0
矢倉,야구라역,Q8046763,unique_korean_label,Wikidata CC0
矢代田,야시로다역,Q8049745,unique_korean_label,Wikidata CC0
矢田前,야다마에역,Q6397637,unique_korean_label,Wikidata CC0
矢板,야이타역,Q872871,unique_korean_label,Wikidata CC0
矢部,야베역,Q844663,unique_korean_label,Wikidata CC0
矢幅,야하바역,Q899791,unique_korean_label,Wikidata CC0
矢本,야모토역,Q8048091,unique_korean_label,Wikidata CC0
矢野,야노역,Q11584457,unique_korean_label,Wikidata CC0
矢野口,야노쿠치역,Q5366316,unique_korean_label,Wikidata CC0
厄神,야쿠진역,Q1000516,unique_korean_label,Wikidata CC0
薬院,야쿠인역,Q995628,unique_korean_label,Wikidata CC0
薬院大通,야쿠인오도리역,Q4357438,unique_korean_label,Wikidata CC0
薬園台,야쿠엔다이역,Q8047226,unique_korean_label,Wikidata CC0
薬師堂,야쿠시도역,Q11622441,unique_korean_label,Wikidata CC0
柳,야나기역,Q8048223,unique_korean_label,Wikidata CC0
柳ケ浦,야나기가우라역,Q5360192,unique_korean_label,Wikidata CC0
柳井,야나이역,Q5357965,unique_korean_label,Wikidata CC0
柳井港,야나이미나토역,Q5357645,unique_korean_label,Wikidata CC0
柳原,야나기하라역,Q898944,unique_korean_label,Wikidata CC0
柳小路,야나기코지역,Q859740,unique_korean_label,Wikidata CC0
柳瀬川,야나세가와역,Q8048266,unique_korean_label,Wikidata CC0
柳生,야규역,Q11534548,unique_korean_label,Wikidata CC0
柳津,야나이즈역,Q8048245,unique_korean_label,Wikidata CC0
柳田,야나기타역,Q8048234,unique_korean_label,Wikidata CC0
柳本,야나기모토역,Q4188827,unique_korean_label,Wikidata CC0
鑓見内,야리미나이역,Q8049341,unique_korean_label,Wikidata CC0
油川,아부라카와역,Q4670655,unique_korean_label,Wikidata CC0
油津,아부라쓰역,Q4670658,unique_korean_label,Wikidata CC0
油田,아부라덴역,Q4670654,unique_korean_label,Wikidata CC0
油島,유시마역,Q899240,unique_korean_label,Wikidata CC0
油日,아부라히역,Q4670656,unique_korean_label,Wikidata CC0
油木,유키역,Q8060667,unique_korean_label,Wikidata CC0
勇知,유치역,Q8062714,unique_korean_label,Wikidata CC0
勇払,유후쓰역,Q11399956,unique_korean_label,Wikidata CC0
友部,도모베역,Q5362908,unique_korean_label,Wikidata CC0
揖屋,이야역,Q5357033,unique_korean_label,Wikidata CC0
揖斐,이비역,Q5984029,unique_korean_label,Wikidata CC0
有井,아리이역,Q4790602,unique_korean_label,Wikidata CC0
有家,우게역,Q6543308,unique_korean_label,Wikidata CC0
有楽町,유라쿠초역,Q801655,unique_korean_label,Wikidata CC0
有戸,아리토역,Q4791144,unique_korean_label,Wikidata CC0
有佐,아리사역,Q4790865,unique_korean_label,Wikidata CC0
有珠,우스역,Q7902234,unique_korean_label,Wikidata CC0
有松,아리마쓰역,Q4790691,unique_korean_label,Wikidata CC0
有田,아리타역,Q4791116,unique_korean_label,Wikidata CC0
有年,우네역,Q5360748,unique_korean_label,Wikidata CC0
有馬温泉,아리마온센역,Q4790676,unique_korean_label,Wikidata CC0
有馬口,아리마구치역,Q4790685,unique_korean_label,Wikidata CC0
有畑,아리하타역,Q4790598,unique_korean_label,Wikidata CC0
有備館,유비칸역,Q247618,unique_korean_label,Wikidata CC0
有壁,아리카베역,Q899365,unique_korean_label,Wikidata CC0
有明,아리아케역,Q17719,unique_korean_label,Wikidata CC0
有明テニスの森,아리아케테니스노모리역,Q373913,unique_korean_label,Wikidata CC0
柚須,유스역,Q8061921,unique_korean_label,Wikidata CC0
柚木,유노키역,Q8009579,unique_korean_label,Wikidata CC0
涌谷,와쿠야역,Q7961231,unique_korean_label,Wikidata CC0
由宇,유우역,Q5357881,unique_korean_label,Wikidata CC0
由岐,유키역,Q8060670,unique_korean_label,Wikidata CC0
由仁,유니역,Q8061286,unique_korean_label,Wikidata CC0
由比,유이역,Q871110,unique_korean_label,Wikidata CC0
由比ヶ浜,유이가하마역,Q859070,unique_korean_label,Wikidata CC0
由布院,유후인역,Q8060317,unique_korean_label,Wikidata CC0
由良,유라역,Q899737,unique_korean_label,Wikidata CC0
祐天寺,유텐지역,Q3178446,unique_korean_label,Wikidata CC0
遊佐,유자역,Q8062241,unique_korean_label,Wikidata CC0
邑久,오쿠역,Q3610957,unique_korean_label,Wikidata CC0
夕張,유바리역,Q8062709,unique_korean_label,Wikidata CC0
余呉,요고역,Q5365698,unique_korean_label,Wikidata CC0
余子,아마리코역,Q4207986,unique_korean_label,Wikidata CC0
余市,요이치역,Q861366,unique_korean_label,Wikidata CC0
余部,요베역,Q8054229,unique_korean_label,Wikidata CC0
余目,아마루메역,Q4740358,unique_korean_label,Wikidata CC0
与野,요노역,Q801652,unique_korean_label,Wikidata CC0
与野本町,요노혼마치역,Q844390,unique_korean_label,Wikidata CC0
誉田,혼다역,Q5353370,unique_korean_label,Wikidata CC0
様似,사마니역,Q7408595,unique_korean_label,Wikidata CC0
洋光台,요코다이역,Q844428,unique_korean_label,Wikidata CC0
用賀,요가역,Q5367233,unique_korean_label,Wikidata CC0
用宗,모치무네역,Q872051,unique_korean_label,Wikidata CC0
用瀬,모치가세역,Q3610964,unique_korean_label,Wikidata CC0
用土,요도역,Q844838,unique_korean_label,Wikidata CC0
葉多,하타역,Q5680869,unique_korean_label,Wikidata CC0
要町,가나메초역,Q128296,unique_korean_label,Wikidata CC0
要田,가나메타역,Q6360578,unique_korean_label,Wikidata CC0
踊場,오도리바역,Q852877,unique_korean_label,Wikidata CC0
養父,야부역,Q871175,unique_korean_label,Wikidata CC0
養老,요로역,Q8062670,unique_korean_label,Wikidata CC0
淀,요도역,Q2025929,unique_korean_label,Wikidata CC0
淀屋橋,요도야바시역,Q1131721,unique_korean_label,Wikidata CC0
淀江,요도에역,Q900244,unique_korean_label,Wikidata CC0
淀川,요도가와역,Q8054295,unique_korean_label,Wikidata CC0
来宮,기노미야역,Q6414186,unique_korean_label,Wikidata CC0
来迎寺,라이코지역,Q7283860,unique_korean_label,Wikidata CC0
来待,기마치역,Q5356520,unique_korean_label,Wikidata CC0
洛西口,라쿠사이구치역,Q609427,unique_korean_label,Wikidata CC0
落居,오치이역,Q7076320,unique_korean_label,Wikidata CC0
落合,오치아이역,Q80579,unique_korean_label,Wikidata CC0
落合川,오치아이가와역,Q5359520,unique_korean_label,Wikidata CC0
落合南長崎,오치아이미나미나가사키역,Q275510,unique_korean_label,Wikidata CC0
落石,오치이시역,Q900609,unique_korean_label,Wikidata CC0
落部,오토시베역,Q864383,unique_korean_label,Wikidata CC0
乱川,미다레가와역,Q11370550,unique_korean_label,Wikidata CC0
嵐山,아라시야마역,Q4784377,unique_korean_label,Wikidata CC0
藍那,아이나역,Q8192057,unique_korean_label,Wikidata CC0
藍本,아이모토역,Q1043156,unique_korean_label,Wikidata CC0
蘭越,란코시역,Q864415,unique_korean_label,Wikidata CC0
蘭島,란시마역,Q861309,unique_korean_label,Wikidata CC0
蘭留,란루역,Q873253,unique_korean_label,Wikidata CC0
利府,리후역,Q899744,unique_korean_label,Wikidata CC0
利別,도시베쓰역,Q899665,unique_korean_label,Wikidata CC0
里庄,사토쇼역,Q5358528,unique_korean_label,Wikidata CC0
里白石,사토시라이시역,Q7426430,unique_korean_label,Wikidata CC0
陸奥横浜,무쓰요코하마역,Q6944033,unique_korean_label,Wikidata CC0
陸奥岩崎,무쓰이와사키역,Q6944024,unique_korean_label,Wikidata CC0
陸奥市川,무쓰이치카와역,Q5356831,unique_korean_label,Wikidata CC0
陸奥森田,무쓰모리타역,Q6944025,unique_korean_label,Wikidata CC0
陸奥赤石,무쓰아카이시역,Q11658608,unique_korean_label,Wikidata CC0
陸奥沢辺,무쓰사와베역,Q6944026,unique_korean_label,Wikidata CC0
陸奥鶴田,무쓰쓰루다역,Q6944031,unique_korean_label,Wikidata CC0
陸奥白浜,무쓰시라하마역,Q6944035,unique_korean_label,Wikidata CC0
陸奥湊,무쓰미나토역,Q6378996,unique_korean_label,Wikidata CC0
陸奥柳田,무쓰야나기타역,Q11658602,unique_korean_label,Wikidata CC0
陸前稲井,리쿠젠이나이역,Q7334129,unique_korean_label,Wikidata CC0
陸前原ノ町,리쿠젠하라노마치역,Q7334128,unique_korean_label,Wikidata CC0
陸前高砂,리쿠젠타카사고역,Q7334137,unique_korean_label,Wikidata CC0
陸前山王,리쿠젠산노역,Q899178,unique_korean_label,Wikidata CC0
陸前山下,리쿠젠야마시타역,Q7334146,unique_korean_label,Wikidata CC0
陸前小野,리쿠젠오노역,Q7334135,unique_korean_label,Wikidata CC0
陸前赤井,리쿠젠아카이역,Q7334125,unique_korean_label,Wikidata CC0
陸前大塚,리쿠젠오쓰카역,Q7334147,unique_korean_label,Wikidata CC0
陸前谷地,리쿠젠야치역,Q7334144,unique_korean_label,Wikidata CC0
陸前白沢,리쿠젠시라사와역,Q7334136,unique_korean_label,Wikidata CC0
陸前浜田,리쿠젠하마다역,Q7334126,unique_korean_label,Wikidata CC0
陸前富山,리쿠젠토미야마역,Q7334140,unique_korean_label,Wikidata CC0
陸前豊里,리쿠젠토요사토역,Q8191256,unique_korean_label,Wikidata CC0
陸前落合,리쿠젠오치아이역,Q7334133,unique_korean_label,Wikidata CC0
陸中夏井,리쿠추나쓰이역,Q6543167,unique_korean_label,Wikidata CC0
陸中松川,리쿠추마쓰카와역,Q7334118,unique_korean_label,Wikidata CC0
陸中折居,리쿠추오리이역,Q899478,unique_korean_label,Wikidata CC0
陸中川井,리쿠추카와이역,Q7334116,unique_korean_label,Wikidata CC0
陸中大橋,리쿠추오하시역,Q3892975,unique_korean_label,Wikidata CC0
陸中大里,리쿠추오사토역,Q7334122,unique_korean_label,Wikidata CC0
陸中中野,리쿠추나카노역,Q6543365,unique_korean_label,Wikidata CC0
陸中八木,리쿠추야기역,Q6543180,unique_korean_label,Wikidata CC0
陸中門崎,리쿠추칸자키역,Q7334117,unique_korean_label,Wikidata CC0
立ケ花,다테가하나역,Q7687990,unique_korean_label,Wikidata CC0
立花,다치바나역,Q1038095,unique_korean_label,Wikidata CC0
立会川,다치아이가와역,Q3019280,unique_korean_label,Wikidata CC0
立間,다치마역,Q899598,unique_korean_label,Wikidata CC0
立江,다쓰에역,Q7688271,unique_korean_label,Wikidata CC0
立山,다테야마역,Q7688024,unique_korean_label,Wikidata CC0
立小路,다치코지역,Q1826273,unique_korean_label,Wikidata CC0
立場,다테바역,Q573441,unique_korean_label,Wikidata CC0
立石,다테이시역,Q5360312,unique_korean_label,Wikidata CC0
立川,다치카와역,Q801501,unique_korean_label,Wikidata CC0
立川南,다치카와미나미역,Q844178,unique_korean_label,Wikidata CC0
立川北,다치카와키타역,Q844136,unique_korean_label,Wikidata CC0
立川目,다테카와메역,Q7687999,unique_korean_label,Wikidata CC0
立道,다쓰미치역,Q7688301,unique_korean_label,Wikidata CC0
立飛,다치히역,Q7673726,unique_korean_label,Wikidata CC0
立木,다치키역,Q871559,unique_korean_label,Wikidata CC0
立野,다테노역,Q7688002,unique_korean_label,Wikidata CC0
流山おおたかの森,나가레야마오타카노모리역,Q841689,unique_korean_label,Wikidata CC0
流山セントラルパーク,나가레야마 센트럴 파크역,Q850570,unique_korean_label,Wikidata CC0
流山温泉,나가레야마온센역,Q875442,unique_korean_label,Wikidata CC0
流通センター,류쓰 센터역,Q5367298,unique_korean_label,Wikidata CC0
溜池山王,다메이케산노역,Q277208,unique_korean_label,Wikidata CC0
留辺蘂,루베시베역,Q8189517,unique_korean_label,Wikidata CC0
留萌,루모이역,Q1590680,unique_korean_label,Wikidata CC0
竜ヶ崎,류가사키역,Q7385617,unique_korean_label,Wikidata CC0
竜ケ水,류가미즈역,Q5373890,unique_korean_label,Wikidata CC0
竜王,류오역,Q7385664,unique_korean_label,Wikidata CC0
竜田,다쓰타역,Q7688340,unique_korean_label,Wikidata CC0
竜田口,다쓰타구치역,Q7688344,unique_korean_label,Wikidata CC0
竜田川,다쓰타가와역,Q7688343,unique_korean_label,Wikidata CC0
竜舞,류마이역,Q7385630,unique_korean_label,Wikidata CC0
竜野,다쓰노역,Q5366259,unique_korean_label,Wikidata CC0
龍岡城,다쓰오카조역,Q7688330,unique_korean_label,Wikidata CC0
龍谷大前深草,후카쿠사 역,Q1004269,unique_korean_label,Wikidata CC0
両国,료고쿠역,Q801389,unique_korean_label,Wikidata CC0
梁瀬,야나세역,Q870907,unique_korean_label,Wikidata CC0
梁川,야나가와역,Q8017468,unique_korean_label,Wikidata CC0
良川,요시카와역,Q8056106,unique_korean_label,Wikidata CC0
緑,미도리역,Q8191033,unique_korean_label,Wikidata CC0
緑が丘,미도리가오카역,Q6842938,unique_korean_label,Wikidata CC0
緑井,미도리이역,Q6842940,unique_korean_label,Wikidata CC0
緑園都市,료쿠엔토시역,Q7385303,unique_korean_label,Wikidata CC0
緑橋,미도리바시역,Q1131699,unique_korean_label,Wikidata CC0
緑川,미도리카와역,Q6842946,unique_korean_label,Wikidata CC0
緑地公園,료쿠치코엔역,Q59455,unique_korean_label,Wikidata CC0
緑町,미도리초역,Q11607855,unique_korean_label,Wikidata CC0
林,하야시역,Q11533385,unique_korean_label,Wikidata CC0
林間田園都市,린칸덴엔토시역,Q7335047,unique_korean_label,Wikidata CC0
林崎,하야시자키역,Q5686071,unique_korean_label,Wikidata CC0
林崎松江海岸,하야시사키마쓰에카이간역,Q5686059,unique_korean_label,Wikidata CC0
林道,하야시미치역,Q11533344,unique_korean_label,Wikidata CC0
林野,하야시노역,Q3661736,unique_korean_label,Wikidata CC0
輪西,와니시역,Q7967945,unique_korean_label,Wikidata CC0
令和コスタ行橋,레이와코스타유쿠하시역,Q64858934,unique_korean_label,Wikidata CC0
冷水浦,시미즈우라역,Q3381845,unique_korean_label,Wikidata CC0
礼拝,라이하이역,Q7283837,unique_korean_label,Wikidata CC0
礼文,레분역,Q7302234,unique_korean_label,Wikidata CC0
鈴鹿市,스즈카시역,Q11649493,unique_korean_label,Wikidata CC0
鈴木町,스즈키초역,Q7651381,unique_korean_label,Wikidata CC0
鈴蘭台,스즈란다이역,Q7651395,unique_korean_label,Wikidata CC0
鈴蘭台西口,스즈란다이니시구치역,Q7651392,unique_korean_label,Wikidata CC0
恋ヶ窪,고이가쿠보역,Q6426270,unique_korean_label,Wikidata CC0
恋山形,고이야마가타역,Q6426389,unique_korean_label,Wikidata CC0
練馬,네리마역,Q134373840,unique_korean_label,Wikidata CC0
練馬高野台,네리마타카노다이역,Q843164,unique_korean_label,Wikidata CC0
練馬春日町,네리마카스가초역,Q275521,unique_korean_label,Wikidata CC0
蓮,하치스역,Q5637088,unique_korean_label,Wikidata CC0
蓮ケ池,하스가이케역,Q5357244,unique_korean_label,Wikidata CC0
蓮花寺,렌게지역,Q11621733,unique_korean_label,Wikidata CC0
蓮根,하스네역,Q1038786,unique_korean_label,Wikidata CC0
蓮沼,하스누마역,Q5680732,unique_korean_label,Wikidata CC0
蓮台寺,렌다이지역,Q7312783,unique_korean_label,Wikidata CC0
蓮田,하스다역,Q872705,unique_korean_label,Wikidata CC0
連坊,렌보역,Q11639873,unique_korean_label,Wikidata CC0
浪岡,나미오카역,Q6961895,unique_korean_label,Wikidata CC0
浪花,나미하나역,Q552791,unique_korean_label,Wikidata CC0
浪江,나미에역,Q6961838,unique_korean_label,Wikidata CC0
六浦,무쓰우라역,Q11312859,unique_korean_label,Wikidata CC0
六会日大前,무쓰아이 니치다이 앞역,Q4309032,unique_korean_label,Wikidata CC0
六郷土手,로쿠고도테역,Q7360103,unique_korean_label,Wikidata CC0
六軒,롯켄역,Q5357848,unique_korean_label,Wikidata CC0
六原,로쿠하라역,Q899652,unique_korean_label,Wikidata CC0
六甲,롯코역,Q3970702,unique_korean_label,Wikidata CC0
六甲道,롯코미치역,Q1042660,unique_korean_label,Wikidata CC0
六合,로쿠고역,Q872006,unique_korean_label,Wikidata CC0
六実,무쓰미역,Q11392323,unique_korean_label,Wikidata CC0
六十谷,무소타역,Q857433,unique_korean_label,Wikidata CC0
六条,로쿠조역,Q7360105,unique_korean_label,Wikidata CC0
六地蔵,로쿠지조역,Q1134785,unique_korean_label,Wikidata CC0
六丁の目,로쿠초노메역,Q11392266,unique_korean_label,Wikidata CC0
六町,로쿠초역,Q5369300,unique_korean_label,Wikidata CC0
六田,무다역,Q6931506,unique_korean_label,Wikidata CC0
六日町,무이카마치역,Q3660544,unique_korean_label,Wikidata CC0
六反地,로쿠탄지역,Q10893121,unique_korean_label,Wikidata CC0
六番町,로쿠반초역,Q7360096,unique_korean_label,Wikidata CC0
六本松,롯폰마쓰역,Q4357453,unique_korean_label,Wikidata CC0
六本木,롯폰기역,Q1326723,unique_korean_label,Wikidata CC0
六本木一丁目,롯폰기 1초메 역,Q1073717,unique_korean_label,Wikidata CC0
六万寺,로쿠만지역,Q11392268,unique_korean_label,Wikidata CC0
六名,무쓰나역,Q6944057,unique_korean_label,Wikidata CC0
六輪,로쿠와역,Q7360114,unique_korean_label,Wikidata CC0
和歌山,와카야마역,Q1044107,unique_korean_label,Wikidata CC0
和歌山港,와카야마코역,Q7960873,unique_korean_label,Wikidata CC0
和歌山市,와카야마시역,Q3455721,unique_korean_label,Wikidata CC0
和歌山大学前,와카야마다이가쿠마에역,Q7960872,unique_korean_label,Wikidata CC0
和賀仙人,와카센닌역,Q7960735,unique_korean_label,Wikidata CC0
和寒,왓사무역,Q900355,unique_korean_label,Wikidata CC0
和気,와케역,Q7960956,unique_korean_label,Wikidata CC0
和戸,와도역,Q7959314,unique_korean_label,Wikidata CC0
和光市,와코시역,Q128298,unique_korean_label,Wikidata CC0
和佐,와사역,Q2898336,unique_korean_label,Wikidata CC0
和深,와부카역,Q2748618,unique_korean_label,Wikidata CC0
和泉橋本,이즈미하시모토역,Q898395,unique_korean_label,Wikidata CC0
和泉砂川,이즈미스나가와역,Q857378,unique_korean_label,Wikidata CC0
和泉多摩川,이즈미타마가와역,Q4197917,unique_korean_label,Wikidata CC0
和泉大宮,이즈미오미야역,Q6102276,unique_korean_label,Wikidata CC0
和泉中央,이즈미추오역,Q6102264,unique_korean_label,Wikidata CC0
和泉鳥取,이즈미톳토리역,Q856960,unique_korean_label,Wikidata CC0
和泉府中,이즈미후추역,Q856928,unique_korean_label,Wikidata CC0
和倉温泉,와쿠라온센역,Q6138219,unique_korean_label,Wikidata CC0
和多田,와타다역,Q7972973,unique_korean_label,Wikidata CC0
和知,와치역,Q870939,unique_korean_label,Wikidata CC0
和田,와다역,Q7958926,unique_korean_label,Wikidata CC0
和田浦,와다우라역,Q553736,unique_korean_label,Wikidata CC0
和田河原,와다가하라역,Q254831,unique_korean_label,Wikidata CC0
和田山,와다야마역,Q871879,unique_korean_label,Wikidata CC0
和田町,와다마치역,Q7958950,unique_korean_label,Wikidata CC0
和田塚,와다즈카역,Q858969,unique_korean_label,Wikidata CC0
和田浜,와다하마역,Q4207602,unique_korean_label,Wikidata CC0
和銅黒谷,와도쿠로야역,Q7959369,unique_korean_label,Wikidata CC0
和白,와지로역,Q7960723,unique_korean_label,Wikidata CC0
和木,와키역,Q5358372,unique_korean_label,Wikidata CC0
和渕,와부치역,Q7958714,unique_korean_label,Wikidata CC0
和邇,와니역,Q5365302,unique_korean_label,Wikidata CC0
脇本,와키모토역,Q7961150,unique_korean_label,Wikidata CC0
鷲宮,와시노미야역,Q844040,unique_korean_label,Wikidata CC0
鷲津,와시즈역,Q871417,unique_korean_label,Wikidata CC0
鷲別,와시베쓰역,Q7971497,unique_korean_label,Wikidata CC0
亘理,와타리역,Q7973005,unique_korean_label,Wikidata CC0
詫間,다쿠마역,Q5358539,unique_korean_label,Wikidata CC0
蕨,와라비역,Q786349,unique_korean_label,Wikidata CC0
偕楽園,가이라쿠엔역,Q6348234,unique_korean_label,Wikidata CC0
壺阪山,쓰보사카야마역,Q7849910,unique_korean_label,Wikidata CC0
壺川,쓰보가와역,Q7571705,unique_korean_label,Wikidata CC0
姨捨,오바스테역,Q3883282,unique_korean_label,Wikidata CC0
屏風浦,뵤부가우라역,Q5004739,unique_korean_label,Wikidata CC0
掖上,와키가미역,Q3615316,unique_korean_label,Wikidata CC0
暘谷,요코쿠역,Q5359777,unique_korean_label,Wikidata CC0
椥辻,나기쓰지역,Q2531634,unique_korean_label,Wikidata CC0
楡原,니레하라역,Q7039946,unique_korean_label,Wikidata CC0
楡木,니레기역,Q7039945,unique_korean_label,Wikidata CC0
榴ケ岡,쓰쓰지가오카역,Q7850350,unique_korean_label,Wikidata CC0
樅山,모미야마역,Q6897322,unique_korean_label,Wikidata CC0
櫟本,이치노모토역,Q3936059,unique_korean_label,Wikidata CC0
渕高,후치다카역,Q5506923,unique_korean_label,Wikidata CC0
涸沼,히누마역,Q5767758,unique_korean_label,Wikidata CC0
猊鼻渓,게이비케역,Q5530099,unique_korean_label,Wikidata CC0
獨協大学前,돗쿄다이가쿠마에역,Q6788024,unique_korean_label,Wikidata CC0
筬島,오사시마역,Q7105719,unique_korean_label,Wikidata CC0
籠原,가고하라역,Q845092,unique_korean_label,Wikidata CC0
簗場,야나바역,Q8048215,unique_korean_label,Wikidata CC0
糀谷,고지야역,Q5361691,unique_korean_label,Wikidata CC0
聚楽園,슈라쿠엔역,Q11611175,unique_korean_label,Wikidata CC0
艫作,헤나시역,Q5713066,unique_korean_label,Wikidata CC0
茗荷谷,묘가다니역,Q1078367,unique_korean_label,Wikidata CC0
葭川公園,요시카와코엔역,Q11621166,unique_korean_label,Wikidata CC0
葭池温泉前,요시이케온센마에역,Q8013211,unique_korean_label,Wikidata CC0
薊野,아조노역,Q4833213,unique_korean_label,Wikidata CC0
藪原,야부하라역,Q5359446,unique_korean_label,Wikidata CC0
藪神,야부카미역,Q8046393,unique_korean_label,Wikidata CC0
藪塚,야부즈카역,Q8046412,unique_korean_label,Wikidata CC0
螢田,호타루다역,Q4500301,unique_korean_label,Wikidata CC0
蟇目,히키메역,Q5760565,unique_korean_label,Wikidata CC0
諫早,이사하야역,Q901393,unique_korean_label,Wikidata CC0
贄川,니에카와역,Q8009594,unique_korean_label,Wikidata CC0
鍼灸大学前,신큐다이가쿠마에역,Q871093,unique_korean_label,Wikidata CC0
頸城大野,구비키오노역,Q11664980,unique_korean_label,Wikidata CC0
飫肥,오비역,Q7074922,unique_korean_label,Wikidata CC0
餘部,아마루베역,Q870934,unique_korean_label,Wikidata CC0
驫木,도도로키역,Q7812853,unique_korean_label,Wikidata CC0
鰺ケ沢,아지가사와역,Q4699731,unique_korean_label,Wikidata CC0
鯰田,나마즈타역,Q6961361,unique_korean_label,Wikidata CC0
鶯巣,우구스역,Q894431,unique_korean_label,Wikidata CC0
鶯谷,우구이스다니역,Q801546,unique_korean_label,Wikidata CC0
鶯野,우구이스노역,Q7877931,unique_korean_label,Wikidata CC0
鵯越,히요도리고에역,Q5872940,unique_korean_label,Wikidata CC0
